FID,fldCruiseName,fldPrimeStation,fldGearCode,fldShotDepth,fldHaulDepth,fldCruiseStationNumber,HaulCnt,Gear_Type,SweepLngt,fldICESRectangle,fldValidityCode,fldDateTimeShot,TowDurationMin,fldShotLatDecimalDegrees,fldShotLonDecimalDegrees,fldHaulLatDecimalDegrees,fldHaulLonDecimalDegrees,fldStratum,DoorSpread,fldWingSpread,fldHeadlineHeight,Dist_Nmi,Dist_Km,AreaKmSq,ObsVal,SweepAngle,Warp,Heave_m,Pitch_deg,Roll_deg,WindSpeed_Kts,fldGearDamage,fldStationComment,LoadDate
1545,IGFS2003,54,101010101,90.8,89,88,1,Groundgear_A,Long,3.10E+02,V,16/11/2003 9:58,30,51.429,-8.591,51.422,-8.636,VIIgMedium,118,21,4,1.738464382,3.225351358,0.38059146,Y,21.92655208,440,NA,NA,NA,9,"Nil
","Nil
",03:20.3
1546,IGFS2003,64,101010101,100,100,89,1,Groundgear_A,Long,3.10E+02,V,16/11/2003 11:57,30,51.261,-8.73,51.26,-8.681,VIIgMedium,123,22,3,1.844564906,3.422198341,0.420930396,Y,22.90724974,460,NA,NA,NA,7,"Nil
","Nil
",03:20.3
1547,IGFS2003,CC310,101010101,98.1,101,90,1,Groundgear_A,Long,3.10E+02,V,16/11/2003 13:45,30,51.198,-8.548,51.178,-8.586,VIIgMedium,125,21,5,1.867846082,3.465391618,0.433173952,Y,23.30150455,460,NA,NA,NA,NA,"Nil
","Nil
",03:20.3
1458,IGFS2003,95,101010101,147,147,1,1,Groundgear_A,Long,36D9,V,31/10/2003 13:49,30,53.747,-10.863,53.713,-10.877,VIIbDeep,122,21,4,2.099605375,3.895371754,0.475235354,Y,22.71055277,,NA,NA,NA,NA,"Gear:			Smooth GOV, 100m sweeps, all Scanmar sensors except catch sensor
Modifications made:	Pulled crimp on bridle was spliced and short chain extension added
Doors very unstable, increased attack angle needed. VALID HAUL","Gear:			Smooth GOV, 100m sweeps, all Scanmar sensors except catch sensor
Modifications made:	Pulled crimp on bridle was spliced and short chain extension added
Doors very unstable, increased attack angle needed. VALID HAUL",03:20.3
1459,IGFS2003,MB1,101010101,173,173,2,1,Groundgear_A,Long,36D8,V,31/10/2003 16:43,30,53.811,-11.069,53.842,-11.042,VIIbDeep,133,23,5,2.092117008,3.881478679,0.516236664,Y,24.89054181,,NA,NA,NA,NA,"Nil
","Nil
",03:20.3
1460,IGFS2003,26,101020101,95,95,3,1,Groundgear_D,Long,3.80E+01,V,22/10/2003 8:16,31,54.776,-9.649,54.801,-9.604,VIaMedium,103,20,5,2.164423871,4.015628704,0.413609757,Y,19.02310202,,NA,NA,NA,NA,"Doors swimming, and spread low, need to take in another link on back-straps. Short lift-off with increase in vessel speed. 
","Doors swimming, and spread low, need to take in another link on back-straps. Short lift-off with increase in vessel speed. 
",03:20.3
1461,IGFS2003,27,101020101,90,90,4,1,Groundgear_D,Long,3.80E+01,V,22/10/2003 10:49,30,54.967,-9.398,54.996,-9.42,VIaMedium,97,19,6,1.898498006,3.522259752,0.341659196,Y,17.87624306,,NA,NA,NA,NA,"Wing end spreads very unstable. 
","Wing end spreads very unstable. 
",03:20.3
1462,IGFS2003,28,101020101,117,117,5,1,Groundgear_D,Long,3.90E+01,V,22/10/2003 13:00,30,55.109,-9.558,55.119,-9.509,VIaMedium,102,20,6.5,1.78898595,3.319083395,0.338546506,Y,18.83142227,,NA,NA,NA,NA,"Headline consistently high, need to give more spread to the doors.","Headline consistently high, need to give more spread to the doors.",03:20.3
1463,IGFS2003,29,101020101,105,105,6,1,Groundgear_D,Long,3.90E+01,I,22/10/2003 14:49,31,55.157,-9.362,55.192,-9.359,VIaMedium,100,20,6,2.102704659,3.901121817,0.390112182,Y,18.44871523,,NA,NA,NA,NA,"10m tear along wing. INVALID HAUL

Benthic Grab and Stationary Vessel Profile taken.
Steamed overnight taking Multi-beam swathes along 3 prospective tows.
","10m tear along wing. INVALID HAUL

Benthic Grab and Stationary Vessel Profile taken.
Steamed overnight taking Multi-beam swathes along 3 prospective tows.
",03:20.3
1464,IGFS2003,5,101020101,118,118,7,1,Groundgear_D,Long,4.00E+01,V,23/10/2003 8:05,30,55.735,-9.101,55.715,-9.144,VIaMedium,100,17,6,1.88716706,3.501237588,0.350123759,Y,18.44871523,,NA,NA,NA,NA,"Overshot known tow, Stability very sensitive to vessel speed. ","Overshot known tow, Stability very sensitive to vessel speed. ",03:20.3
1465,IGFS2003,6,101020101,105,105,8,1,Groundgear_D,Long,4.00E+02,V,23/10/2003 10:01,30,55.651,-8.912,55.633,-8.875,VIaMedium,95,17,6,1.656427877,3.07315005,0.291949255,Y,17.49562121,,NA,NA,NA,NA,"Seemed to come fast halfway through tow, tensions went up on warps, small tear in port wing end, swivel sleeves in groundrope are not surrounded by washers, allowing rubbers to ride up over sleeves and clamp onto chain preventing movement. ","Seemed to come fast halfway through tow, tensions went up on warps, small tear in port wing end, swivel sleeves in groundrope are not surrounded by washers, allowing rubbers to ride up over sleeves and clamp onto chain preventing movement. ",03:20.3
1466,IGFS2003,R213,101020101,105,105,9,1,Groundgear_D,Long,4.00E+01,V,23/10/2003 12:28,37,55.612,-9.166,55.579,-9.152,VIaMedium,90,18,6,2.03664499,3.778562133,0.340070592,Y,16.54749928,,NA,NA,NA,NA,Another small tear in port wing end. ,Another small tear in port wing end. ,03:20.3
1467,IGFS2003,R210,101020101,105,105,10,1,Groundgear_D,Long,3.90E+01,V,23/10/2003 14:40,30,55.43,-9.253,55.402,-9.252,VIaDeep,100,20,6,1.680556779,3.117916101,0.31179161,Y,18.44871523,,NA,NA,NA,NA,Nil,Nil,03:20.3
1468,IGFS2003,R217,101020101,108,108,11,1,Groundgear_D,Long,3.90E+01,V,23/10/2003 16:00,34,55.357,-9.297,55.333,-9.341,VIaMedium,100,19,5,2.082785513,3.864166072,0.386416607,Y,18.44871523,,NA,NA,NA,NA,"Rockhopper GOV taken from the drum and put in creel, arrangements made to have the net and groundgear sent back to IC trawl to be rebuilt.","Rockhopper GOV taken from the drum and put in creel, arrangements made to have the net and groundgear sent back to IC trawl to be rebuilt.",03:20.3
1469,IGFS2003,2,101010101,145,145,12,1,Groundgear_A,Long,4.10E+02,V,24/10/2003 7:34,29,56.315,-8.326,56.319,-8.287,VIaDeep,118,21,6,1.322769447,2.454117713,0.28958589,Y,21.92655208,,NA,NA,NA,NA,"Nil
","Nil
",03:20.3
1470,IGFS2003,1,101010101,175,175,13,1,Groundgear_A,Long,4.10E+02,V,24/10/2003 9:18,30,56.327,-8.062,56.33,-7.99,VIaDeep,113,21,5,2.407502211,4.466608927,0.504726809,Y,20.95256612,,NA,NA,NA,NA,"Nil
","Nil
",03:20.3
1471,IGFS2003,MB2,101010101,100,100,14,1,Groundgear_A,Long,4.10E+03,V,24/10/2003 11:55,30,56.212,-7.753,56.189,-7.796,VIaMedium,109,20,5,1.993710846,3.698906949,0.403180857,Y,20.17793229,,NA,NA,NA,NA,"Depth decreasing throughout tow warp length shortened to 390m 15 minutes into tow. 
","Depth decreasing throughout tow warp length shortened to 390m 15 minutes into tow. 
",03:20.3
1472,IGFS2003,93,101010101,88,88,15,1,Groundgear_A,Long,4.10E+03,V,24/10/2003 14:25,31,56.213,-7.298,56.221,-7.248,VIaMedium,108,20,5,1.739618829,3.227493189,0.348569264,Y,19.98487997,,NA,NA,NA,NA,"Nil
","Nil
",03:20.3
1473,IGFS2003,3,101010101,155,155,16,1,Groundgear_A,Long,4.10E+02,V,25/10/2003 6:53,30,56.072,-8.272,56.063,-8.226,VIaDeep,119,21,4,1.636001843,3.035253883,0.361195212,Y,22.12214112,,NA,NA,NA,NA,"Nil
","Nil
",03:20.3
1474,IGFS2003,MB3,101010101,152,152,17,1,Groundgear_A,Long,4.10E+02,V,25/10/2003 8:40,31,56,-8.217,56.019,-8.179,VIaDeep,124,23,5,1.712448127,3.177083724,0.393958382,Y,23.10423247,,NA,NA,NA,NA,"Nil
","Nil
",03:20.3
1475,IGFS2003,MB4,101010101,158,158,18,1,Groundgear_A,Long,4.00E+03,V,25/10/2003 10:47,32,55.981,-7.849,56,-7.803,VIaDeep,123,21,4,1.922094918,3.566038809,0.438622774,Y,22.90724974,,NA,NA,NA,NA,"Nil
","Nil
",03:20.3
1476,IGFS2003,MB5,101010101,160,160,19,1,Groundgear_A,Long,4.00E+03,V,25/10/2003 12:42,30,55.916,-7.997,55.907,-7.935,VIaDeep,123,21,5,2.158471725,4.004585761,0.492564049,Y,22.90724974,,NA,NA,NA,NA,"Nil
","Nil
",03:20.3
1477,IGFS2003,MB6,101010101,134,134,20,1,Groundgear_A,Long,4.00E+03,V,25/10/2003 14:20,30,55.855,-7.745,55.838,-7.744,VIaDeep,124,21,5,1.020758117,1.893799846,0.234831181,Y,23.10423247,,NA,NA,NA,NA,"Nil
","Nil
",03:20.3
1478,IGFS2003,31,101010101,53.4,53.4,21,1,Groundgear_A,Short,4.00E+03,V,25/10/2003 17:05,30,55.693,-7.203,55.663,-7.221,VIaCoast,69,20,5,1.900954005,3.526816336,0.243350327,Y,19.56958606,,NA,NA,NA,NA,"No evening grab or SVP taken - weather too rough.
Steamed overnight towards Sheephaven Bay, taking multibeam swathes along the way","No evening grab or SVP taken - weather too rough.
Steamed overnight towards Sheephaven Bay, taking multibeam swathes along the way",03:20.3
1479,IGFS2003,10,101010101,20,20,22,1,Groundgear_A,Short,3.90E+03,V,26/10/2003 7:58,32,55.202,-7.908,55.222,-7.939,VIaCoast,45,18,NA,1.603613937,2.975165004,0.133882425,Y,12.61781083,,NA,NA,NA,NA,"Nil
","Nil
",03:20.3
1480,IGFS2003,MB7,101010101,57,57,23,1,Groundgear_A,Short,4.00E+03,V,26/10/2003 10:58,31,55.515,-7.688,55.511,-7.767,VIaCoast,73,20,6,2.700745305,5.010659194,0.365778121,Y,20.75477265,,NA,NA,NA,NA,"Trawleye battery showed only 3 lights, removed battery for charging. Trawleye display but no readings.","Trawleye battery showed only 3 lights, removed battery for charging. Trawleye display but no readings.",03:20.3
1481,IGFS2003,MB8,101010101,63,63,24,1,Groundgear_A,Short,3.90E+03,I,26/10/2003 13:32,30,55.398,-7.996,55.387,-7.932,VIaCoast,79,19,5,2.283426845,4.236413442,0.334676662,Y,22.55034879,,NA,NA,NA,NA,Trawleye gave no readings once well astern of ship. Trawleye display but no readings. ,Trawleye gave no readings once well astern of ship. Trawleye display but no readings. ,03:20.3
1482,IGFS2003,12,101010101,94,94,25,1,Groundgear_A,Long,3.90E+02,V,26/10/2003 17:18,30,55.387,-8.493,55.35,-8.475,VIaMedium,105,20,5,2.303906933,4.274409894,0.448813039,Y,19.40712849,,NA,NA,NA,NA,Trawleye gave no readings once well astern of ship. Trawleye display but no readings. ,Trawleye gave no readings once well astern of ship. Trawleye display but no readings. ,03:20.3
1483,IGFS2003,13,101010101,85,85,26,1,Groundgear_A,Long,3.80E+02,V,27/10/2003 7:18,31,54.574,-8.928,54.605,-8.966,VIaMedium,100,20,5,2.283132665,4.235867652,0.423586765,Y,18.44871523,,NA,NA,NA,NA,"Trawleye display but no readings, other readings very stable. Torn net mended on deck.
","Trawleye display but no readings, other readings very stable. Torn net mended on deck.
",03:20.3
1484,IGFS2003,MB9,101010101,78,78,27,1,Groundgear_A,Short,3.80E+02,V,27/10/2003 11:12,31,54.557,-8.815,54.538,-8.867,VIaCoast,100,20,5,2.142256485,3.974501827,0.397450183,Y,29.04110043,,NA,NA,NA,NA,"Trawleye display but no readings, other readings very stable.","Trawleye display but no readings, other readings very stable.",03:20.3
1485,IGFS2003,17,101010101,66,66,28,1,Groundgear_A,Short,3.70E+02,V,27/10/2003 14:03,30,54.493,-8.792,54.493,-8.748,VIIbCoast,74,19,6,1.536761628,2.851134745,0.210983971,Y,21.05250394,,NA,NA,NA,NA,"Trawleye display but no readings, Trawlsounder giving inconsistent readings, other readings very stable. ","Trawleye display but no readings, Trawlsounder giving inconsistent readings, other readings very stable. ",03:20.3
1486,IGFS2003,15,101010101,54,54,29,1,Groundgear_A,Short,3.80E+02,V,27/10/2003 15:29,30,54.518,-8.583,54.519,-8.53,VIaCoast,72,18,6,1.850919672,3.433988261,0.247247155,Y,20.45762651,,NA,NA,NA,NA,"Trawleye display but no readings, other readings very stable. ","Trawleye display but no readings, other readings very stable. ",03:20.3
1548,IGFS2003,63,101010101,102,101,91,1,Groundgear_A,Long,3.10E+02,V,16/11/2003 15:14,30,51.109,-8.536,51.089,-8.51,VIIgMedium,115,21,3,1.549810339,2.875343857,0.330664544,Y,21.34138194,470,NA,NA,NA,11,"Nil
","Nil
",03:20.3
1549,IGFS2003,FG16,101010101,101,101,92,1,Groundgear_A,Long,3.10E+02,V,16/11/2003 16:56,28,51.092,-8.262,51.105,-8.226,VIIgMedium,120,22,5,1.566898895,2.907048043,0.348845765,Y,22.31800195,470,NA,NA,NA,13,"Nil
","Nil
",03:20.3
1487,IGFS2003,14,101010101,34,34,30,1,Groundgear_A,Short,3.80E+02,V,27/10/2003 16:49,26,54.575,-8.387,54.596,-8.342,VIaCoast,80,19,5,2.011620349,3.732134228,0.298570738,Y,22.85184029,,NA,NA,NA,NA,"Trawleye display no readings, all other readings very stable during main part of the tow. Haul terminated 4 minutes early, due to abrupt increase in headline height seen on both trawleye display and trawlsounder","Trawleye display no readings, all other readings very stable during main part of the tow. Haul terminated 4 minutes early, due to abrupt increase in headline height seen on both trawleye display and trawlsounder",03:20.3
1488,IGFS2003,20,101010101,45,45,31,1,Groundgear_A,Short,3.70E+01,V,28/10/2003 7:34,30,54.349,-9.692,54.341,-9.645,VIIbCoast,66,17,7,1.715959306,3.18359797,0.210117466,Y,18.68641224,,NA,NA,NA,NA,"Trawleye display but no readings, all other readings very stable.","Trawleye display but no readings, all other readings very stable.",03:20.3
1489,IGFS2003,MB10,101010101,83,83,32,1,Groundgear_A,Long,3.70E+01,V,28/10/2003 9:48,30,54.47,-9.42,54.495,-9.467,VIIbMedium,103,19,5,2.223939,4.126046382,0.424982777,Y,19.02310202,,NA,NA,NA,NA,"Nil
","Nil
",03:20.3
1490,IGFS2003,MB11,101010101,92,92,33,1,Groundgear_A,Long,3.80E+01,V,28/10/2003 11:31,30,54.502,-9.69,54.497,-9.738,VIaMedium,106,20,5,1.702834651,3.159247961,0.334880284,Y,19.5994811,,NA,NA,NA,NA,"Nil
","Nil
",03:20.3
1491,IGFS2003,25,101010101,40,40,34,1,Groundgear_A,Short,3.70E+01,V,28/10/2003 13:55,29,54.292,-9.933,54.319,-9.923,VIIbCoast,69,18,6,1.657465972,3.075076014,0.212180245,Y,19.56958606,,NA,NA,NA,NA,"Warp lengthened to 180m halfway through tow, due to increasing depth","Warp lengthened to 180m halfway through tow, due to increasing depth",03:20.3
1492,IGFS2003,22,101010101,113,113,35,1,Groundgear_A,Long,37D9,V,28/10/2003 16:21,30,54.302,-10.314,54.286,-10.373,VIIbMedium,119,22,5,2.282343939,4.23440434,0.503894116,Y,22.12214112,,NA,NA,NA,NA,No shine on link in bridles indicating poor contact of bridles with bottom. ,No shine on link in bridles indicating poor contact of bridles with bottom. ,03:20.3
1493,IGFS2003,52,101010101,120,120,36,1,Groundgear_A,Long,35D9,V,29/10/2003 8:03,31,53.166,-10.716,53.147,-10.775,VIIbDeep,120,21,5,2.413371616,4.47749836,0.537299803,Y,22.31800195,,NA,NA,NA,NA,Float burst on hauling net onto drum. ,Float burst on hauling net onto drum.,03:20.3
1494,IGFS2003,51,101010101,125,125,37,1,Groundgear_A,Long,35D9,V,29/10/2003 10:39,32,53.039,-10.926,53.069,-10.877,VIIbDeep,118,21,4,2.524779834,4.684192641,0.552734732,Y,21.92655208,,NA,NA,NA,NA,"Had 20 m more warp out on Starboard warp late in tow, lost door spread temporarily and increased headline height. ","Had 20 m more warp out on Starboard warp late in tow, lost door spread temporarily and increased headline height.",03:20.3
1495,IGFS2003,MB12,101010101,127,127,38,1,Groundgear_A,Long,35D9,V,29/10/2003 12:19,31,53.078,-10.941,53.091,-10.983,VIIbDeep,118,21,5,1.70558332,3.164347533,0.373393009,Y,21.92655208,,NA,NA,NA,NA,"Nil
","Nil
",03:20.3
1496,IGFS2003,89,101010101,140,140,39,1,Groundgear_A,Long,35D8,V,29/10/2003 15:33,30,53.214,-11.246,53.229,-11.206,VIIbDeep,118,21,5,1.698052474,3.150375647,0.371744326,Y,21.92655208,,NA,NA,NA,NA,"Nil
","Nil
",03:20.3
1497,IGFS2003,MB13,101010101,132,132,40,1,Groundgear_A,Long,35D9,V,29/10/2003 17:24,31,53.253,-10.99,53.284,-10.973,VIIbDeep,112,20,5,1.957483963,3.631695663,0.406749914,Y,20.75853772,,NA,NA,NA,NA,"Nil
","Nil
",03:20.3
1498,IGFS2003,50,101010101,130,130,41,1,Groundgear_A,Long,34D8,V,30/10/2003 7:34,32,52.907,-11.066,52.866,-11.047,VIIbDeep,127,23,5,2.554057288,4.738510739,0.601790864,Y,23.6969313,,NA,NA,NA,NA,"Nil
","Nil
",03:20.3
1499,IGFS2003,90,101010101,140,140,42,1,Groundgear_A,Long,34D8,V,30/10/2003 10:26,30,52.762,-11.482,52.727,-11.528,VIIbDeep,124,22,5,2.685295833,4.981995981,0.617767502,Y,23.10423247,,NA,NA,NA,NA,"No damage, but GUG CAT 2 LF had to be constructed from general","No damage, but GUG CAT 2 LF had to be constructed from general",03:20.3
1500,IGFS2003,MB14,101010101,123,123,43,1,Groundgear_A,Long,34D9,V,30/10/2003 13:53,31,52.748,-10.918,52.775,-10.876,VIIbDeep,114,21,5,2.22669408,4.131157848,0.470951995,Y,21.14684645,,NA,NA,NA,NA,Last few shots taking a long time to get to the bottom - too much flotation? ,Last few shots taking a long time to get to the bottom - too much flotation? ,03:20.3
1501,IGFS2003,48,101010101,120,120,44,1,Groundgear_A,Long,34D9,V,30/10/2003 15:49,30,52.668,-10.757,52.652,-10.711,VIIbMedium,124,22,4,1.932739295,3.585787189,0.444637611,Y,23.10423247,,NA,NA,NA,NA,"Nil
","Nil
",03:20.3
1502,IGFS2003,60,101010101,75,75,45,1,Groundgear_A,Short,3.40E+01,V,31/10/2003 7:30,39,52.918,-9.722,52.956,-9.703,VIIbCoast,80,20,5,2.381071381,4.417572136,0.353405771,Y,22.85184029,,NA,NA,NA,NA,"Nil
","Nil
",03:20.3
1503,IGFS2003,MB15,101010101,100,100,46,1,Groundgear_A,Long,3.40E+01,V,31/10/2003 9:49,31,52.946,-9.976,52.97,-9.922,VIIbMedium,120,21,4,2.428645803,4.50583637,0.540700364,Y,22.31800195,,NA,NA,NA,NA,"Nil
","Nil
",03:20.3
1550,IGFS2003,FG20,101010101,66,66,93,1,Groundgear_A,Short,3.20E+03,V,17/11/2003 7:22,30,51.818,-7.6,51.834,-7.559,VIIgCoast,115,21,4,1.800570482,3.340576033,0.384166244,Y,33.93502739,340,NA,NA,NA,NA,"Nil
","Nil
",03:20.3
1551,IGFS2003,FG18,101010101,81,81,94,1,Groundgear_A,Long,3.20E+03,V,17/11/2003 9:52,30,51.628,-7.816,51.617,-7.861,VIIgMedium,114,21,4,1.804646435,3.348138097,0.381687743,Y,21.14684645,430,NA,NA,NA,19,"Nil
","Nil
",03:20.3
1504,IGFS2003,58,101010101,92,92,47,1,Groundgear_A,Short,3.50E+01,I,31/10/2003 11:49,30,53.117,-9.944,53.101,-9.894,VIIbCoast,133,24,4,2.044108975,3.792409971,0.504390526,Y,40.21300728,,NA,NA,NA,NA,Crimp in lighter bridle gave way. Net badly torn along port wing and through top sheet. Transferred to upper drum.,Crimp in lighter bridle gave way. Net badly torn along port wing and through top sheet. Transferred to upper drum.,03:20.3
1505,IGFS2003,59,101010101,64,64,48,1,Groundgear_A,Short,3.50E+01,V,31/10/2003 14:45,30,53.033,-9.668,53.052,-9.716,VIIbCoast,74,19,5,2.076066239,3.851699886,0.285025792,Y,21.05250394,,NA,NA,NA,NA,"Nil
","Nil
",03:20.3
1506,IGFS2003,62w,101010101,34,34,49,1,Groundgear_A,Short,3.50E+01,V,31/10/2003 17:05,30,53.196,-9.46,53.192,-9.406,VIIbCoast,63,16,6,1.960067466,3.636488805,0.229098795,Y,17.80781937,140,NA,NA,NA,NA,Nil,Nil,03:20.3
1507,IGFS2003,66,101010101,58,50.7,50,1,Groundgear_A,Short,3.40E+01,V,05/11/2003 9:12,30,52.797,-9.613,52.774,-9.623,VIIbCoast,80,20,5,1.426692229,2.646924358,0.211753949,Y,22.85184029,240,NA,NA,NA,NA,First tow with extra weight on the doors. Went away and spread quickly. Stable geometry which was expected for shallow water.,First tow with extra weight on the doors. Went away and spread quickly. Stable geometry which was expected for shallow water.,03:20.3
1508,IGFS2003,70,101010101,93,93,51,1,Groundgear_A,Long,34D9,V,05/11/2003 13:12,30,52.548,-10.32,52.523,-10.339,VIIbMedium,112,20,5,1.652661834,3.066162957,0.343410251,Y,20.75853772,380,NA,NA,NA,27,"Nil
","Nil
",03:20.3
1509,IGFS2003,MB17,101010101,82,82,52,1,Groundgear_A,Long,34D9,V,05/11/2003 15:36,30,52.586,-10.07,52.578,-10.115,VIIbMedium,110,20,4,1.712685715,3.177524519,0.349527697,Y,20.37122395,340,NA,NA,NA,28,"Nil
","Nil
",03:20.3
1510,IGFS2003,FG1,101010101,152,152,53,1,Groundgear_A,Long,33D8,V,06/11/2003 7:27,30,52.189,-11.357,52.17,-11.339,VIIjDeep,127,22,4,1.318688885,2.446547097,0.310711481,Y,23.6969313,600,NA,NA,NA,39,First of Frank Griffins tows. Headline bobbing a bit. Winds gusting to 40kts.,First of Frank Griffins tows. Headline bobbing a bit. Winds gusting to 40kts.,03:20.3
1511,IGFS2003,39,101010101,150,150,54,1,Groundgear_A,Long,33D8,V,06/11/2003 9:48,30,52.058,-11.197,52.047,-11.168,VIIjDeep,130,22,4,1.258942809,2.335700945,0.303641123,Y,24.29233357,600,NA,NA,NA,33,"Nil
","Nil
",03:20.3
1512,IGFS2003,MB53,101010101,131,131,55,1,Groundgear_A,Long,33D8,V,06/11/2003 11:27,30,52.083,-11.045,52.055,-11.006,VIIjDeep,127,20,4,2.213084553,4.105908261,0.521450349,Y,23.6969313,550,NA,NA,NA,40,"Nil
","Nil
",03:20.3
1513,IGFS2003,38,101010101,135,135,56,1,Groundgear_A,Long,33D9,V,06/11/2003 13:31,30,52.032,-10.931,52.011,-10.942,VIIjDeep,120,21,5,1.323569065,2.455601234,0.294672148,Y,22.31800195,540,NA,NA,NA,40,"Nil
","Nil
",03:20.3
1514,IGFS2003,36,101010101,109,109,57,1,Groundgear_A,Long,32D9,V,06/11/2003 16:35,30,51.882,-10.749,51.889,-10.708,VIIjMedium,125,22,5,1.578434247,2.928449437,0.36605618,Y,23.30150455,480,NA,NA,NA,39,Nil,Nil,03:20.3
1515,IGFS2003,71,101010101,48.1,48.1,58,1,Groundgear_A,Short,33D9,V,07/11/2003 8:04,30,52.02,-10.328,52.004,-10.362,VIIjCoast,71,18,5,1.582399373,2.935805887,0.208442218,Y,20.16105414,220,NA,NA,NA,17,"Broke upper single bridle on port side. No net damage. 18mm combination replaced with 24mm as in lower bridle.
","Broke upper single bridle on port side. No net damage. 18mm combination replaced with 24mm as in lower bridle.
",03:20.3
1516,IGFS2003,MB18,101010101,84,86.3,59,1,Groundgear_A,Long,32D9,V,07/11/2003 11:43,29,51.928,-10.547,51.916,-10.59,VIIjMedium,101,19,5,1.749400133,3.24564032,0.327809672,Y,18.63996097,340,NA,NA,NA,121,"Nil
","Nil
",03:20.3
1517,IGFS2003,43,101010101,82.6,88.1,60,1,Groundgear_A,Long,32D9,V,07/11/2003 14:46,30,51.684,-10.454,51.67,-10.492,VIIjMedium,114,19,5,1.646848903,3.055378299,0.348313126,Y,21.14684645,340,NA,NA,NA,114,"Nil
","Nil
",03:20.3
1518,IGFS2003,FG2,101010101,75.1,73.4,61,1,Groundgear_A,Short,32D9,V,07/11/2003 17:05,30,51.689,-10.211,51.68,-10.256,VIIjCoast,108,19,4,1.762161671,3.269316643,0.353086197,Y,31.61923712,,NA,NA,NA,20,"Weather worsening cvatches quite low. Averaging 4.3 stations per day.
","Weather worsening cvatches quite low. Averaging 4.3 stations per day.
",03:20.3
1519,IGFS2003,42,101010101,154,150,62,1,Groundgear_A,Long,32D9,V,08/11/2003 7:28,30,51.652,-10.828,51.632,-10.804,VIIjDeep,134,22,4,1.496807357,2.777008083,0.372119083,Y,25.09058636,600,NA,NA,NA,45,Started bursting floats. Replaced with 3.1kg lift floats instead of 3.5kg.,Started bursting floats. Replaced with 3.1kg lift floats instead of 3.5kg.,03:20.3
1520,IGFS2003,FG3,101010101,180,179,63,1,Groundgear_A,Long,32D8,V,08/11/2003 11:01,30,51.622,-11.124,51.602,-11.105,VIIjDeep,128,19,3,1.3934708,2.585289054,0.330916999,Y,23.89509335,680,NA,NA,NA,44,About 2 fish boxes in volume of ghost net caught in trawl. Fish were fresh so included in catch. Small encrusted crustacea on net so old net. Gear param. OK so valid tow.,About 2 fish boxes in volume of ghost net caught in trawl. Fish were fresh so included in catch. Small encrusted crustacea on net so old net. Gear param. OK so valid tow.,03:20.3
1552,IGFS2003,FG17,101010101,84,84,95,1,Groundgear_A,Long,3.10E+02,V,17/11/2003 11:50,30,51.479,-8.033,51.478,-8.076,VIIgMedium,120,22,4,1.61129631,2.989418016,0.358730162,Y,22.31800195,430,NA,NA,NA,NA,"Nil
","Nil
",03:20.3
1521,IGFS2003,FG4,101010101,163,163,64,1,Groundgear_A,Long,31D9,V,08/11/2003 14:56,30,51.48,-10.813,51.456,-10.794,VIIjDeep,129,24,4,1.605550726,2.978758304,0.384259821,Y,24.09355951,610,NA,NA,NA,40,"Depth sensor giving no readings and Trawleye giving bad readings. Recharging depth, trawleye charge is OK, but change battery anyway.","Depth sensor giving no readings and Trawleye giving bad readings. Recharging depth, trawleye charge is OK, but change battery anyway.",03:20.3
1522,IGFS2003,41,101010101,153,153,65,1,Groundgear_A,Long,31D9,V,08/11/2003 17:22,30,51.431,-10.614,51.426,-10.574,VIIjDeep,118,22,4,1.52916286,2.837036845,0.334770348,Y,21.92655208,600,NA,NA,NA,36,Recharged depth sensor working agin. Trawleye and Trawlsounder giving intermittent readings then gone for last 5 mins.,Recharged depth sensor working agin. Trawleye and Trawlsounder giving intermittent readings then gone for last 5 mins.,03:20.3
1523,IGFS2003,FG6,101010101,170,165,66,1,Groundgear_A,Long,30D9,V,09/11/2003 7:43,30,50.845,-10.863,50.844,-10.822,VIIjDeep,108,19,5,1.557632575,2.889856353,0.312104486,Y,19.98487997,,NA,NA,NA,26,"Nil
","Nil
",03:20.3
1524,IGFS2003,81,101010101,317,260,67,1,Groundgear_A,Long,30D8,V,09/11/2003 10:44,30,50.707,-11.019,50.703,-10.978,VIIjSlope,133,23,4,1.57943098,2.930298665,0.389729722,Y,24.89054181,,NA,NA,NA,27,"Nil
","Nil
",03:20.3
1525,IGFS2003,82,101010101,165,170,68,1,Groundgear_A,Long,30D9,V,09/11/2003 14:04,30,50.717,-10.712,50.718,-10.754,VIIjDeep,124,20,4,1.59988952,2.968255139,0.368063637,Y,23.10423247,,NA,NA,NA,21,"Nil
","Nil
",03:20.3
1526,IGFS2003,75,101010101,157,159,69,1,Groundgear_A,Long,30D9,V,09/11/2003 16:15,30,50.724,-10.5,50.694,-10.501,VIIjDeep,116,22,4,1.799197357,3.338028491,0.387211305,Y,21.53617584,600,NA,NA,NA,23,"Nil
","Nil
",03:20.3
1527,IGFS2003,84,101010101,120,106,70,1,Groundgear_A,Long,3.00E+01,V,10/11/2003 7:35,30,50.751,-9.906,50.746,-9.948,VIIjDeep,125,21,4,1.625595297,3.015946748,0.376993343,Y,23.30150455,460,NA,NA,NA,9,"Nil
","Nil
",03:20.3
1528,IGFS2003,FG7,101010101,120,120,71,1,Groundgear_A,Long,2.90E+01,V,10/11/2003 11:29,30,50.49,-9.836,50.494,-9.878,VIIjDeep,122,17,5,1.624228776,3.013411459,0.367636198,Y,22.71055277,500,NA,NA,NA,NA,"Nil
","Nil
",03:20.3
1529,IGFS2003,MB19,101010101,122,122,72,1,Groundgear_A,Long,3.00E+01,V,10/11/2003 16:51,30,50.598,-9.551,50.575,-9.582,VIIjDeep,125,22,4,1.817149911,3.371335643,0.421416955,Y,23.30150455,500,NA,NA,NA,17,"Nil
","Nil
",03:20.3
1530,IGFS2003,85,101010101,122,122,73,1,Groundgear_A,Long,3.00E+01,V,10/11/2003 16:51,30,50.751,-9.26,50.757,-9.217,VIIjMedium,123,21,4,1.674659396,3.10697476,0.382157895,Y,22.90724974,,NA,NA,NA,17,"Nil
","Nil
",03:20.3
1531,IGFS2003,FG9,101010101,43,43,74,1,Groundgear_A,Short,3.10E+01,V,11/11/2003 7:16,30,51.462,-9.628,51.45,-9.674,VIIjCoast,71,18,5,1.867572665,3.464884351,0.246006789,Y,20.16105414,,NA,NA,NA,24,"Nil
","Nil
",03:20.3
1532,IGFS2003,FG10,101010101,101,101,75,1,Groundgear_A,Long,3.10E+01,V,11/11/2003 9:41,31,51.262,-9.784,51.242,-9.818,VIIjMedium,113,20,5,1.753671161,3.253564307,0.367652767,Y,20.95256612,,NA,NA,NA,26,"Nil
","Nil
",03:20.3
1533,IGFS2003,83,101010101,114,114,76,1,Groundgear_A,Long,3.10E+01,V,11/11/2003 11:25,30,51.177,-9.945,51.159,-9.915,VIIjMedium,119,20,4,1.563382892,2.900524845,0.345162457,Y,22.12214112,,NA,NA,NA,31,"Nil
","Nil
",03:20.3
1534,IGFS2003,MB20,101010101,115,115,77,1,Groundgear_A,Long,3.10E+01,V,11/11/2003 13:45,30,51.133,-9.595,51.103,-9.593,VIIjMedium,117,21,4,1.800504058,3.340452798,0.390832977,Y,21.73123144,,NA,NA,NA,34,"Nil
","Nil
",03:20.3
1535,IGFS2003,86,101010101,107,107,78,1,Groundgear_A,Long,3.10E+01,V,11/11/2003 15:53,30,51.166,-9.304,51.164,-9.256,VIIjMedium,124,21,4,1.813674722,3.364888166,0.417246133,Y,23.10423247,440,NA,NA,NA,9,"Nil
","Nil
",03:20.3
1536,IGFS2003,FG11,101010101,114,114,79,1,Groundgear_A,Long,3.00E+02,V,12/11/2003 7:22,30,50.88,-8.892,50.848,-8.898,VIIgMedium,123,22,4,1.932226659,3.584836102,0.44093484,Y,22.90724974,440,NA,NA,NA,14,"Nil
","Nil
",03:20.3
1537,IGFS2003,CC306,101010101,117,117,80,1,Groundgear_A,Long,3.00E+02,V,12/11/2003 9:28,30,50.628,-8.913,50.606,-8.886,VIIgMedium,120,20,4,1.673576581,3.104965828,0.372595899,Y,22.31800195,440,NA,NA,NA,13,"Nil
","Nil
",03:20.3
1538,IGFS2003,FG12,101010101,116,116,81,1,Groundgear_A,Long,3.00E+02,V,12/11/2003 11:27,30,50.567,-8.61,50.592,-8.592,VIIgMedium,122,21,4,1.648976705,3.059325982,0.37323777,Y,22.71055277,440,NA,NA,NA,18,"Nil
","Nil
",03:20.3
1539,IGFS2003,62e,101010101,110,110,82,1,Groundgear_A,Long,3.00E+02,V,12/11/2003 13:04,29,50.705,-8.497,50.726,-8.468,VIIgMedium,121,19,4,1.674573883,3.106816109,0.375924749,Y,22.51413801,440,NA,NA,NA,23,"Nil
","Nil
",03:20.3
1540,IGFS2003,FG13,101010101,109,109,83,1,Groundgear_A,Long,3.00E+02,V,12/11/2003 14:50,31,50.742,-8.237,50.759,-8.196,VIIgMedium,125,22,6,1.863165242,3.456707313,0.432088414,Y,23.30150455,440,NA,NA,NA,27,"Nil
","Nil
",03:20.3
1541,IGFS2003,FG14,101010101,122,122,84,1,Groundgear_A,Long,3.00E+02,V,12/11/2003 16:41,30,50.64,-8.207,50.622,-8.242,VIIgMedium,125,22,4,1.716501923,3.184604681,0.398075585,Y,23.30150455,480,NA,NA,NA,24,"Nil
","Nil
",03:20.3
1542,IGFS2003,CC305,101010101,102,102,85,1,Groundgear_A,Long,2.90E+03,I,13/11/2003 10:00,30,50.355,-7.335,50.362,-7.289,VIIgMedium,121,20,4,1.813600602,3.364750653,0.407134829,Y,22.51413801,400,NA,NA,NA,26,Tore STB wing completely.,Tore STB wing completely.,03:20.3
1543,IGFS2003,CC307,101010101,101,101,86,1,Groundgear_A,Long,3.00E+03,V,13/11/2003 14:08,30,50.647,-7.294,50.651,-7.345,VIIgMedium,122,21,4,1.958923986,3.634367322,0.443392813,Y,22.71055277,400,NA,NA,NA,29,"Nil
","Nil
",03:20.3
1544,IGFS2003,53A,101010101,57,68,87,1,Groundgear_A,Short,3.20E+02,V,16/11/2003 7:31,30,51.635,-8.257,51.607,-8.253,VIIgCoast,80,20,5,1.685763995,3.127576986,0.250206159,Y,22.85184029,310,NA,NA,NA,12,"Nil
","Nil
",03:20.3
1553,IGFS2003,FG15,101010101,84,84,96,1,Groundgear_A,Long,3.10E+03,V,17/11/2003 14:42,30,51.348,-7.472,51.334,-7.435,VIIgMedium,126,23,4,1.623569851,3.012188963,0.379535809,Y,23.4990696,430,NA,NA,NA,25,"Nil
","Nil
",03:20.3
1554,IGFS2003,FG23,101010101,37,37,97,1,Groundgear_A,Short,3.10E+03,V,17/11/2003 16:28,30,51.178,-7.415,51.155,-7.448,VIIgMedium,81,22,3,1.857421331,3.446050707,0.279130107,Y,14.85235567,460,NA,NA,NA,25,"Nil
","Sweeps reset to Short by DS 25/2/2015 given the strange door spread. No abvious alternate explanation.
",03:20.3
1555,IGFS2003,56,101010101,96,96,98,1,Groundgear_A,Long,3.00E+04,I,18/11/2003 7:22,30,50.739,-6.501,50.767,-6.516,VIIgMedium,117,21,4,1.773188638,3.289774839,0.384903656,Y,21.73123144,450,13,NA,NA,16,Port wing  Belly ripped. ,Port wing  Belly ripped. ,03:20.3
1556,IGFS2003,57,101010101,95,93,99,1,Groundgear_A,Long,3.00E+04,I,18/11/2003 9:04,30,50.761,-6.377,50.744,-6.338,VIIgMedium,132,23,4,1.799911684,3.339353773,0.440794698,Y,24.69082081,450,13,NA,NA,NA,"Badly damaged. Possibly sections missing.
","Badly damaged. Possibly sections missing.
",03:20.3
1557,IGFS2003,FG21,101010101,94,94,100,1,Groundgear_A,Long,3.00E+04,V,18/11/2003 13:30,30,50.847,-6.092,50.848,-6.047,VIIgMedium,127,23,4,1.709272046,3.171191179,0.40274128,Y,23.6969313,445,13,NA,NA,NA,"Nil
","Nil
",03:20.3
1558,IGFS2003,113,101010101,83,83,101,1,Groundgear_A,Long,3.10E+05,V,18/11/2003 15:57,23,51.074,-5.794,51.094,-5.808,VIIgMedium,99,20,5,1.310663588,2.431657862,0.240734128,Y,18.25768221,430,13,NA,NA,NA,"Nil
","Nil
",03:20.3
1559,IGFS2003,112,101010101,104,104,102,1,Groundgear_A,Long,3.10E+04,V,19/11/2003 7:38,30,51.218,-6.33,51.246,-6.33,VIIgMedium,120,22,4,1.679026018,3.115076101,0.373809132,Y,22.31800195,430,13,NA,NA,18,"Nil
","Nil
",03:20.3
1560,IGFS2003,111,101010101,118,118,103,1,Groundgear_A,Long,3.10E+04,V,19/11/2003 9:25,30,51.38,-6.373,51.408,-6.362,VIIgMedium,123,22,4,1.729040031,3.207866477,0.394567577,Y,22.90724974,510,13,NA,NA,20,"Nil
","Nil
",03:20.3
1561,IGFS2003,110,101010101,74,74,104,1,Groundgear_A,Long,3.20E+04,V,19/11/2003 11:52,30,51.565,-6.45,51.589,-6.473,VIIgCoast,118,21,4,1.676309785,3.110036707,0.366984331,Y,34.9467958,400,NA,NA,NA,NA,"Nil
","Nil
",03:20.3
1562,IGFS2003,FG27,101010101,111,111,105,1,Groundgear_A,Long,3.20E+04,V,19/11/2003 14:02,30,51.592,-6.206,51.619,-6.187,VIIgMedium,111,22,4,1.767789624,3.279758115,0.364053151,Y,20.56475805,470,NA,NA,NA,23,"Nil
","Nil
",03:20.3
1563,IGFS2003,40,101010101,112,112,106,1,Groundgear_A,Long,3.20E+05,V,19/11/2003 16:00,30,51.734,-5.907,51.751,-5.863,VIIgMedium,128,24,4,1.929439352,3.579664846,0.4581971,Y,23.89509335,500,NA,NA,NA,23,"Nil
","Nil
",03:20.3
1564,IGFS2003,42A,101010101,40,40,107,1,Groundgear_A,Short,3.30E+03,V,20/11/2003 7:26,30,52.029,-7.379,52.044,-7.341,VIIgCoast,85,21,5,1.668762152,3.096033677,0.263162863,Y,24.36961121,265,NA,NA,NA,NA,"Nil
","Nil
",03:20.3
1565,IGFS2003,33A,101010101,51,51,108,1,Groundgear_A,Short,3.20E+04,V,20/11/2003 10:23,30,51.996,-6.751,51.969,-6.736,VIIgCoast,78,19,4,1.711896059,3.176059479,0.247732639,Y,22.24951462,275,NA,NA,NA,15,"Nil
","Nil
",03:20.3
1566,IGFS2003,69,101010101,67,67,109,1,Groundgear_A,Short,3.20E+04,V,20/11/2003 12:16,30,51.84,-6.511,51.81,-6.483,VIIgCoast,95,21,4,2.078363647,3.855962239,0.366316413,Y,27.46231154,,NA,NA,NA,14,"Nil
","Nil
",03:20.3
1567,IGFS2003,FG25,101010101,78,78,110,1,Groundgear_A,Short,3.30E+04,V,20/11/2003 14:24,30,52.005,-6.263,52.015,-6.218,VIIgCoast,96,20,4,1.770108078,3.284059513,0.315269713,Y,27.77621697,360,NA,NA,NA,8,"Nil
","Nil
",03:20.3
1568,IGFS2003,FG26,101010101,109,109,111,1,Groundgear_A,Long,3.20E+04,V,20/11/2003 16:44,31,51.803,-6.072,51.835,-6.078,VIIgMedium,124,22,4,1.931992947,3.584402499,0.44446591,Y,23.10423247,480,NA,NA,NA,11,"Nil
","Nil
",03:20.3
1569,IGFS2003,22,101010101,35,35,112,1,Groundgear_A,Short,3.40E+05,V,21/11/2003 7:25,30,52.787,-5.927,52.757,-5.939,VIIaCoastW,88,21,4,1.851621727,3.435290774,0.302305588,Y,16.1695677,240,NA,NA,NA,4,"Nil
","Nil
",03:20.3
1570,IGFS2003,24A,101010101,70,70,113,1,Groundgear_A,Short,3.40E+05,V,21/11/2003 9:25,30,52.54,-5.8,52.511,-5.814,VIIaCoastW,90,25,5,1.813209806,3.364025614,0.302762305,Y,16.54749928,340,NA,NA,NA,8,"Nil
","Nil
",03:20.3
1571,IGFS2003,32,101010101,83,83,114,1,Groundgear_A,Long,3.30E+05,V,21/11/2003 11:46,30,52.343,-5.879,52.372,-5.879,VIIaMedium,112,20,3,1.739326049,3.226949998,0.3614184,Y,20.75853772,410,NA,NA,NA,9,"Small bit of schafing on starboard side. Tow full of shells scallops etc
","Small bit of schafing on starboard side. Tow full of shells scallops etc
",03:20.3
1572,IGFS2003,27,101010101,97,97,115,1,Groundgear_A,Long,3.30E+05,V,21/11/2003 13:51,30,52.211,-5.612,52.185,-5.61,VIIaMedium,125,22,4,1.561094439,2.896279107,0.362034888,Y,23.30150455,455,NA,NA,NA,15,"Nil
","Nil
",03:20.3
1573,IGFS2003,38,101010101,50,50,116,1,Groundgear_A,Short,3.30E+06,V,22/11/2003 7:21,30,52.327,-4.942,52.351,-4.915,VIIaCoastE,84,18,4,1.748100146,3.243228471,0.272431192,Y,15.41584853,,NA,NA,NA,4,"Nil
","Nil
",03:20.3
1574,IGFS2003,MB21,101010101,60,60,117,1,Groundgear_A,Short,3.30E+06,V,22/11/2003 8:49,30,52.413,-4.959,52.442,-4.958,VIIaCoastE,88,21,4,1.739733144,3.227705277,0.284038064,Y,16.1695677,330,NA,NA,NA,7,"Nil
","Nil
",03:20.3
1575,IGFS2003,29,101010101,15,15,118,1,Groundgear_A,Short,3.30E+06,V,22/11/2003 12:15,30,52.295,-4.296,52.308,-4.264,VIIaCoastE,76,19,5,1.411476835,2.618695426,0.199020852,Y,13.91642623,150,NA,NA,NA,1,"Nil
","Nil
",03:20.3
1576,IGFS2003,30A,101010101,11,11,119,1,Groundgear_A,Short,3.40E+06,V,22/11/2003 14:45,30,52.627,-4.33,52.635,-4.368,VIIaCoastE,30,19,4,1.4674658,2.722571057,0.081677132,Y,5.447677033,150,NA,NA,NA,2,"Nil
","Nil
",03:20.3
1577,IGFS2003,30,101010101,40,40,120,1,Groundgear_A,Short,3.40E+06,V,22/11/2003 16:24,30,52.725,-4.47,52.716,-4.516,VIIaCoastE,71,17,4,1.760153633,3.265591156,0.231856972,Y,12.98427013,,NA,NA,NA,1,"FULL OF WEED
","FULL OF WEED
",03:20.3
1578,IGFS2003,17,101010101,32.4,32.4,121,1,Groundgear_A,Short,3.70E+06,V,23/11/2003 7:30,30,54.091,-4.032,54.071,-4,VIIaCoastE,66,18,5,1.647432445,3.056460938,0.201726422,Y,12.0555982,230,NA,NA,NA,5,"Nil
","Nil
",03:20.3
1579,IGFS2003,104,101010101,31,31,122,1,Groundgear_A,Short,3.70E+07,V,23/11/2003 9:23,30,54.064,-3.628,54.099,-3.645,VIIaCoastE,70,18,5,2.183754976,4.051493462,0.283604542,Y,12.7982661,230,NA,NA,NA,13,"Nil
","Nil
",03:20.3
1580,IGFS2003,16,101010101,40,40,123,1,Groundgear_A,Short,3.70E+07,V,23/11/2003 11:31,30,54.385,-3.84,54.414,-3.854,VIIaCoastE,76,20,5,1.807628514,3.353670713,0.254878974,Y,13.91642623,265,NA,NA,NA,12,"Nil
","Nil
",03:20.3
1581,IGFS2003,107,101010101,33,33,124,1,Groundgear_A,Short,3.80E+07,I,23/11/2003 13:23,30,54.6,-3.923,54.631,-3.914,VIIaCoastE,80,18,4,1.886204336,3.499451458,0.279956117,Y,14.66485371,245,NA,NA,NA,6,"cod end not secured tightly enough. tow was done again as Hual 125
","cod end not secured tightly enough. tow was done again as Hual 125
",03:20.3
1582,IGFS2003,107,101010101,28,28,125,1,Groundgear_A,Short,3.80E+07,V,23/11/2003 14:33,30,54.644,-3.912,54.612,-3.92,VIIaCoastE,79,19,5,1.940081862,3.599409762,0.284353371,Y,14.47751219,235,NA,NA,NA,7,"Nil
","Nil
",03:20.3
1583,IGFS2003,15,101010101,50,50,126,1,Groundgear_A,Short,3.80E+06,V,23/11/2003 16:07,30,54.628,-4.195,54.612,-4.235,VIIaCoastE,76,21,4,1.691526749,3.138268552,0.23850841,Y,13.91642623,295,NA,NA,NA,8,"Nil
","Nil
",03:20.3
1584,IGFS2003,103,101010101,31.2,31.2,127,1,Groundgear_A,Short,3.60E+07,V,24/11/2003 7:16,30,53.97,-3.79,53.942,-3.808,VIIaCoastE,78,19,4,1.796486068,3.33299827,0.259973865,Y,14.29032869,240,NA,NA,NA,8,"Nil
","Nil
",03:20.3
1585,IGFS2003,102,101010101,38.5,38.5,128,1,Groundgear_A,Short,3.60E+07,V,24/11/2003 8:38,30,53.829,-3.732,53.8,-3.715,VIIaCoastE,79,20,4,1.841468121,3.416452914,0.26989978,Y,14.47751219,255,NA,NA,NA,14,"Nil
","Nil
",03:20.3
1586,IGFS2003,101,101010101,40.6,45,129,1,Groundgear_A,Short,3.50E+06,V,24/11/2003 11:40,30,53.498,-4.221,53.51,-4.273,VIIaCoastE,44,22,6,1.994196433,3.699807853,0.162791546,Y,8.003900016,260,NA,NA,NA,12,"Nil
","Nil
",03:20.3
1587,IGFS2003,D243,101010101,40,40,130,1,Groundgear_A,Short,3.60E+06,V,24/11/2003 15:47,30,53.789,-4.129,53.77,-4.094,VIIaCoastE,85,21,4,1.686948958,3.129775432,0.266030912,Y,15.60401668,305,NA,NA,NA,24,"There is no ground either immediatelt before or after this tow that is suitable for trawling.
","There is no ground either immediatelt before or after this tow that is suitable for trawling.
",03:20.3
1588,IGFS2003,100,101010101,101,101,131,1,Groundgear_A,Long,3.50E+05,V,25/11/2003 7:38,30,53.232,-5.226,53.207,-5.23,VIIaMedium,115,18,4,1.506537157,2.79505966,0.321431861,Y,21.34138194,450,NA,NA,NA,24,"Port bridles burst on this haul. Starboard door went fast just as we started to haul. Small tear in the net but considered valid as it happened at the end of the tow during hauling.
","Port bridles burst on this haul. Starboard door went fast just as we started to haul. Small tear in the net but considered valid as it happened at the end of the tow during hauling.
",03:20.3
1589,IGFS2003,20,101010101,60,60,132,1,Groundgear_A,Short,3.50E+05,V,25/11/2003 11:09,30,53.348,-5.605,53.317,-5.609,VIIaCoastW,75,27,5,1.865125593,3.460344328,0.259525825,Y,13.72970254,340,NA,NA,NA,18,"Short Sweeps.
Very peaky ground hard sand.","Short Sweeps.
Very peaky ground hard sand.",03:20.3
1590,IGFS2003,18,101010101,30,30,133,1,Groundgear_A,Short,3.50E+05,V,25/11/2003 13:12,30,53.181,-5.864,53.209,-5.86,VIIaCoastW,70,18,5,1.685757521,3.127564975,0.218929548,Y,12.7982661,215,NA,NA,NA,18,"Nil
","Nil
",03:20.3
1591,IGFS2003,19,101010101,22.8,22.8,134,1,Groundgear_A,Short,3.50E+04,V,25/11/2003 15:12,40,53.207,-6.018,53.236,-6.013,VIIaCoastW,68,19,4,1.748869402,3.244655663,0.220636585,Y,12.426667,210,NA,NA,NA,18,"Nil
","Nil
",03:20.3
1592,IGFS2003,8,101010101,24,24,135,1,Groundgear_A,Short,3.60E+04,V,26/11/2003 7:34,30,53.889,-6.058,53.865,-6.09,VIIaCoastW,75,19,5,1.832998059,3.400738514,0.255055389,Y,13.72970254,210,NA,NA,NA,24,"Nil
","Nil
",03:20.3
1593,IGFS2003,6,101010101,41,41,136,1,Groundgear_A,Short,3.60E+05,V,26/11/2003 9:07,30,53.783,-5.907,53.754,-5.912,VIIaCoastW,80,20,4,1.748793348,3.244514561,0.259561165,Y,14.66485371,270,NA,NA,NA,22,"Nil
","Nil
",03:20.3
1594,IGFS2003,71,101010101,98,98,137,1,Groundgear_A,Long,3.60E+05,V,26/11/2003 11:09,30,53.765,-5.585,53.745,-5.619,VIIaMedium,113,21,4,1.703153128,3.159838828,0.357061788,Y,20.95256612,445,NA,NA,NA,28,"Nil
","Nil
",03:20.3
1595,IGFS2003,5,101010101,41.7,41.7,138,1,Groundgear_A,Short,3.60E+05,V,26/11/2003 13:24,30,53.617,-5.927,53.59,-5.912,VIIaCoastW,77,19,5,1.705848242,3.164839039,0.243692606,Y,14.10330083,270,NA,NA,NA,26,"Nil
","Nil
",03:20.3
1596,IGFS2003,4B,101010101,80,80,139,1,Groundgear_A,Short,3.60E+05,V,26/11/2003 15:04,30,53.525,-5.672,53.495,-5.67,VIIaMedium,79,19,5,1.80107441,3.341510964,0.263979366,Y,14.47751219,405,NA,NA,NA,29,"Nil
","Nil
",03:20.3
1597,IGFS2003,3,101010101,68,68,140,1,Groundgear_A,Short,3.50E+05,V,26/11/2003 16:28,30,53.443,-5.761,53.4,-5.757,VIIaCoastW,94,20,4,2.583444838,4.793033095,0.450545111,Y,17.3056099,345,NA,NA,NA,23,"Nil
","Nil
",03:20.3
1598,IGFS2003,MB22,101010101,125,125,141,1,Groundgear_A,Long,3.80E+05,V,27/11/2003 7:59,30,54.551,-5.286,54.52,-5.274,VIIaMedium,127,21,4,1.906502451,3.537110298,0.449213008,Y,23.6969313,500,NA,NA,NA,23,"Nil
","Nil
",03:20.3
1599,IGFS2003,12,101010101,105,102,142,1,Groundgear_A,Long,3.70E+06,V,27/11/2003 10:35,30,54.253,-4.972,54.289,-4.978,VIIaMedium,109,21,5,2.170112268,4.026182316,0.438853872,Y,20.17793229,445,NA,NA,NA,20,"Nil
","Nil
",03:20.3
1600,IGFS2003,106,101010101,87,87,143,1,Groundgear_A,Long,3.70E+05,V,27/11/2003 13:00,30,54.042,-5.208,54.026,-5.247,VIIaMedium,109,20,5,1.678834836,3.114721403,0.339504633,Y,20.17793229,395,NA,NA,NA,18,"Nil
","Nil
",03:20.3
1601,IGFS2003,9,101010101,42,42,144,1,Groundgear_A,Short,3.70E+05,V,27/11/2003 15:44,30,54.021,-5.742,53.996,-5.773,VIIaCoastW,82,20,4,1.857307955,3.445840362,0.28255891,Y,15.0400205,260,NA,NA,NA,21,"Nil
","Nil
",03:20.3
1602,IGFS2003,COD1,101020101,45.3,45.3,145,1,Groundgear_D,Short,3.90E+04,V,29/11/2003 8:24,30,55.322,-6.926,55.302,-6.886,VIaCoast,72,21,5,1.820559043,3.377660561,0.24319156,Y,20.45762651,265,NA,NA,NA,6,"CODLING BOX
","CODLING BOX
",03:20.3
1603,IGFS2003,COD2,101020101,73.2,73.3,146,1,Groundgear_D,Short,3.90E+04,V,29/11/2003 10:08,30,55.369,-6.88,55.367,-6.818,VIaCoast,76,19,5,2.12233435,3.937540537,0.299253081,Y,21.64976842,340,NA,NA,NA,8,"Codling tow 2
","Codling tow 2
",03:20.3
1604,IGFS2003,COD3,101020101,42,42,147,1,Groundgear_D,Short,3.90E+03,V,29/11/2003 11:53,30,55.381,-7.019,55.403,-7.058,VIaCoast,84,12,4,1.875431327,3.479464428,0.292275012,Y,24.0646376,250,NA,NA,NA,16,Codling tow,Codling tow,03:20.3
1605,IGFS2003,33,101020101,72,72,148,1,Groundgear_D,Short,3.90E+03,V,29/11/2003 13:36,30,55.512,-7.036,55.531,-7.076,VIaCoast,85,20,4,1.776052563,3.295088244,0.280082501,Y,24.36961121,345,NA,NA,NA,21,"Nil
","Nil
",03:20.3
1606,IGFS2003,32,101020101,54,54,149,1,Groundgear_D,Short,4.00E+03,V,29/11/2003 15:22,31,55.603,-7.312,55.632,-7.333,VIaCoast,80,18,5,1.880741229,3.489315824,0.279145266,Y,22.85184029,,NA,NA,NA,34,"Nil
","Nil
",03:20.3
1607,IGFS2003,94,101020101,179,179,150,1,Groundgear_D,Long,4.10E+01,V,30/11/2003 8:43,30,56.226,-9.103,56.195,-9.096,VIaSlope,104,21,5,1.87514818,3.478939109,0.361809667,Y,19.21500312,620,NA,NA,NA,9,"Nil
","Nil
",03:20.3
1608,IGFS2003,MB23,101020101,133,133,151,1,Groundgear_D,Long,4.10E+02,V,30/11/2003 11:24,30,56.006,-8.861,55.995,-8.812,VIaDeep,116,22,5,1.775147874,3.293409785,0.382035535,Y,21.53617584,525,NA,NA,NA,14,"Nil
","Nil
",03:20.3
1609,IGFS2003,4,101020101,132,116,152,1,Groundgear_D,Long,4.00E+02,V,30/11/2003 14:15,30,55.858,-8.492,55.84,-8.527,VIaDeep,111,20,4,1.600966744,2.970253699,0.329698161,Y,20.56475805,470,NA,NA,NA,19,"Nil
","Nil
",03:20.3
1610,IGFS2003,MMAR3,101020101,136,136,153,1,Groundgear_D,Long,4.00E+02,V,30/11/2003 15:59,30,55.819,-8.366,55.826,-8.315,VIaDeep,100,18,5,1.773438516,3.290238435,0.329023843,Y,18.44871523,510,NA,NA,NA,12,"Nil
","Nil
",03:20.3
1611,IGFS2003,8,101020101,91,91,154,1,Groundgear_D,Long,4.00E+02,I,01/12/2003 9:16,28,55.625,-8.32,55.643,-8.276,VIaMedium,102,20,5,1.843311284,3.419872512,0.348826996,Y,18.83142227,360,NA,NA,NA,18,2ND TIME THIS TOW WAS STARTED  SCANMAR SENSORS GIVING SPURIOUS READINGS BOTH TIMES,2ND TIME THIS TOW WAS STARTED  SCANMAR SENSORS GIVING SPURIOUS READINGS BOTH TIMES,03:20.3
1612,IGFS2003,9,101020101,89,89,155,1,Groundgear_D,Short,3.90E+02,I,01/12/2003 11:32,13,55.353,-8.188,55.379,-8.238,VIaCoast,101,20,5,2.313986383,4.293110173,0.433604127,Y,29.35972719,NA,NA,NA,NA,NA,"Nil
","Nil
",03:20.3
1613,IGFS2003,9A,101020101,88.5,88.5,156,1,Groundgear_D,Long,3.90E+02,V,01/12/2003 14:57,30,55.476,-8.323,55.451,-8.335,VIaMedium,114,21,4,1.554986936,2.884947933,0.328884064,Y,21.14684645,370,NA,NA,NA,13,"Nil
","Nil
",03:20.3
1614,IGFS2003,21,101020101,175,175,157,1,Groundgear_D,Long,37D9,V,02/12/2003 8:18,20,54.14,-10.7,54.168,-10.685,VIIbDeep,124,22,4,1.760949201,3.267067164,0.405116328,Y,23.10423247,620,NA,NA,NA,15,"Nil
","Nil
",03:20.3
1615,IGFS2003,23,101020101,105,105,158,1,Groundgear_D,Long,37D9,V,02/12/2003 11:40,30,54.473,-10.119,54.497,-10.088,VIIbMedium,118,20,5,1.801725936,3.342719733,0.394440929,Y,21.92655208,460,NA,NA,NA,13,Valid tow but very rough ground observed 2004. Only suitable for hopper gear.,Valid tow but very rough ground observed 2004. Only suitable for hopper gear.,03:20.3
1616,IGFS2003,18,101020101,95.3,95.3,159,1,Groundgear_D,Long,3.80E+01,V,02/12/2003 15:01,30,54.596,-9.304,54.596,-9.256,VIaMedium,117,20,5,1.672250021,3.102504677,0.362993047,Y,21.73123144,410,NA,NA,NA,11,"Nil
","Nil
",03:20.3
1617,IGFS2004,MB36,101010101,33,29,0,1,Groundgear_A,Short,3.50E+07,I,14/11/2004 17:02,30,53.472,-3.986,53.465,-3.95,VIIaCoastE,78,18,NA,1.355279219,2.514432688,0.19612575,Y,14.29032869,200,NA,NA,NA,NA,tow between stn 140 and 141.late tow done to check sensor operation. trawl eye still giving funky readings. some damage found will check again tomorrow.,tow between stn 140 and 141.late tow done to check sensor operation. trawl eye still giving funky readings. some damage found will check again tomorrow.,03:20.3
1618,IGFS2004,59,101010101,64,64,1,1,Groundgear_A,Short,3.50E+01,V,15/10/2004 7:55,30,53.031,-9.663,53.048,-9.706,VIIbCoast,89,21,4,1.859213562,3.449375811,0.306994447,Y,25.59701948,310,NA,NA,NA,NA,"Nil
","Nil
",03:20.3
1619,IGFS2004,66,101010101,56,56,2,1,Groundgear_A,Short,3.40E+01,V,13/10/2004 10:24,30,52.803,-9.61,52.767,-9.625,VIIbCoast,91,22,4,2.227157555,4.132017727,0.376013613,Y,26.21543642,305,NA,NA,NA,NA,"Nil
","Nil
",03:20.3
1620,IGFS2004,MB15,101010101,97,97,3,1,Groundgear_A,Long,3.40E+01,V,13/10/2004 13:02,30,52.95,-9.982,52.959,-9.942,VIIbMedium,125,22,4,1.546296781,2.868825197,0.35860315,Y,23.30150455,415,NA,NA,NA,NA,"Nil
","Nil
",03:20.3
1621,IGFS2004,56,101010101,105,105,4,1,Groundgear_A,Long,35D9,V,13/10/2004 15:31,30,53.081,-10.219,53.109,-10.205,VIIbMedium,128,23,4,1.753982573,3.254142065,0.416530184,Y,23.89509335,450,NA,NA,NA,NA,"Nil
","Nil
",03:20.3
1622,IGFS2004,22,101010101,128,128,5,1,Groundgear_A,Long,37D9,V,14/10/2004 7:02,30,54.285,-10.374,54.299,-10.327,VIIbMedium,128,23,4,1.851118484,3.434357113,0.43959771,Y,23.89509335,510,NA,NA,NA,NA,"Nil
","Nil
",03:20.3
1623,IGFS2004,23,101010101,128,128,6,1,Groundgear_A,Long,37D9,V,14/10/2004 7:02,30,54.473,-10.12,54.495,-10.09,VIIbMedium,129,22,4,1.685422353,3.12694314,0.403375665,Y,24.09355951,460,NA,NA,NA,NA,"Valid tow  but slight damage to forward wing, stones in bag. Not suitable for clean gear.","Valid tow  but slight damage to forward wing, stones in bag. Not suitable for clean gear.",03:20.3
1624,IGFS2004,25,101010101,35,35,7,1,Groundgear_A,Short,3.70E+01,V,14/10/2004 11:40,36,54.294,-9.918,54.324,-9.924,VIIbCoast,83,21,5,1.812162016,3.362081662,0.279052778,Y,23.76038723,210,NA,NA,NA,18,Nil. Two floaters added to compensate for trawleye.,Nil. Two floaters added to compensate for trawleye.,03:20.3
1625,IGFS2004,20,101010101,45,45,8,1,Groundgear_A,Short,3.70E+01,V,14/10/2004 13:26,30,54.35,-9.695,54.343,-9.642,VIIbCoast,84,20,5,1.904593149,3.533567995,0.296819712,Y,24.0646376,250,NA,NA,NA,20,"Nil
","Nil
",03:20.3
1626,IGFS2004,MB10,101010101,83,83,9,1,Groundgear_A,Long,3.70E+01,V,14/10/2004 15:33,34,54.467,-9.411,54.488,-9.453,VIIbMedium,118,21,4,1.934154435,3.588412681,0.423432696,Y,21.92655208,390,NA,NA,NA,18,"Nil
","Nil
",03:20.3
1627,IGFS2004,18,101020101,92,92,10,1,Groundgear_D,Long,3.80E+01,V,14/10/2004 17:45,30,54.595,-9.326,54.596,-9.281,VIaMedium,112,20,4,1.568901294,2.910763069,0.326005464,Y,20.75853772,,NA,NA,NA,19,"Nil
","Nil
",03:20.3
1628,IGFS2004,R210,101020101,122,122,11,1,Groundgear_D,Long,3.90E+01,V,14/10/2004 7:13,31,55.407,-9.252,55.444,-9.253,VIaDeep,113,21,4,2.220543356,4.119746487,0.465531353,Y,20.95256612,440,NA,NA,NA,18,"Nil
","Nil
",03:20.3
1629,IGFS2004,6,101020101,99,99,12,1,Groundgear_D,Long,4.00E+02,V,15/10/2004 10:04,30,55.632,-8.875,55.648,-8.91,VIaMedium,110,20,5,1.527462271,2.833881765,0.311726994,Y,20.37122395,440,NA,NA,NA,17,"Nil
","Nil
",03:20.3
1630,IGFS2004,5,101020101,107,107,13,1,Groundgear_D,Long,4.00E+01,V,15/10/2004 12:09,33,55.72,-9.133,55.738,-9.092,VIaMedium,113,21,5,1.75914936,3.26372794,0.368801257,Y,20.95256612,460,NA,NA,NA,13,"Nil
","Nil
",03:20.3
1631,IGFS2004,MB23,101020101,134,134,14,1,Groundgear_D,Long,4.00E+02,V,15/10/2004 14:58,30,55.991,-8.8,56.001,-8.845,VIaDeep,123,21,4,1.628133732,3.020656274,0.371540722,Y,22.90724974,545,NA,NA,NA,15,"Nil
","Nil
",03:20.3
1632,IGFS2004,94,101020101,170,170,15,1,Groundgear_D,Long,4.10E+01,V,15/10/2004 17:24,30,56.226,-9.103,56.195,-9.097,VIaSlope,122,21,4,1.871266375,3.471737245,0.423551944,Y,22.71055277,660,NA,NA,NA,7,"Nil
","Nil
",03:20.3
1633,IGFS2004,93,101020101,90,90,16,1,Groundgear_D,Long,4.10E+03,V,16/10/2004 6:53,29,56.216,-7.269,56.21,-7.317,VIaMedium,112,21,4,1.645226812,3.052368854,0.341865312,Y,20.75853772,420,NA,NA,NA,27,"Nil
","Nil
",03:20.3
1634,IGFS2004,MB2,101020101,103,103,17,1,Groundgear_D,Long,4.10E+03,V,16/10/2004 9:15,27,56.2,-7.773,56.181,-7.809,VIaMedium,118,21,4,1.658787047,3.077526989,0.363148185,Y,21.92655208,455,NA,NA,NA,NA,"Nil
","Nil
",03:20.3
1635,IGFS2004,1,101020101,175,175,18,1,Groundgear_D,Long,4.10E+02,V,16/10/2004 11:44,31,56.328,-8.011,56.327,-8.059,VIaDeep,130,23,4,1.601673427,2.971564799,0.386303424,Y,24.29233357,600,NA,NA,NA,28,"Nil
","Nil
",03:20.3
1636,IGFS2004,2,101020101,148,148,19,1,Groundgear_D,Long,4.10E+02,V,16/10/2004 13:31,30,56.317,-8.307,56.313,-8.36,VIaDeep,120,21,4,1.784075268,3.309972668,0.39719672,Y,22.31800195,540,NA,NA,NA,30,"Nil
","Nil
",03:20.3
1637,IGFS2004,MB24,101020101,142,142,20,1,Groundgear_D,Long,4.10E+02,V,16/10/2004 16:32,30,56.042,-8.022,56.03,-8.067,VIaDeep,116,20,4,1.674683904,3.10702023,0.360414347,Y,21.53617584,525,NA,NA,NA,30,"Nil
","Nil
",03:20.3
1638,IGFS2004,MMMA3,101020101,136,136,21,1,Groundgear_D,Long,4.00E+02,V,17/10/2004 6:42,29,55.811,-8.407,55.82,-8.36,VIaDeep,115,20,5,1.677447197,3.112146934,0.357896897,Y,21.34138194,490,NA,NA,NA,3,2 floats broke going over roller,2 floats broke going over roller,03:20.3
1639,IGFS2004,MB5,101020101,151,151,22,1,Groundgear_D,Long,4.00E+03,V,17/10/2004 9:27,30,55.9,-7.861,55.884,-7.818,VIaDeep,119,20,5,1.739191077,3.226699586,0.383977251,Y,22.12214112,545,NA,NA,NA,21,"minor tears in wings mended
","minor tears in wings mended
",03:20.3
1640,IGFS2004,MB6,101020101,136,136,23,1,Groundgear_D,Long,4.00E+03,V,17/10/2004 10:42,30,55.854,-7.725,55.856,-7.677,VIaDeep,113,20,5,1.624703704,3.014292587,0.340615062,Y,20.95256612,500,NA,NA,NA,17,"Nil
","Nil
",03:20.3
1641,IGFS2004,MB25,101020101,100,100,24,1,Groundgear_D,Long,4.00E+02,V,17/10/2004 13:02,30,55.759,-8.052,55.735,-8.076,VIaMedium,120,20,5,1.653572297,3.067852127,0.368142255,Y,22.31800195,410,NA,NA,NA,20,"Nil
","Nil
",03:20.3
1642,IGFS2004,MB26,101020101,71,71,25,1,Groundgear_D,Short,4.00E+03,I,17/10/2004 15:02,29,55.581,-7.951,55.576,-8.002,VIaCoast,112,21,5,1.759506284,3.264390137,0.365611695,Y,32.93514181,320,NA,NA,NA,NA,"Foul haul, Belly sheet pulled back. Bridles heavily marked, doors scratched.","Foul haul, Belly sheet pulled back. Bridles heavily marked, doors scratched.",03:20.3
1643,IGFS2004,MB7,101020101,61,61,26,1,Groundgear_D,Short,4.00E+03,V,18/10/2004 6:52,30,55.513,-7.767,55.538,-7.746,VIaCoast,83,20.18,5,1.661823399,3.083160295,0.255902304,Y,23.76038723,300,NA,NA,NA,13,"Nil
","Nil
",03:20.3
1644,IGFS2004,32,101020101,56,56,27,1,Groundgear_D,Short,4.00E+03,V,18/10/2004 9:22,30,55.618,-7.319,55.589,-7.303,VIaCoast,82,21,5,1.823187679,3.382537438,0.27736807,Y,23.45684645,290,NA,NA,NA,16,"Nil
","Nil
",03:20.3
1645,IGFS2004,33,101020101,70,70,28,1,Groundgear_D,Short,4.00E+03,V,18/10/2004 10:56,30,55.529,-7.074,55.509,-7.027,VIaCoast,91,20,5,2.000238569,3.711017752,0.337702615,Y,26.21543642,325,NA,NA,NA,15,"Nil
","Nil
",03:20.3
1646,IGFS2004,COD3,101020101,36,36,29,1,Groundgear_D,Short,3.90E+03,V,18/10/2004 12:36,30,55.374,-7.004,55.394,-7.036,VIaCoast,77,22,4,1.623404026,3.011881309,0.231914861,Y,21.94932527,200,NA,NA,NA,15,"Nil
","Nil
",03:20.3
1647,IGFS2004,COD2,101020101,40,40,30,1,Groundgear_D,Short,3.90E+04,V,18/10/2004 13:56,31,55.325,-6.934,55.305,-6.893,VIaCoast,75,19,5,1.846352334,3.425514534,0.25691359,Y,21.35083196,200,NA,NA,NA,16,"Nil
","Nil
",03:20.3
1648,IGFS2004,COD1,101020101,62,72,31,1,Groundgear_D,Short,3.90E+04,V,18/10/2004 15:20,30,55.369,-6.9,55.368,-6.854,VIaCoast,82,21,4,1.573240549,2.918813634,0.239342718,Y,23.45684645,300,NA,NA,NA,16,"Nil
","Nil
",03:20.3
1649,IGFS2004,COD2,101020101,56,65,32,1,Groundgear_D,Short,3.90E+04,I,18/10/2004 19:01,30,55.315,-6.908,55.298,-6.866,VIaCoast,77,18,5,1.762786652,3.270476164,0.251826665,Y,21.94932527,225,NA,NA,NA,NA,Repeat tow in cod box  in the darky poohs,Repeat tow in cod box  in the darky poohs,03:20.3
1650,IGFS2004,10,101020101,21,34,33,1,Groundgear_D,Short,3.90E+03,V,19/10/2004 7:29,30,55.21,-7.911,55.234,-7.943,VIaCoast,71,17,5,1.810762617,3.359485375,0.238523462,Y,20.16105414,150,NA,NA,NA,11,"Nil
","Nil
",03:20.3
1651,IGFS2004,9,101020101,71,71,34,1,Groundgear_D,Short,3.90E+02,V,19/10/2004 9:28,30,55.357,-8.196,55.377,-8.233,VIaCoast,84,21,5,1.743401226,3.234510624,0.271698892,Y,24.0646376,340,NA,NA,NA,6,Minor tears in port wing,Minor tears in port wing,03:20.3
1652,IGFS2004,12,101020101,93,93,35,1,Groundgear_D,Long,3.90E+02,V,19/10/2004 11:38,30,55.381,-8.491,55.355,-8.478,VIaMedium,106,20,5,1.622210496,3.009666968,0.319024699,Y,19.5994811,410,NA,NA,NA,17,"Nil
","Nil
",03:20.3
1653,IGFS2004,mar-04,101020101,92,92,36,1,Groundgear_D,Long,3.90E+01,V,19/10/2004 14:48,30,55.121,-9.015,55.093,-9.005,VIaMedium,112,20,4,1.71498134,3.181783563,0.356359759,Y,20.75853772,390,NA,NA,NA,15,"Nil
","Nil
",03:20.3
1654,IGFS2004,29,101020101,104,106,37,1,Groundgear_D,Long,3.90E+01,V,19/10/2004 17:45,31,55.165,-9.361,55.195,-9.357,VIaMedium,120,21.37,NA,1.805387523,3.34951303,0.401941564,Y,22.31800195,400,NA,NA,NA,14,"Nil
","Nil
",03:20.3
1655,IGFS2004,MB27,101010101,51,51,38,1,Groundgear_A,Short,3.70E+02,V,20/10/2004 6:45,30,54.396,-8.821,54.423,-8.84,VIIbCoast,80,20,5,1.751098019,3.248790388,0.259903231,Y,22.85184029,240,NA,NA,NA,17,"Nil
","Nil
",03:20.3
1656,IGFS2004,14,101020101,28,38,39,1,Groundgear_D,Short,3.80E+02,V,20/10/2004 9:52,30,54.584,-8.347,54.567,-8.393,VIaCoast,71,18,5,1.90031337,3.525627773,0.250319572,Y,20.16105414,175,NA,NA,NA,8,"Nil
","Nil
",03:20.3
1657,IGFS2004,MB9,101020101,80,80,40,1,Groundgear_D,Short,3.80E+02,V,20/10/2004 12:00,30,54.553,-8.826,54.537,-8.868,VIaCoast,108,20,5,1.751549586,3.249628174,0.350959843,Y,31.61923712,340,NA,NA,NA,12,"Nil
","Nil
",03:20.3
1658,IGFS2004,26,101020101,94,94,41,1,Groundgear_D,Long,3.80E+01,V,20/10/2004 15:35,30,54.8,-9.607,54.774,-9.635,VIaMedium,103,19,4,1.83748928,3.409071021,0.351134315,Y,19.02310202,400,NA,NA,NA,8,"Nil
","Nil
",03:20.3
1659,IGFS2004,21,101010101,174,174,42,1,Groundgear_A,Long,37D9,V,21/10/2004 6:53,30,54.156,-10.692,54.127,-10.71,VIIbDeep,122,22,4,1.851784226,3.435592257,0.419142255,Y,22.71055277,625,NA,NA,NA,6,"Nil
","Nil
",03:20.3
1660,IGFS2004,95,101010101,153,153,43,1,Groundgear_A,Long,36D9,V,21/10/2004 9:56,29,53.736,-10.867,53.708,-10.88,VIIbDeep,122,22,4,1.742258333,3.232390228,0.394351608,Y,22.71055277,560,NA,NA,NA,14,"Nil
","Nil
",03:20.3
1661,IGFS2004,MB28,101010101,134,134,44,1,Groundgear_A,Long,35D9,V,21/10/2004 12:38,29,53.419,-10.866,53.393,-10.887,VIIbDeep,116,21,4,1.73183557,3.213053006,0.372714149,Y,21.53617584,405,NA,NA,NA,22,"Nil
","Nil
",03:20.3
1662,IGFS2004,52,101010101,120,120,45,1,Groundgear_A,Long,35D9,V,21/10/2004 15:04,30,53.18,-10.692,53.161,-10.726,VIIbMedium,115,21,5,1.673562875,3.104940399,0.357068146,Y,21.34138194,375,NA,NA,NA,20,"Nil
","Nil
",03:20.3
1663,IGFS2004,51,101010101,126,126,46,1,Groundgear_A,Long,35D9,V,21/10/2004 16:49,29,53.069,-10.875,53.05,-10.908,VIIbDeep,116,21,5,1.649552868,3.060394931,0.355005812,Y,21.53617584,425,NA,NA,NA,22,"Nil
","Nil
",03:20.3
1664,IGFS2004,FG2,101010101,71,71,47,1,Groundgear_A,Short,32D9,V,22/10/2004 6:55,30,51.689,-10.215,51.679,-10.257,VIIjCoast,92,22,5,1.676579171,3.110536495,0.286169358,Y,26.52587617,380,NA,NA,NA,16,"Nil
","Nil
",03:20.3
1665,IGFS2004,41,101010101,145,145,48,1,Groundgear_A,Long,31D9,V,22/10/2004 10:09,30,51.427,-10.586,51.434,-10.633,VIIjDeep,125,22,4,1.811128172,3.360163585,0.420020448,Y,23.30150455,540,NA,NA,NA,26,"Nil
","Nil
",03:20.3
1666,IGFS2004,42,101010101,152,152,49,1,Groundgear_A,Long,32D9,V,22/10/2004 12:42,30,51.635,-10.809,51.659,-10.833,VIIjDeep,124,22,4,1.695055754,3.144815871,0.389957168,Y,23.10423247,560,NA,NA,NA,20,"Nil
","Nil
",03:20.3
1667,IGFS2004,FG3,101010101,181,181,50,1,Groundgear_A,Long,32D8,V,22/10/2004 14:44,30,51.602,-11.105,51.626,-11.129,VIIjDeep,125,23,4,1.69539225,3.145440167,0.393180021,Y,23.30150455,620,NA,NA,NA,20,"Nil
","Nil
",03:20.3
1668,IGFS2004,FG28,101010101,232,232,51,1,Groundgear_A,Long,32D8,V,22/10/2004 16:51,30,51.608,-11.389,51.636,-11.397,VIIjSlope,129,23,4,1.70548643,3.164167774,0.408177643,Y,24.09355951,720,NA,NA,NA,20,"Nil
","Nil
",03:20.3
1669,IGFS2004,FG6,101010101,168,168,52,1,Groundgear_A,Long,30D9,V,23/10/2004 7:08,31,50.846,-10.842,50.846,-10.89,VIIjDeep,126,23,4,1.822159767,3.380630366,0.425959426,Y,23.4990696,600,NA,NA,NA,25,"Nil
","Nil
",03:20.3
1670,IGFS2004,81,101010101,247,258,53,1,Groundgear_A,Long,30D8,V,23/10/2004 10:14,29,50.721,-11.028,50.747,-11.051,VIIjSlope,132,22,4,1.787833779,3.316945787,0.437836844,Y,24.69082081,800,NA,NA,NA,23,"Nil
","Nil
",03:20.3
1671,IGFS2004,82,101010101,170,170,54,1,Groundgear_A,Long,30D9,V,23/10/2004 12:28,30,50.717,-10.739,50.717,-10.695,VIIjDeep,128,24,5,1.674915065,3.1074491,0.397753485,Y,23.89509335,605,NA,NA,NA,30,"Nil
","Nil
",03:20.3
1672,IGFS2004,FG29,101010101,167,167,55,1,Groundgear_A,Long,30D9,V,23/10/2004 14:25,30,50.577,-10.607,50.572,-10.645,VIIjDeep,126,22,5,1.481547855,2.748697319,0.346335862,Y,23.4990696,580,NA,NA,NA,19,"Nil
","Nil
",03:20.3
1673,IGFS2004,FG30,101010101,160,160,56,1,Groundgear_A,Long,29D9,V,23/10/2004 16:40,30,50.373,-10.578,50.349,-10.556,VIIjDeep,126,22,5,1.668097127,3.094799865,0.389944783,Y,23.4990696,580,NA,NA,NA,21,"Nil
","Nil
",03:20.3
1674,IGFS2004,71,101010101,49,49,57,1,Groundgear_A,Short,33D9,V,24/10/2004 7:06,31,52.02,-10.327,52.002,-10.366,VIIjCoast,78,20,5,1.802373663,3.343921453,0.260825873,Y,22.24951462,230,NA,NA,NA,20,"Nil
","Nil
",03:20.3
1675,IGFS2004,36,101010101,101,101,58,1,Groundgear_A,Long,32D9,V,24/10/2004 9:49,30,51.888,-10.709,51.88,-10.756,VIIjMedium,119,21,5,1.809092091,3.356386068,0.399409942,Y,22.12214112,410,NA,NA,NA,18,"Nil
","Nil
",03:20.3
1676,IGFS2004,38,101010101,137,137,59,1,Groundgear_A,Long,33D9,V,24/10/2004 11:57,30,52.019,-10.937,52.048,-10.921,VIIjDeep,130,23,4,1.83716955,3.40847783,0.443102118,Y,24.29233357,525,NA,NA,NA,24,"Nil
","Nil
",03:20.3
1677,IGFS2004,39,101010101,149,149,60,1,Groundgear_A,Long,33D8,V,24/10/2004 13:57,30,52.049,-11.164,52.062,-11.205,VIIjDeep,125,21,5,1.704591027,3.162506543,0.395313318,Y,23.30150455,540,NA,NA,NA,45,"Nil
","Nil
",03:20.3
1678,IGFS2004,FG1,101010101,152,152,61,1,Groundgear_A,Long,33D8,V,24/10/2004 16:19,31,52.169,-11.339,52.192,-11.355,VIIjDeep,127,22,4,1.500261749,2.783416975,0.353493956,Y,23.6969313,530,NA,NA,NA,35,"Nil
","Nil
",03:20.3
1679,IGFS2004,MB14,101010101,123,123,62,1,Groundgear_A,Long,34D9,V,25/10/2004 7:00,30,52.754,-10.908,52.774,-10.879,VIIbDeep,123,22,5,1.597621282,2.964046906,0.364577769,Y,22.90724974,480,NA,NA,NA,25,Nil,Nil,03:20.3
1680,IGFS2004,50,101010101,128,128,63,1,Groundgear_A,Long,34D8,V,25/10/2004 8:59,30,52.868,-11.049,52.891,-11.057,VIIbDeep,124,23,5,1.409800375,2.615585112,0.324332554,Y,23.10423247,500,NA,NA,NA,20,"Nil
","Nil
",03:20.3
1681,IGFS2004,FG32,101010101,139,139,64,1,Groundgear_A,Long,34D8,V,25/10/2004 11:46,31,52.907,-11.507,52.931,-11.529,VIIbDeep,124,23,5,1.645769893,3.053376424,0.378618677,Y,23.10423247,525,NA,NA,NA,10,Valid to but short tear in wing end and along selvage. Stones in bag. Very lucky. Repeat only with rockhopper gear.,Valid to but short tear in wing end and along selvage. Stones in bag. Very lucky. Repeat only with rockhopper gear.,03:20.3
1682,IGFS2004,89,101010101,149,149,65,1,Groundgear_A,Long,35D8,V,25/10/2004 15:48,30,53.215,-11.24,53.23,-11.206,VIIbDeep,130,23,4,1.519157934,2.818474831,0.366401728,Y,24.29233357,540,NA,NA,NA,8,"Nil
","Nil
",03:20.3
1683,IGFS2004,62,101010101,37,37,66,1,Groundgear_A,Short,3.50E+01,V,27/10/2004 7:23,30,53.196,-9.464,53.193,-9.41,VIIbCoast,89,21,4.4,1.953609172,3.624506812,0.322581106,Y,25.59701948,280,NA,NA,NA,26,"Nil
","Nil
",03:20.3
1684,IGFS2004,60,101010101,76,76,67,1,Groundgear_A,Long,3.40E+01,V,27/10/2004 10:33,30,52.93,-9.715,52.901,-9.741,VIIbCoast,108,20,4.6,1.978511032,3.670706923,0.396436348,Y,31.61923712,350,NA,NA,NA,31,"Nil
","Nil
",03:20.3
1685,IGFS2004,68,101010101,29,29,68,1,Groundgear_A,Short,3.40E+01,V,27/10/2004 14:30,30,52.544,-9.818,52.538,-9.756,VIIbCoast,90,20,5.9,2.295694579,4.259173616,0.383325625,Y,25.9058227,170,NA,NA,NA,36,"Nil
","Nil
",03:20.3
1686,IGFS2004,FG33,101010101,73,73,69,1,Groundgear_A,Short,32D9,I,27/10/2004 7:14,30,51.488,-10.082,51.502,-10.031,VIIjCoast,89,21,3.4,2.085510213,3.869221175,0.344360685,Y,25.59701948,350,NA,NA,NA,48,"Nil
","Nil
",03:20.3
1687,IGFS2004,83,101010101,125,125,70,1,Groundgear_A,Long,3.10E+01,V,28/10/2004 15:15,30,51.173,-9.947,51.15,-9.903,VIIjMedium,125,21,5.8,2.157429097,4.002651386,0.500331423,Y,23.30150455,450,NA,NA,NA,27,"Nil
","Nil
",03:20.3
1688,IGFS2004,FG33,101010101,67,67,71,1,Groundgear_A,Short,31D9,V,28/10/2004 7:06,30,51.489,-10.084,51.507,-10.138,VIIjCoast,81,20,4.8,2.291397244,4.251200825,0.344347267,Y,23.15400187,310,NA,NA,NA,3.7,"Nil
","Nil
",03:20.3
1689,IGFS2004,FG9,101010101,53,53,72,1,Groundgear_A,Short,3.10E+01,V,28/10/2004 9:33,30,51.45,-9.673,51.462,-9.627,VIIjCoast,84,21,4.3,1.867572665,3.464884351,0.291050286,Y,24.0646376,250,NA,NA,NA,27,"Nil
","Nil
",03:20.3
1690,IGFS2004,MB20,101010101,125,125,73,1,Groundgear_A,Long,3.10E+01,V,29/10/2004 12:50,30,51.101,-9.595,51.131,-9.595,VIIjMedium,121,22,4.2,1.798920581,3.337514993,0.403839314,Y,22.51413801,450,NA,NA,NA,25,"Nil
","Nil
",03:20.3
1691,IGFS2004,86,101010101,113,113,74,1,Groundgear_A,Long,3.10E+01,I,29/10/2004 15:16,30,51.165,-9.326,51.165,-9.277,VIIjMedium,112,19,4.8,1.847407423,3.427472028,0.383876867,Y,20.75853772,450,NA,NA,NA,27, Stone in cod end, Stone in cod end,03:20.3
1692,IGFS2004,FG34,101010101,118,118,75,1,Groundgear_A,Long,3.10E+01,V,29/10/2004 17:41,30,51.118,-9.243,51.117,-9.287,VIIjMedium,125,22,4.9,1.661682024,3.082898004,0.385362251,Y,23.30150455,450,NA,NA,NA,26,"Nil
","Nil
",03:20.3
1693,IGFS2004,FG7,101010101,125,125,76,1,Groundgear_A,Long,2.90E+01,V,30/10/2004 7:09,30,50.49,-9.834,50.495,-9.88,VIIjDeep,121,22,4.6,1.784757058,3.311237584,0.400659748,Y,22.51413801,480,NA,NA,NA,24,"Nil
","Nil
",03:20.3
1694,IGFS2004,84,101010101,117,117,77,1,Groundgear_A,Long,3.00E+01,V,30/10/2004 10:04,30,50.747,-9.939,50.752,-9.896,VIIjDeep,112,21,4.3,1.662964028,3.08527649,0.345550967,Y,20.75853772,450,NA,NA,NA,22,"Nil
","Nil
",03:20.3
1695,IGFS2004,MB29,101010101,113,113,78,1,Groundgear_A,Long,2.90E+01,V,30/10/2004 12:52,30,50.495,-9.696,50.518,-9.651,VIIjMedium,117,20,4.3,2.205068632,4.091036424,0.478651262,Y,21.73123144,440,NA,NA,NA,NA,"Nil
","Nil
",03:20.3
1696,IGFS2004,85,101010101,127,127,79,1,Groundgear_A,Long,3.00E+01,V,30/10/2004 15:45,30,50.749,-9.259,50.756,-9.217,VIIjMedium,124,22,4.5,1.651790167,3.064545765,0.380003675,Y,23.10423247,482,NA,NA,NA,18,"Nil
","Nil
",03:20.3
1697,IGFS2004,CC306,101010101,120,120,80,1,Groundgear_A,Long,3.00E+02,V,31/10/2004 7:08,30,50.624,-8.908,50.603,-8.873,VIIgMedium,120,21,4.5,1.835297475,3.405004593,0.408600551,Y,22.31800195,470,NA,NA,NA,12,"Nil
","Nil
",03:20.3
1698,IGFS2004,FG12,101010101,118,118,81,1,Groundgear_A,Long,3.00E+02,V,31/10/2004 9:05,30,50.555,-8.617,50.585,-8.599,VIIgMedium,128,22,4.3,1.925599588,3.572540981,0.457285246,Y,23.89509335,470,NA,NA,NA,10,"Nil
","Nil
",03:20.3
1699,IGFS2004,62,101010101,116,116,82,1,Groundgear_A,Long,3.00E+02,V,31/10/2004 11:02,30,50.7,-8.505,50.723,-8.472,VIIgMedium,112,22,3.7,1.865536099,3.461105935,0.387643865,Y,20.75853772,470,NA,NA,NA,10,"Nil
","Nil
",03:20.3
1700,IGFS2004,FG14,101010101,121,121,83,1,Groundgear_A,Long,3.00E+02,V,31/10/2004 13:11,30,50.624,-8.246,50.642,-8.203,VIIgMedium,121,22,4.3,1.96307475,3.642068183,0.44069025,Y,22.51413801,455,NA,NA,NA,13,"Nil
","Nil
",03:20.3
1701,IGFS2004,FG35,101010101,101,101,84,1,Groundgear_A,Long,3.00E+03,V,31/10/2004 16:10,30,50.887,-7.782,50.91,-7.748,VIIgMedium,128,25,4.5,1.88789114,3.502580965,0.448330363,Y,23.89509335,425,NA,NA,NA,11,"Nil
","Nil
",03:20.3
1702,IGFS2004,MB30,101010101,114,114,85,1,Groundgear_A,Long,3.00E+03,V,01/11/2004 7:14,20,50.62,-7.607,50.649,-7.618,VIIgMedium,122,21,4.1,1.788691651,3.318537386,0.404861561,Y,22.71055277,450,NA,NA,NA,10,"Nil
","Nil
",03:20.3
1703,IGFS2004,CC307,101010101,103,103,86,1,Groundgear_A,Long,3.00E+03,V,01/11/2004 9:09,30,50.651,-7.352,50.638,-7.302,VIIgMedium,126,22,3.3,2.059453995,3.820879397,0.481430804,Y,23.4990696,435,NA,NA,NA,7,"Nil
","Nil
",03:20.3
1704,IGFS2004,FG36,101010101,102,102,87,1,Groundgear_A,Long,3.00E+03,V,01/11/2004 12:38,30,50.986,-7.637,51.007,-7.605,VIIgMedium,115,20.6,3.8,1.746944387,3.241084207,0.372724684,Y,21.34138194,400,NA,NA,NA,4,"Nil
","Nil
",03:20.3
1705,IGFS2004,FG23,101010101,98,98,88,1,Groundgear_A,Long,3.10E+03,V,01/11/2004 14:34,30,51.156,-7.45,51.18,-7.419,VIIgMedium,113,22,4,1.853912633,3.439541063,0.38866814,Y,20.95256612,400,NA,NA,NA,7,"Nil
","Nil
",03:20.3
1706,IGFS2004,FG15,101010101,85,85,89,1,Groundgear_A,Long,3.10E+03,V,01/11/2004 16:21,30,51.33,-7.425,51.348,-7.455,VIIgMedium,122,22,4.3,1.56037821,2.894950297,0.353183936,Y,22.71055277,375,NA,NA,NA,7,"Nil
","Nil
",03:20.3
1707,IGFS2004,53A,101010101,70,70,90,1,Groundgear_A,Long,3.20E+02,V,02/11/2004 7:12,30,51.616,-8.254,51.646,-8.259,VIIgCoast,112,21,4.2,1.808731297,3.355716692,0.37584027,Y,32.93514181,350,NA,NA,NA,NA,"Nil
","Nil
",03:20.3
1708,IGFS2004,54,101010101,88,88,91,1,Groundgear_A,Long,3.10E+02,V,02/11/2004 10:44,30,51.429,-8.59,51.425,-8.54,VIIgMedium,114,22,4.3,1.889695865,3.505929249,0.399675934,Y,21.14684645,375,NA,NA,NA,NA,"Nil
","Nil
",03:20.3
1709,IGFS2004,64,101010101,100,100,92,1,Groundgear_A,Long,3.10E+02,V,02/11/2004 13:08,30,51.262,-8.735,51.26,-8.686,VIIgMedium,120,22,4.2,1.847466788,3.427582168,0.41130986,Y,22.31800195,420,NA,NA,NA,NA,"Nil
","Nil
",03:20.3
1710,IGFS2004,CC310,101010101,100,100,93,1,Groundgear_A,Long,3.10E+02,V,02/11/2004 15:13,30,51.206,-8.539,51.184,-8.577,VIIgMedium,115,21,4.4,1.94686333,3.611991337,0.415379004,Y,21.34138194,420,NA,NA,NA,11,"Nil
","Nil
",03:20.3
1711,IGFS2004,FG16,101010101,103,103,94,1,Groundgear_A,Long,3.10E+02,V,02/11/2004 17:20,30,51.088,-8.267,51.11,-8.222,VIIgMedium,125,23,4.3,2.151038211,3.990794454,0.498849307,Y,23.30150455,425,NA,NA,NA,14,"Nil
","Nil
",03:20.3
1712,IGFS2004,FG37,101010101,89,89,95,1,Groundgear_A,Long,3.10E+03,V,03/11/2004 7:06,30,51.336,-7.783,51.361,-7.753,VIIgMedium,112,21,4.6,1.875272329,3.479169442,0.389666978,Y,20.75853772,390,NA,NA,NA,8,"Nil
","Nil
",03:20.3
1713,IGFS2004,FG17,101010101,83,83,96,1,Groundgear_A,Long,3.10E+02,V,03/11/2004 9:40,30,51.479,-8.075,51.479,-8.023,VIIgMedium,115,18,4.4,1.947173145,3.612566133,0.415445105,Y,21.34138194,370,NA,NA,NA,9,"Nil
","Nil
",03:20.3
1714,IGFS2004,FG18,101010101,80,80,97,1,Groundgear_A,Long,3.20E+03,V,03/11/2004 11:45,30,51.614,-7.869,51.627,-7.822,VIIgMedium,122,22,5.1,1.919902026,3.561970363,0.434560384,Y,22.71055277,360,NA,NA,NA,9,"Nil
","Nil
",03:20.3
1715,IGFS2004,FG20,101010101,65,65,98,1,Groundgear_A,Short,3.20E+03,V,03/11/2004 13:56,30,51.811,-7.618,51.829,-7.575,VIIgCoast,80,21,3.8,1.928546491,3.578008332,0.286240667,Y,22.85184029,320,NA,NA,NA,11,"Nil
",Poor Spread - Unknow cause,03:20.3
1716,IGFS2004,MB31,101010101,71,71,99,1,Groundgear_A,Short,3.20E+03,V,03/11/2004 16:21,30,51.679,-7.25,51.647,-7.25,VIIgCoast,92,21,4.7,1.919028765,3.560350213,0.32755222,Y,26.52587617,325,NA,NA,NA,8,"Nil
","Nil
",03:20.3
1717,IGFS2004,42A,101010101,42,42,100,1,Groundgear_A,Short,3.30E+03,V,04/11/2004 6:58,30,52.028,-7.382,52.044,-7.341,VIIgCoast,85,23,4.8,1.79458925,3.329479129,0.283005726,Y,24.36961121,242,NA,NA,NA,14,"Nil
","Nil
",03:20.3
1718,IGFS2004,33A,101010101,54,54,101,1,Groundgear_A,Short,3.30E+04,V,04/11/2004 9:49,30,52.004,-6.756,51.975,-6.738,VIIgCoast,81,21,4.6,1.862540663,3.455548541,0.279899432,Y,23.15400187,270,NA,NA,NA,14,"Nil
","Nil
",03:20.3
1719,IGFS2004,FG25,101010101,71,71,102,1,Groundgear_A,Short,3.30E+04,V,04/11/2004 12:23,30,52.008,-6.252,52.019,-6.206,VIIgCoast,93,21,NA,1.825651768,3.387109032,0.31500114,Y,26.83715779,330,NA,NA,NA,16,"Nil
","Nil
",03:20.3
1720,IGFS2004,69,101010101,61,61,103,1,Groundgear_A,Short,3.20E+04,V,04/11/2004 15:16,30,51.813,-6.482,51.839,-6.509,VIIgCoast,83,21,4.7,1.854175939,3.440029572,0.285522454,Y,23.76038723,300,NA,NA,NA,21,"Nil
","Nil
",03:20.3
1721,IGFS2004,FG38,101010101,63,63,104,1,Groundgear_A,Short,3.20E+04,V,04/11/2004 16:48,30,51.733,-6.494,51.706,-6.468,VIIgCoast,84,22,4.9,1.886718379,3.500405156,0.294034033,Y,24.0646376,310,NA,NA,NA,20,"Nil
","Nil
",03:20.3
1722,IGFS2004,40,101010101,110,110,105,1,Groundgear_A,Long,3.20E+05,V,05/11/2004 7:10,30,51.725,-5.912,51.745,-5.876,VIIgMedium,130,25,3,1.798742005,3.337183682,0.433833879,Y,24.29233357,450,NA,NA,NA,21,"Nil
","Nil
",03:20.3
1723,IGFS2004,FG23A,101010101,108,108,106,1,Groundgear_A,Long,3.20E+04,V,05/11/2004 9:34,30,51.619,-6.188,51.591,-6.208,VIIgMedium,114,21,4.3,1.837735078,3.409527047,0.388686083,Y,21.14684645,450,NA,NA,NA,10,"Nil
","Nil
",03:20.3
1724,IGFS2004,110,101010101,75,75,107,1,Groundgear_A,Long,3.20E+04,V,05/11/2004 11:41,30,51.59,-6.474,51.561,-6.448,VIIgCoast,106,20,4.3,1.992063953,3.69585149,0.391760258,Y,30.96825691,335,NA,NA,NA,12,"Nil
","Nil
",03:20.3
1725,IGFS2004,111,101010101,107,107,108,1,Groundgear_A,Long,3.10E+04,V,05/11/2004 13:37,30,51.412,-6.361,51.382,-6.377,VIIgMedium,127,22,4.4,1.896489509,3.518533411,0.446853743,Y,23.6969313,430,NA,NA,NA,12,"Nil
","Nil
",03:20.3
1726,IGFS2004,112,101010101,106,106,109,1,Groundgear_A,Long,3.10E+04,V,05/11/2004 16:06,30,51.22,-6.331,51.25,-6.329,VIIgMedium,125,21,4.4,1.800532219,3.340505044,0.417563131,Y,23.30150455,430,NA,NA,NA,15,"Nil
","Nil
",03:20.3
1727,IGFS2004,FG21,101010101,92,92,110,1,Groundgear_A,Long,3.00E+04,V,06/11/2004 7:14,30,50.848,-6.055,50.848,-6.104,VIIgMedium,114,21,4.3,1.860041899,3.450912613,0.393404038,Y,21.14684645,390,NA,NA,NA,16,"Nil
","Nil
",03:20.3
1728,IGFS2004,113,101010101,83,83,111,1,Groundgear_A,Long,3.10E+05,V,06/11/2004 9:57,30,51.058,-5.781,51.09,-5.804,VIIgMedium,105,20,4,2.106380043,3.90794071,0.410333775,Y,19.40712849,365,NA,NA,NA,16,"Nil
","Nil
",03:20.3
1729,IGFS2004,44,101010101,72,72,112,1,Groundgear_A,Short,3.10E+05,V,06/11/2004 12:40,30,51.276,-5.527,51.248,-5.498,VIIgCoast,87,22,3.8,2.002395656,3.71501977,0.32320672,Y,24.9817839,335,NA,NA,NA,19,"Nil
","Nil
",03:20.3
1730,IGFS2004,MB32,101010101,67,67,113,1,Groundgear_A,Short,3.10E+05,V,06/11/2004 15:23,30,51.466,-5.499,51.484,-5.541,VIIgCoast,91,25,5,1.907620467,3.53918454,0.322065793,Y,26.21543642,320,NA,NA,NA,18,"Nil
","Nil
",03:20.3
1731,IGFS2004,FG39,101010101,101,101,114,1,Groundgear_A,Long,3.10E+04,I,07/11/2004 7:18,20,51.083,-6.813,51.111,-6.828,VIIgMedium,118,21,4.3,1.771938405,3.287455297,0.387919725,Y,21.92655208,400,NA,NA,NA,20,Tore net. Probably due to ancchor of gill netter that phoned up 20 mins into the tow.,Tore net. Probably due to ancchor of gill netter that phoned up 20 mins into the tow.,03:20.3
1732,IGFS2004,FG38,101010101,88,88,115,1,Groundgear_A,Long,3.10E+04,V,07/11/2004 11:48,30,51.279,-6.993,51.289,-6.947,VIIgMedium,113,21,4.9,1.830823957,3.39670493,0.383827657,Y,20.95256612,375,NA,NA,NA,16,"Nil
","Nil
",03:20.3
1733,IGFS2004,FG40,101010101,83,83,116,1,Groundgear_A,Long,3.10E+04,V,07/11/2004 13:40,30,51.365,-6.718,51.366,-6.67,VIIgMedium,117,23,4.5,1.802845799,3.344797401,0.391341296,Y,21.73123144,375,NA,NA,NA,16,"Nil
","Nil
",03:20.3
1734,IGFS2004,36,101010101,51,51,117,1,Groundgear_A,Short,3.30E+06,V,08/11/2004 7:22,30,52.323,-4.948,52.344,-4.922,VIIaCoastE,82,21,5.6,1.580799521,2.932837701,0.240492691,Y,15.0400205,268,NA,NA,NA,17,"Nil
","Nil
",03:20.3
1735,IGFS2004,27,101010101,96,96,118,1,Groundgear_A,Long,3.30E+05,V,08/11/2004 10:56,30,52.178,-5.607,52.207,-5.613,VIIaMedium,111,28,4.1,1.753280553,3.252839616,0.361065197,Y,20.56475805,390,NA,NA,NA,32,"Nil
","Nil
",03:20.3
1736,IGFS2004,32,101010101,80,80,119,1,Groundgear_A,Long,3.30E+05,V,08/11/2004 13:46,30,52.338,-5.881,52.368,-5.874,VIIaMedium,110,21,NA,1.817574009,3.372122466,0.370933471,Y,20.37122395,365,NA,NA,NA,20,"Nil
","Nil
",03:20.3
1737,IGFS2004,24,101010101,72,67,120,1,Groundgear_A,Short,3.40E+05,V,09/11/2004 14:19,28,52.513,-5.814,52.543,-5.799,VIIaCoastW,87,20.51,4.6,1.881158142,3.490089317,0.303637771,Y,15.98087374,351,NA,NA,NA,26,"Nil
nil","Nil
nil",03:20.3
1738,IGFS2004,7a,101010101,35,35,121,1,Groundgear_A,Short,3.40E+05,V,09/11/2004 16:41,24,52.768,-5.933,52.794,-5.926,VIIaCoastW,71,19,6.6,1.580152034,2.931636426,0.208146186,Y,12.98427013,200,NA,NA,NA,23,"Nil
","Nil
",03:20.3
1739,IGFS2004,29,101010101,17,17,122,1,Groundgear_A,Short,3.30E+06,V,10/11/2004 7:42,30,52.293,-4.303,52.308,-4.262,VIIaCoastE,68,19,5.1,1.755565406,3.257078675,0.22148135,Y,12.426667,151,NA,NA,NA,36,"Nil
","Nil
",03:20.3
1740,IGFS2004,MB33,101010101,33,35,123,1,Groundgear_A,Short,3.30E+06,V,10/11/2004 10:35,29,52.414,-4.708,52.414,-4.764,VIIaCoastE,93,12,5.1,2.05379983,3.810389295,0.354366204,Y,17.11579472,175,NA,NA,NA,31,"Nil
","Nil
",03:20.3
1741,IGFS2004,30A,101010101,10,13,124,1,Groundgear_A,Short,3.40E+06,V,10/11/2004 14:12,30,52.623,-4.318,52.634,-4.361,VIIaCoastE,65,23,5.1,1.702410533,3.1584611,0.205299971,Y,11.87025711,125,NA,NA,NA,21, Nil.Drop keel up for this tow plus v.shallow water. Getting funny readings., Nil.Drop keel up for this tow plus v.shallow water. Getting funny readings.,03:20.3
1742,IGFS2004,30,101010101,39,39,125,1,Groundgear_A,Short,3.40E+06,V,10/11/2004 15:53,30,52.724,-4.474,52.716,-4.518,VIIaCoastE,80,19,4.7,1.67280649,3.103537087,0.248282967,Y,14.66485371,175,NA,NA,NA,20,"Nil
","Nil
",03:20.3
1743,IGFS2004,19,101010101,26,26,126,1,Groundgear_A,Short,3.50E+04,V,11/11/2004 7:19,30,53.238,-6.013,53.208,-6.019,VIIaCoastW,65,20,5.7,1.812483776,3.36267862,0.21857411,Y,11.87025711,165,NA,NA,NA,21,"Nil.lots of pots in area. Snagged some hauling no damage. 
","Nil.lots of pots in area. Snagged some hauling no damage. 
",03:20.3
1744,IGFS2004,20,101010101,66,60,127,1,Groundgear_A,Short,3.50E+05,V,11/11/2004 10:10,30,53.32,-5.609,53.349,-5.605,VIIaCoastW,93,22,5.2,1.745533014,3.238465704,0.30117731,Y,17.11579472,300,NA,NA,NA,19,"small tear port side just past wing. unsym geometry five mins into tow  found lumps of concrete in net afterwards.   
Snagged something 5mins into tow. small tear port side wing. Concrete lumps in haul.","small tear port side just past wing. unsym geometry five mins into tow  found lumps of concrete in net afterwards.   
Snagged something 5mins into tow. small tear port side wing. Concrete lumps in haul.",03:20.3
1745,IGFS2004,4B,101010101,82,82,128,1,Groundgear_A,Short,3.60E+05,V,11/11/2004 12:24,30,53.492,-5.67,53.521,-5.671,VIIaCoastW,107,17,4.1,1.740031952,3.228259651,0.345423783,Y,19.79206392,335,NA,NA,NA,18,"Nil
","Nil
",03:20.3
1746,IGFS2004,6,101010101,41,40,129,1,Groundgear_A,Short,3.60E+05,V,11/11/2004 15:04,30,53.744,-5.912,53.773,-5.909,VIIaCoastW,83,21,NA,1.743003913,3.233773493,0.2684032,Y,15.22785063,235,NA,NA,NA,15,Nil. Pipeline across station moved station south and stopped just short of.,Nil. Pipeline across station moved station south and stopped just short of.,03:20.3
1747,IGFS2004,12,101010101,37,41,130,1,Groundgear_A,Short,3.70E+05,V,12/11/2004 7:18,30,54.025,-5.736,54.002,-5.766,VIIaCoastW,74,17,4.7,1.740007421,3.228214138,0.238887846,Y,13.5431274,175,NA,NA,NA,21,"Nil
","Nil
",03:20.3
1748,IGFS2004,106,101010101,82,82,131,1,Groundgear_A,Long,3.70E+05,V,12/11/2004 9:55,30,54.029,-5.239,54.046,-5.196,VIIaMedium,114,22,NA,1.8292009,3.393693692,0.386881081,Y,21.14684645,330,NA,NA,NA,28,"Nil
","Nil
",03:20.3
1749,IGFS2004,MB34,101010101,84,84,132,1,Groundgear_A,Long,3.70E+05,V,12/11/2004 12:17,30,54.222,-5.284,54.247,-5.253,VIIaMedium,115,20,NA,1.853854064,3.439432401,0.395534726,Y,21.34138194,350,NA,NA,NA,35,HH from Teye +1m,HH from Teye +1m,03:20.3
1750,IGFS2004,MB22,101010101,123,123,133,1,Groundgear_A,Long,3.80E+05,V,12/11/2004 14:55,30,54.516,-5.273,54.544,-5.284,VIIaMedium,124,21,4.8,1.723256774,3.197136872,0.396444972,Y,23.10423247,440,NA,NA,NA,35,"Nil
","Nil
",03:20.3
1751,IGFS2004,15,101010101,54,54,134,1,Groundgear_A,Short,3.80E+06,V,13/11/2004 8:05,30,54.629,-4.19,54.614,-4.228,VIIaCoastE,78,19,4.5,1.600130476,2.968702182,0.23155877,Y,14.29032869,260,NA,NA,NA,9,"Nil
","Nil
",03:20.3
1752,IGFS2004,107,101010101,32,32,135,1,Groundgear_A,Short,3.80E+07,V,13/11/2004 10:03,30,54.643,-3.911,54.611,-3.92,VIIaCoastE,68,18,4.7,1.945384841,3.609248314,0.245428885,Y,12.426667,175,NA,NA,NA,12,Nil,Nil,03:20.3
1753,IGFS2004,MB35,101010101,52,52,136,1,Groundgear_A,Short,3.80E+06,I,13/11/2004 12:22,30,54.501,-4.109,54.507,-4.062,VIIaCoastE,70,15,NA,1.680119867,3.117105504,0.218197385,Y,12.7982661,270,NA,NA,NA,15,"Wiggy haul. Fouled up net didnt sort. trawl sounder taken off to be repaired.
","Wiggy haul. Fouled up net didnt sort. trawl sounder taken off to be repaired.
",03:20.3
1754,IGFS2004,16,101010101,33,35,137,1,Groundgear_A,Short,3.70E+07,V,13/11/2004 15:21,30,54.41,-3.853,54.378,-3.833,VIIaCoastE,71,19,NA,2.043618038,3.791499143,0.269196439,Y,12.98427013,175,NA,NA,NA,20,HH from Teye +1m,HH from Teye +1m,03:20.3
1755,IGFS2004,102,101010101,32,32,138,1,Groundgear_A,Short,3.60E+07,V,14/11/2004 7:20,30,53.796,-3.713,53.824,-3.73,VIIaCoastE,73,18,4.1,1.784919192,3.31153839,0.241742302,Y,13.35669849,175,NA,NA,NA,19,Trawl eye moved up to headline height as  trawl sounder taken off due to damage.,Trawl eye moved up to headline height as  trawl sounder taken off due to damage.,03:20.3
1756,IGFS2004,FG42,101010101,32,32,139,1,Groundgear_A,Short,3.60E+07,V,14/11/2004 9:15,30,53.71,-3.459,53.677,-3.46,VIIaCoastE,65,19,4.4,1.980000532,3.673470375,0.238775574,Y,11.87025711,150,NA,NA,NA,18,"Nil
","Nil
",03:20.3
1757,IGFS2004,101,101010101,42,42,140,1,Groundgear_A,Short,3.60E+06,V,14/11/2004 14:57,30,53.51,-4.273,53.502,-4.239,VIIaCoastE,76,19.44,NA,1.307204282,2.425239855,0.184318229,Y,13.91642623,235,NA,NA,NA,28,doors stable but no other sensors readable.Tides very strong ground shady,doors stable but no other sensors readable.Tides very strong ground shady,03:20.3
1758,IGFS2004,FG43,101010101,54,54,141,1,Groundgear_A,Short,3.50E+06,V,15/11/2004 8:07,30,53.057,-4.715,53.089,-4.7,VIIaCoastE,85,23,NA,1.994513078,3.700395321,0.314533602,Y,15.60401668,240,NA,NA,NA,20,trawl eye not working for entire tow.Moved back to correct position on net.,trawl eye not working for entire tow.Moved back to correct position on net.,03:20.3
1759,IGFS2004,MB37,101010101,118,118,142,1,Groundgear_A,Long,3.50E+05,V,15/11/2004 11:21,30,53.264,-5.106,53.242,-5.108,VIIaMedium,123,15,4.2,1.321648945,2.452038859,0.30160078,Y,22.90724974,440,NA,NA,NA,16,Changed battery on trawl eye  reading accurately again except in strong tides.,Changed battery on trawl eye  reading accurately again except in strong tides.,03:20.3
1760,IGFS2004,MB38,101010101,99,99,143,1,Groundgear_A,Long,3.50E+05,V,15/11/2004 13:51,30,53.353,-5.418,53.378,-5.415,VIIaMedium,115,21,4.4,1.503533207,2.78948647,0.320790944,Y,21.34138194,420,NA,NA,NA,19,Wrecks on both sides of tow consult sodena for exact positions good tow otherwise,Wrecks on both sides of tow consult sodena for exact positions good tow otherwise,03:20.3
1761,IGFS2004,3,101010101,70,71,144,1,Groundgear_A,Short,3.50E+05,V,15/11/2004 16:14,30,53.401,-5.755,53.424,-5.758,VIIaCoastW,82,21,4.9,1.383895395,2.567523924,0.210536962,Y,15.0400205,310,NA,NA,NA,15,short sweeps put on. Good tow.,short sweeps put on. Good tow.,03:20.3
1762,IGFS2004,17,101010101,33,33,145,1,Groundgear_A,Short,3.70E+06,V,16/11/2004 7:24,31,54.075,-4.008,54.093,-4.036,VIIaCoastE,64,20,5.3,1.463448034,2.715116946,0.173767485,Y,11.68504196,200,NA,NA,NA,24,Nil,Nil,03:20.3
1763,IGFS2004,104,101010101,28,27,146,1,Groundgear_A,Short,3.70E+07,V,16/11/2004 9:43,30,54.093,-3.643,54.063,-3.628,VIIaCoastE,70,12,4,1.87600961,3.48053731,0.243637612,Y,12.7982661,150,NA,NA,NA,21,Towing on a cross tide. headline down to 3.1 in parts and doors less than 10m.,Towing on a cross tide. headline down to 3.1 in parts and doors less than 10m.,03:20.3
1764,IGFS2004,103,101010101,35,35,147,1,Groundgear_A,Short,3.60E+07,V,16/11/2004 11:37,30,53.973,-3.789,53.946,-3.806,VIIaCoastE,71,23,4.6,1.727869685,3.205695149,0.227604356,Y,12.98427013,175,NA,NA,NA,24,jellies,jellies,03:20.3
1765,IGFS2004,D243,101010101,43,43,148,1,Groundgear_A,Short,3.60E+06,V,16/11/2004 15:39,30,53.787,-4.126,53.771,-4.094,VIIaCoastE,81,20,4.7,1.48800985,2.760686178,0.22361558,Y,14.85235567,250,NA,NA,NA,27,headline up to 10m clearance up to 5m at 20mins until 25min doors stable thru out.,headline up to 10m clearance up to 5m at 20mins until 25min doors stable thru out.,03:20.3
1766,IGFS2004,MB39,101010101,42,42,150,1,Groundgear_A,Short,3.60E+06,V,17/11/2004 7:27,30,53.911,-4.088,53.928,-4.114,VIIaCoastE,68,26,5.3,1.374017944,2.549198412,0.173345492,Y,12.426667,200,NA,NA,NA,29,"Nil
","Nil
",03:20.3
1767,IGFS2004,D76,101010101,44,44,151,1,Groundgear_A,Short,3.70E+06,V,17/11/2004 10:02,30,54.017,-4.382,54.01,-4.407,VIIaCoastE,86,19,5.8,0.978092532,1.814642917,0.156059291,Y,15.79235758,220,NA,NA,NA,26,"Nil
","Nil
",03:20.3
1768,IGFS2004,MB40,101010101,63,63,152,1,Groundgear_A,Short,3.60E+06,V,17/11/2004 13:12,30,53.8,-4.685,53.784,-4.713,VIIaCoastE,83,21,4.9,1.382228332,2.564431043,0.212847777,Y,15.22785063,300,NA,NA,NA,30,"Nil
","Nil
",03:20.3
1769,IGFS2004,FG44,101010101,72,72,153,1,Groundgear_A,Long,3.60E+05,V,17/11/2004 15:45,30,53.83,-5.085,53.804,-5.113,VIIaCoastE,122,21,4.7,1.849584063,3.43151032,0.418644259,Y,22.71055277,335,NA,NA,NA,21,"Nil
","Nil
",03:20.3
1770,IGFS2004,SC559,101020101,57,58,154,1,Groundgear_D,Short,3.90E+06,V,18/11/2004 7:49,30,55.392,-4.885,55.421,-4.87,VIaCoast,79,17,4.6,1.814013206,3.365516151,0.265875776,Y,22.55034879,270,NA,NA,NA,17,"Nil
","Nil
",03:20.3
1771,IGFS2004,SC558,101020101,46,46,155,1,Groundgear_D,Short,3.90E+05,V,18/11/2004 10:17,30,55.233,-5.202,55.202,-5.21,VIaCoast,80,20,4,1.880308654,3.488513273,0.279081062,Y,22.85184029,235,NA,NA,NA,14,"Nil
","Nil
",03:20.3
1772,IGFS2004,FG45,101020101,182,182,156,1,Groundgear_D,Long,3.90E+04,V,18/11/2004 16:14,30,55.365,-6.311,55.335,-6.329,VIaMedium,118,16,4.1,1.902504807,3.52969352,0.416503835,Y,21.92655208,580,NA,NA,NA,7,"Nil
","Nil
",03:20.3
1773,IGFS2004,SC543,101020101,160,160,157,1,Groundgear_D,Long,4.10E+01,I,19/11/2004 6:53,30,56.206,-9.075,56.178,-9.072,VIaDeep,110,20,4.8,1.683419433,3.123227148,0.343554986,Y,20.37122395,540,NA,NA,NA,17,Intercalibration tow. Invalid due to being shot and hauled in darkness.,Intercalibration tow. Invalid due to being shot and hauled in darkness.,03:20.3
1774,IGFS2004,SC544,101020101,125,125,158,1,Groundgear_D,Long,4.00E+02,V,19/11/2004 10:01,30,55.817,-8.993,55.785,-8.993,VIaDeep,112,21,4.9,1.920361434,3.562822698,0.399036142,Y,20.75853772,540,NA,NA,NA,18,intercalibration tow with RV Scotia,intercalibration tow with RV Scotia,03:20.3
1775,IGFS2004,SC545,101020101,130,130,159,1,Groundgear_D,Long,3.90E+01,V,19/11/2004 13:20,30,55.458,-9.265,55.427,-9.269,VIaDeep,115,19,4.7,1.865238248,3.460553336,0.397963634,Y,21.34138194,450,NA,NA,NA,5,intercalibration tow with RV Scotia. 2500kgs of scad.,intercalibration tow with RV Scotia. 2500kgs of scad.,03:20.3
1776,IGFS2004,SC546,101020101,103,103,160,1,Groundgear_D,Long,3.90E+01,V,19/11/2004 16:00,30,55.139,-9.376,55.108,-9.365,VIaMedium,115,21,4.7,1.898211872,3.52172889,0.404998822,Y,21.34138194,425,NA,NA,NA,3,intercalibration tow with RV Scotia. ,intercalibration tow with RV Scotia. ,03:20.3
1777,IGFS2004,MB41,101020101,87,87,161,1,Groundgear_D,Long,3.90E+02,V,20/11/2004 7:55,30,55.31,-8.475,55.281,-8.479,VIaMedium,114,14,4.8,1.745564045,3.238523275,0.369191653,Y,21.14684645,400,NA,NA,NA,18,HH from Teye,HH from Teye,03:20.3
1778,IGFS2004,MB43,101020101,62,62,162,1,Groundgear_D,Short,3.90E+02,V,20/11/2004 10:08,30,55.083,-8.523,55.057,-8.55,VIaCoast,73,16,4.7,1.816106845,3.369400454,0.245966233,Y,20.75477265,260,NA,NA,NA,25," Nil HH from Teye 1m
"," Nil HH from Teye 1m
",03:20.3
1779,IGFS2004,MB44,101020101,65,65,163,1,Groundgear_D,Short,3.80E+02,V,20/11/2004 12:31,30,54.871,-8.78,54.859,-8.826,VIaCoast,79,18,4.6,1.747248679,3.241648756,0.256090252,Y,22.55034879,330,NA,NA,NA,17,"Nil
","Nil
",03:20.3
1780,IGFS2004,MB45,101020101,72,72,164,1,Groundgear_D,Short,3.80E+02,V,20/11/2004 15:52,30,54.578,-8.76,54.567,-8.7,VIaCoast,103,28,4.5,2.193177116,4.068974242,0.419104347,Y,30,335,NA,NA,NA,28,port wing sensor fell off  during tow and was caught futher back in net.,port wing sensor fell off  during tow and was caught futher back in net.,03:20.3
1781,IGFS2004,SC552,101020101,94,94,165,1,Groundgear_D,Long,3.80E+01,I,21/11/2004 6:53,30,54.565,-9.554,54.547,-9.592,VIaMedium,101,19,4.9,1.709506689,3.17162651,0.320334278,Y,18.63996097,330,NA,NA,NA,26,Intercalibration tow in darkness.,Intercalibration tow in darkness.,03:20.3
1782,IGFS2004,SC553,101010101,85,85,166,1,Groundgear_A,Long,3.70E+01,V,21/11/2004 8:52,30,54.484,-9.491,54.484,-9.437,VIIbMedium,96,17,4.9,1.886439898,3.499888493,0.335989295,Y,17.68583135,300,NA,NA,NA,29,intercalibration tow,intercalibration tow,03:20.3
1783,IGFS2004,SC554,101010101,64,64,167,1,Groundgear_A,Short,3.70E+02,V,21/11/2004 11:52,30,54.463,-8.882,54.462,-8.829,VIIbCoast,75,17,4.9,1.853448294,3.438679581,0.257900969,Y,21.35083196,260,NA,NA,NA,20,Intercalibration tow,Intercalibration tow,03:20.3
1784,IGFS2004,SC555,101020101,87,87,168,1,Groundgear_D,Long,3.80E+02,V,21/11/2004 13:46,30,54.594,-8.882,54.583,-8.932,VIaMedium,101,20,4.6,1.863065978,3.45652315,0.349108838,Y,18.63996097,300,NA,NA,NA,25,intercalibration tow,intercalibration tow,03:20.3
1785,IGFS2005,PO115,101010101,333,333,1,1,Groundgear_A,Long,36D8,V,27/09/2005 11:36,30,53.953,-11.664,53.948,-11.711,VIIbSlope,139,24,4.6,1.690034639,3.135500259,0.435834536,Y,26.09580497,950,NA,NA,NA,35,"Nil
","Nil
",03:20.3
1786,IGFS2005,PO113,101010101,359,359,2,1,Groundgear_A,Long,36D8,V,27/09/2005 14:05,30,53.951,-11.884,53.951,-11.926,VIIbSlope,125,22,6.8,1.486247166,2.757415892,0.344676986,Y,23.30150455,1000,NA,NA,NA,35,"Nil
","Nil
",03:20.3
1787,IGFS2005,PO14,101010101,220,220,3,1,Groundgear_A,Long,36D8,V,28/09/2005 7:29,30,53.697,-11.366,53.688,-11.406,VIIbSlope,131,23,5.3,1.523117497,2.82582096,0.370182546,Y,24.49141937,730,NA,NA,NA,35,"Nil
","Nil
",03:20.3
1788,IGFS2005,PO24,101010101,220,220,4,1,Groundgear_A,Long,36D8,V,28/09/2005 10:21,30,53.581,-11.544,53.561,-11.584,VIIbSlope,132,23,4.4,1.865353798,3.460767714,0.456821338,Y,24.69082081,715,NA,NA,NA,30,"Nil
","Nil
",03:20.3
1789,IGFS2005,PO22,101010101,266,288,5,1,Groundgear_A,Long,36D8,V,28/09/2005 11:47,30,53.583,-11.832,53.577,-11.879,VIIbSlope,137,23,4.5,1.716079107,3.183820236,0.436183372,Y,25.69270179,830,NA,NA,NA,20,"Nil
","Nil
",03:20.3
1790,IGFS2005,PO12,101010101,261,261,6,1,Groundgear_A,Long,36D8,V,28/09/2005 15:44,30,53.688,-11.628,53.67,-11.665,VIIbSlope,136,24,4.5,1.703720006,3.16089055,0.429881115,Y,25.49166224,800,NA,NA,NA,33,"Nil
","Nil
",03:20.3
1791,IGFS2005,PO138,101010101,301,301,7,1,Groundgear_A,Long,36D8,V,28/09/2005 18:07,30,53.763,-11.917,53.782,-11.947,VIIbSlope,130,24,NA,1.560722616,2.895589269,0.376426605,Y,24.29233357,925,NA,NA,NA,27,"Nil
","Nil
",03:20.3
1792,IGFS2005,PO497,101010101,750,730,8,1,Groundgear_A,Long,33D7,V,29/09/2005 7:15,30,52.064,-12.146,52.09,-12.154,VIIjSlope,121,20,NA,1.587098128,2.944523429,0.356287335,Y,22.51413801,2100,NA,NA,NA,15,"Nil
","Nil
",03:20.3
1793,IGFS2005,PO482,101010101,550,548,9,1,Groundgear_A,Long,33D7,V,29/09/2005 9:48,30,52.239,-12.06,52.261,-12.09,VIIjSlope,139,24,NA,1.720617321,3.192239928,0.44372135,Y,26.09580497,1600,NA,NA,NA,20,"Nil
","Nil
",03:20.3
1794,IGFS2005,PO461,101010101,530,511,10,1,Groundgear_A,Long,33D7,V,29/09/2005 12:22,30,52.357,-12.187,52.361,-12.227,VIIjSlope,130,22,NA,1.488287539,2.761201371,0.358956178,Y,24.29233357,1450,NA,NA,NA,31,Crack to welded bar on port door,Crack to welded bar on port door,03:20.3
1795,IGFS2005,PO242,101010101,350,350,11,1,Groundgear_A,Long,34D7,V,29/09/2005 15:00,30,52.559,-12.169,52.53,-12.153,VIIbSlope,125,24,NA,1.835143095,3.404718172,0.425589772,Y,23.30150455,1050,NA,NA,NA,25,"Nil
","Nil
",03:20.3
1796,IGFS2005,PO238,101010101,365,375,12,1,Groundgear_A,Long,34D7,V,29/09/2005 18:00,30,52.721,-12.298,52.693,-12.293,VIIbSlope,138,24,NA,1.689298777,3.134135023,0.432510633,Y,25.89408128,1050,NA,NA,NA,25,"Nil
","Nil
",03:20.3
1797,IGFS2005,PO206,101010101,347,363,13,1,Groundgear_A,Long,34D7,V,30/09/2005 7:13,30,52.974,-12.41,52.948,-12.428,VIIbSlope,142,23,NA,1.690341686,3.136069918,0.445321928,Y,26.70308426,1025,NA,NA,NA,24,"Nil
","Nil
",03:20.3
1798,IGFS2005,PO214,101010101,420,425,14,1,Groundgear_A,Long,34D7,V,30/09/2005 10:23,30,52.908,-12.841,52.896,-12.885,VIIbSlope,147,24,NA,1.750647194,3.247953977,0.477449235,Y,27.72251102,1200,NA,NA,NA,30,"Nil
","Nil
",03:20.3
1799,IGFS2005,PO187,101010101,365,381,15,1,Groundgear_A,Long,35D7,V,30/09/2005 13:40,30,53.15,-12.57,53.137,-12.612,VIIbSlope,141,24,NA,1.703741724,3.160930841,0.445691249,Y,26.50030209,1050,NA,NA,NA,30,"Nil
","Nil
",03:20.3
1800,IGFS2005,53A,101010101,61.9,73,16,1,Groundgear_A,Short,3.20E+02,V,24/10/2005 7:52,30,51.645,-8.256,51.612,-8.254,VIIgCoast,80,20.21,4.1,1.980394027,3.674200422,0.293936034,Y,22.85184029,NA,NA,NA,NA,NA,Nil,Nil,03:20.3
1801,IGFS2005,FG17,101010101,88,89,17,1,Groundgear_A,Long,3.10E+02,I,24/10/2005 10:01,30,51.48,-8.065,51.48,-8.012,VIIgMedium,100,21.05,4.5,1.984575383,3.681958039,0.368195804,Y,18.44871523,NA,NA,NA,NA,24,TORN ALONG WING,TORN ALONG WING,03:20.3
1802,IGFS2005,FG18,101010101,82,84.6,18,1,Groundgear_A,Long,3.20E+03,V,24/10/2005 12:34,30,51.618,-7.855,51.631,-7.804,VIIgMedium,104,19,4.3,2.057095154,3.816503069,0.396916319,Y,19.21500312,NA,NA,NA,NA,24,NIL,NIL,03:20.3
1803,IGFS2005,FG20,101010101,70,70,19,1,Groundgear_A,Short,3.20E+03,I,24/10/2005 14:49,32,51.815,-7.607,51.832,-7.568,VIIgCoast,104,21,4.7,1.772011336,3.287590605,0.341909423,Y,30.32168553,200,NA,NA,NA,20,"Big stone in cod end, bag chopped","Big stone in cod end, bag chopped",03:20.3
1804,IGFS2005,42,101010101,41,42,20,1,Groundgear_A,Short,3.30E+03,V,25/10/2005 6:48,30,52.027,-7.384,52.043,-7.342,VIIgCoast,77,24,5,1.825981851,3.38772143,0.26085455,Y,21.94932527,150,NA,NA,NA,31,Stbd bridle ripped back through net in last 30 sec as we hauled back. Got fast at end of tow burst both bottom bridles pulled back off. Rippeb selvage as far as 120mm.,Stbd bridle ripped back through net in last 30 sec as we hauled back. Got fast at end of tow burst both bottom bridles pulled back off. Rippeb selvage as far as 120mm.,03:20.3
1805,IGFS2005,MB31,101010101,69,74,21,1,Groundgear_A,Short,3.20E+03,V,27/10/2005 6:51,30,51.679,-7.25,51.65,-7.25,VIIgCoast,89,20,4.9,1.739120257,3.226568194,0.287164569,Y,25.59701948,265,NA,NA,NA,28,"Nil
","Nil
",03:20.3
1806,IGFS2005,FG46,101010101,66,66,22,1,Groundgear_A,Short,3.20E+03,V,27/10/2005 7:53,30,51.804,-7.087,51.834,-7.066,VIIgCoast,88,20,4.1,1.961140587,3.638479753,0.320186218,Y,25.28901153,225,NA,NA,NA,29,"Nil
","Nil
",03:20.3
1807,IGFS2005,33A,101010101,46,52,23,1,Groundgear_A,Short,3.30E+04,V,27/10/2005 11:16,30,52.008,-6.759,51.981,-6.741,VIIgCoast,79,19.62,4.1,1.751035719,3.248674804,0.25664531,Y,22.55034879,175,NA,NA,NA,23,"Nil
","Nil
",03:20.3
1808,IGFS2005,FG38,101010101,63,70,24,1,Groundgear_A,Short,3.20E+04,V,27/10/2005 14:08,30,51.732,-6.492,51.705,-6.466,VIIgCoast,89,20.24,4.3,1.886729106,3.500425058,0.31153783,Y,25.59701948,225,NA,NA,NA,36,"Nil
","Nil
",03:20.3
1809,IGFS2005,110,101010101,75,75,25,1,Groundgear_A,Long,3.20E+04,V,27/10/2005 16:03,30,51.592,-6.475,51.564,-6.449,VIIgCoast,112,20,3.9,1.939904982,3.599081599,0.403097139,Y,32.93514181,250,NA,NA,NA,34,"Nil
","Nil
",03:20.3
1810,IGFS2005,40,101010101,115,107,26,1,Groundgear_A,Long,3.20E+05,V,28/10/2005 6:36,30,51.75,-5.868,51.731,-5.905,VIIgMedium,111,21.57,4.3,1.787726748,3.316747214,0.368158941,Y,20.56475805,425,2.4,NA,NA,27,"Nil
","Nil
",03:20.3
1811,IGFS2005,FG23A,101010101,102,110,27,1,Groundgear_A,Long,3.20E+04,V,28/10/2005 8:54,30,51.62,-6.187,51.59,-6.207,VIIgMedium,122,21.33,4.7,1.947932124,3.613974256,0.440904859,Y,22.71055277,420,2.6,NA,NA,25,"Nil
","Nil
",03:20.3
1812,IGFS2005,FG48,101010101,93,93,28,1,Groundgear_A,Long,3.10E+04,V,28/10/2005 11:03,30,51.402,-6.016,51.372,-6.012,VIIgMedium,122,21.15,4.1,1.805253922,3.349265161,0.40861035,Y,22.71055277,390,3.1,NA,NA,24,"Nil
","Nil
",03:20.3
1813,IGFS2005,113,101010101,82,80,29,1,Groundgear_A,Long,3.10E+05,V,28/10/2005 13:50,30,51.086,-5.802,51.061,-5.786,VIIgMedium,115,20.91,4.1,1.616354644,2.99880268,0.344862308,Y,21.34138194,370,3.6,NA,NA,18,"Nil
","Nil
",03:20.3
1814,IGFS2005,FG49,101010101,88,87,30,1,Groundgear_A,Long,3.10E+05,V,28/10/2005 15:57,30,51.212,-5.958,51.247,-5.915,VIIgMedium,116,21.05,3.9,2.650627402,4.917676071,0.570450424,Y,21.53617584,390,3.8,NA,NA,18,"Nil
","Nil
",03:20.3
1815,IGFS2005,FG40,101010101,86.2,85.9,31,1,Groundgear_A,Long,3.10E+04,V,29/10/2005 6:40,31,51.365,-6.708,51.366,-6.662,VIIgMedium,123,21.01,4,1.727812137,3.205588381,0.394287371,Y,22.90724974,350,NA,NA,NA,26,"Nil
","Nil
",03:20.3
1816,IGFS2005,112,101010101,110,110,32,1,Groundgear_A,Long,3.10E+04,V,29/10/2005 9:07,31,51.243,-6.334,51.21,-6.338,VIIgMedium,122,21.48,4.1,1.984573272,3.681954123,0.449198403,Y,22.71055277,410,NA,NA,NA,33,"Nil
","Nil
",03:20.3
1817,IGFS2005,FG39N,101010101,109,109,33,1,Groundgear_A,Long,3.10E+04,V,29/10/2005 11:06,30,51.218,-6.6,51.195,-6.63,VIIgMedium,123,21.46,4.2,1.78302829,3.308030222,0.406887717,Y,22.90724974,410,3.1,NA,NA,38,"Nil
","Nil
",03:20.3
1818,IGFS2005,FG38,101010101,93.9,93.1,34,1,Groundgear_A,Long,3.10E+04,I,29/10/2005 13:27,29,51.288,-6.952,51.277,-6.997,VIIgMedium,115,21.17,3.9,1.816295506,3.369750475,0.387521305,Y,21.34138194,375,3.2,NA,NA,38,STONE IN BAG,STONE IN BAG,03:20.3
1819,IGFS2005,FG15,101010101,84,81,35,1,Groundgear_A,Long,3.10E+03,V,29/10/2005 16:21,30,51.332,-7.431,51.354,-7.472,VIIgMedium,122,20.96,4.1,2.027691168,3.761950219,0.458957927,Y,22.71055277,355,NA,NA,NA,32,"Nil
","Nil
",03:20.3
1820,IGFS2005,MB30,101010101,106,104,36,1,Groundgear_A,Long,3.00E+03,V,30/10/2005 6:37,30,50.646,-7.616,50.612,-7.602,VIIgMedium,122,21.41,3.6,2.107365322,3.909768686,0.47699178,Y,22.71055277,413,3.4,NA,NA,24,"Nil
","Nil
",03:20.3
1821,IGFS2005,CC307,101010101,107,107,37,1,Groundgear_A,Long,3.00E+03,V,30/10/2005 8:29,30,50.65,-7.34,50.647,-7.297,VIIgMedium,126,21.43,3.8,1.649073238,3.059505079,0.38549764,Y,23.4990696,405,3.5,NA,NA,28,"Nil
","Nil
",03:20.3
1822,IGFS2005,FG50,101010101,96,98,38,1,Groundgear_A,Long,3.00E+03,I,30/10/2005 10:52,30,50.856,-7.028,50.892,-7.028,VIIgMedium,119,21.21,3.9,2.158614799,4.004851204,0.476577293,Y,22.12214112,380,3.6,NA,NA,33,STONE IN BAG,STONE IN BAG,03:20.3
1823,IGFS2005,54,101010101,91.5,91.5,39,1,Groundgear_A,Long,3.10E+02,I,31/10/2005 6:54,26,51.427,-8.551,51.427,-8.599,VIIgMedium,117,21.12,6.1,1.799433736,3.338467043,0.390600644,Y,21.73123144,375,NA,NA,NA,22,"Had to turn because overshot tow. Large stones punched through bag and cod end. Replaced complete codend.
","Had to turn because overshot tow. Large stones punched through bag and cod end. Replaced complete codend.
",03:20.3
1824,IGFS2005,64,101010101,105,102,40,1,Groundgear_A,Long,3.10E+02,V,31/10/2005 10:35,31,51.262,-8.735,51.261,-8.684,VIIgMedium,116,21.39,4,1.919733646,3.561657971,0.413152325,Y,21.53617584,390,NA,NA,NA,26,"Nil
","Nil
",03:20.3
1825,IGFS2005,C310,101010101,104,105,41,1,Groundgear_A,Long,3.10E+02,V,31/10/2005 12:17,32,51.204,-8.539,51.183,-8.578,VIIgMedium,120,21.37,3.6,1.935228076,3.590404595,0.430848551,Y,22.31800195,400,NA,NA,NA,20,"Nil
","Nil
",03:20.3
1826,IGFS2005,FG16,101010101,109,109,42,1,Groundgear_A,Long,3.10E+02,V,31/10/2005 14:36,29,51.095,-8.259,51.111,-8.21,VIIgMedium,125,21.46,3.9,2.08388052,3.866197625,0.483274703,Y,23.30150455,415,NA,NA,NA,25,"Nil
","Nil
",03:20.3
1827,IGFS2005,FG52,101010101,102,101,43,1,Groundgear_A,Long,3.10E+02,V,31/10/2005 16:41,30,51.246,-8.063,51.227,-8.1,VIIgMedium,120,21.33,3.9,1.799458879,3.33851369,0.400621643,Y,22.31800195,390,NA,NA,NA,27,"Nil
","Nil
",03:20.3
1828,IGFS2005,C306,101010101,123,125,44,1,Groundgear_A,Long,3.00E+02,V,01/11/2005 6:45,31,50.623,-8.908,50.601,-8.872,VIIgMedium,119,21.7,4,1.904300042,3.533024196,0.420429879,Y,22.12214112,440,NA,NA,NA,16,"Nil
","Nil
",03:20.3
1829,IGFS2005,FG12,101010101,121,122,45,1,Groundgear_A,Long,3.00E+02,V,01/11/2005 8:42,31,50.566,-8.612,50.595,-8.592,VIIgMedium,120,21.66,3.8,1.899051436,3.523286524,0.422794383,Y,22.31800195,430,NA,NA,NA,14,"Nil
","Nil
",03:20.3
1830,IGFS2005,FG14,101010101,123,125,46,1,Groundgear_A,Long,3.00E+02,V,01/11/2005 11:10,29,50.625,-8.244,50.643,-8.202,VIIgMedium,123,21.7,4,1.931306613,3.583129153,0.440724886,Y,22.90724974,430,NA,NA,NA,18,"Nil
","Nil
",03:20.3
1831,IGFS2005,FG53,101010101,108,112,47,1,Groundgear_A,Long,3.00E+03,V,01/11/2005 13:19,30,50.703,-7.887,50.722,-7.846,VIIgMedium,127,21.44,4.1,1.932398307,3.585154558,0.455314629,Y,23.6969313,410,NA,NA,NA,21,"Nil
","Nil
",03:20.3
1832,IGFS2005,FG36,101010101,104,102,48,1,Groundgear_A,Long,3.00E+03,V,01/11/2005 15:41,30,50.989,-7.634,51.012,-7.597,VIIgMedium,117,21.37,4.2,1.965162906,3.645942313,0.426575251,Y,21.73123144,400,NA,NA,NA,32,Net ripped in last 3 mins from foot back to the 120mm tearing strip. Left as valid.,Net ripped in last 3 mins from foot back to the 120mm tearing strip. Left as valid.,03:20.3
1833,IGFS2005,85,101010101,127,127,49,1,Groundgear_A,Long,3.00E+01,V,02/11/2005 6:55,31,50.756,-9.221,50.75,-9.269,VIIjMedium,120,21.76,5.1,1.860887158,3.452480812,0.414297697,Y,22.31800195,425,NA,NA,NA,25,"Nil
","Nil
",03:20.3
1834,IGFS2005,FG55,101010101,126,127,50,1,Groundgear_A,Long,3.00E+01,V,02/11/2005 9:06,30,50.605,-9.463,50.585,-9.499,VIIjMedium,108,21.74,3.6,1.823657032,3.383408223,0.365408088,Y,19.98487997,440,NA,NA,NA,29,Very intermittent trawleye readings.,Very intermittent trawleye readings.,03:20.3
1835,IGFS2005,MB29,101010101,120,111,51,1,Groundgear_A,Long,2.90E+01,V,02/11/2005 10:43,32,50.523,-9.645,50.5,-9.679,VIIjMedium,120,21.65,4.4,1.895117403,3.515987762,0.421918531,Y,22.31800195,440,NA,NA,NA,24,Changed trawleye battery but seems ok. Lost trawlsounder readings during tow.,Changed trawleye battery but seems ok. Lost trawlsounder readings during tow.,03:20.3
1836,IGFS2005,FG54,101010101,144,149,52,1,Groundgear_A,Long,30D9,V,02/11/2005 13:03,30,50.507,-10.049,50.519,-10.093,VIIjMedium,123,22,4,1.829585672,3.394407555,0.417512129,Y,22.90724974,490,NA,NA,NA,28,"Nil
","Nil
",03:20.3
1837,IGFS2005,84,101010101,124,124,53,1,Groundgear_A,Long,3.00E+01,V,02/11/2005 15:23,31,50.749,-9.927,50.755,-9.878,VIIjDeep,116,21.71,4.4,1.898259864,3.52181793,0.40853088,Y,21.53617584,430,NA,NA,NA,33,"Nil
","Nil
",03:20.3
1838,IGFS2005,FG57,101010101,126,124,54,1,Groundgear_A,Long,3.00E+01,V,02/11/2005 16:52,32,50.836,-9.814,50.832,-9.765,VIIjDeep,123,21.74,4.5,1.875993702,3.480507796,0.428102459,Y,22.90724974,440,NA,NA,NA,29,"Nil
","Nil
",03:20.3
1839,IGFS2005,FG56,101010101,66.5,62.3,55,1,Groundgear_A,Short,3.10E+01,V,03/11/2005 6:59,31,51.413,-9.417,51.424,-9.369,VIIjCoast,87,20.35,3.9,1.91684277,3.556294565,0.309397627,Y,24.9817839,260,NA,NA,NA,17,"Nil
","Nil
",03:20.3
1840,IGFS2005,FG9,101010101,49.7,53.5,56,1,Groundgear_A,Short,3.10E+01,V,03/11/2005 9:07,30,51.457,-9.642,51.448,-9.687,VIIjCoast,85,19.77,5.3,1.770305389,3.284425582,0.279176175,Y,24.36961121,215,NA,NA,NA,38,"Nil
","Nil
",03:20.3
1841,IGFS2005,FG33,101010101,72.6,74,57,1,Groundgear_A,Short,3.10E+01,V,04/11/2005 6:56,31,51.517,-10.027,51.498,-10.067,VIIjCoast,107,20.53,4.2,1.881196777,3.490160997,0.373447227,Y,31.29318503,280,NA,NA,NA,20,"Nil
","Nil
",03:20.3
1842,IGFS2005,FG58,101010101,83.9,91.8,58,1,Groundgear_A,Long,3.10E+01,V,04/11/2005 9:06,31,51.356,-9.786,51.334,-9.821,VIIjMedium,123,20.95,3.9,1.862306349,3.45511382,0.424979,Y,22.90724974,320,NA,NA,NA,23,"Trawleye playing up but battery is fresh
","Trawleye playing up but battery is fresh
",03:20.3
1843,IGFS2005,83,101010101,122,122,59,1,Groundgear_A,Long,3.10E+01,V,04/11/2005 11:05,30,51.17,-9.934,51.149,-9.9,VIIjMedium,118,21.68,3.9,1.797029021,3.334005605,0.393412661,Y,21.92655208,430,NA,NA,NA,19,"Nil
","Nil
",03:20.3
1844,IGFS2005,MB20,101010101,120,123,60,1,Groundgear_A,Long,3.10E+01,V,04/11/2005 13:10,30,51.127,-9.595,51.097,-9.592,VIIjMedium,119,21.65,4.1,1.802479745,3.344118265,0.397950074,Y,22.12214112,420,NA,NA,NA,16,"Nil
","Nil
",03:20.3
1845,IGFS2005,FG34,101010101,116,115,61,1,Groundgear_A,Long,3.10E+01,V,04/11/2005 15:06,30,51.117,-9.276,51.117,-9.227,VIIjMedium,123,21.58,4.3,1.849324207,3.431028213,0.42201647,Y,22.90724974,420,NA,NA,NA,23,"Nil
","Nil
",03:20.3
1846,IGFS2005,FG59,101010101,122,121,62,1,Groundgear_A,Long,3.00E+01,V,04/11/2005 17:03,28,50.982,-9.254,50.978,-9.209,VIIjMedium,114,21.68,4.3,1.720180212,3.191428965,0.363822902,Y,21.14684645,430,NA,NA,NA,22,Doors closed a bit at end so hauled back few mins early but all ok,Doors closed a bit at end so hauled back few mins early but all ok,03:20.3
1847,IGFS2005,FG61,101010101,269,256,63,1,Groundgear_A,Long,29D9,V,05/11/2005 7:20,31,50.292,-10.932,50.32,-10.913,VIIjSlope,132,23.21,4,1.830435473,3.39598418,0.448269912,Y,24.69082081,750,NA,NA,NA,12,"Nil
","Nil
",03:20.3
1848,IGFS2005,FG64,101010101,508,522,64,1,Groundgear_A,Long,29D8,V,05/11/2005 9:40,30,50.267,-11.098,50.296,-11.083,VIIjSlope,133,24.45,4,1.831716378,3.398360627,0.451981963,Y,24.89054181,1210,NA,NA,NA,7,Nil,Nil,03:20.3
1849,IGFS2005,FG62,101010101,260,257,65,1,Groundgear_A,Long,30D9,V,05/11/2005 12:08,30,50.516,-10.9,50.542,-10.923,VIIjSlope,135,23.15,4.3,1.789656167,3.320326841,0.448244124,Y,25.29095847,820,NA,NA,NA,10,"Nil
","Nil
",03:20.3
1850,IGFS2005,FG63,101010101,168,167,66,1,Groundgear_A,Long,30D9,V,05/11/2005 14:25,30,50.577,-10.635,50.582,-10.587,VIIjDeep,117,22.3,4.5,1.856881321,3.445048833,0.403070713,Y,21.73123144,550,NA,NA,NA,12,"Nil
","Nil
",03:20.3
1851,IGFS2005,FG30,101010101,163,161,67,1,Groundgear_A,Long,29D9,V,05/11/2005 16:33,30,50.378,-10.582,50.351,-10.555,VIIjDeep,123,22.24,4.1,1.921663255,3.565237951,0.438524268,Y,22.90724974,550,NA,NA,NA,21,"Nil
","Nil
",03:20.3
1852,IGFS2005,81,101010101,289,219,68,1,Groundgear_A,Long,30D8,V,06/11/2005 7:20,32,50.706,-11.01,50.701,-10.96,VIIjSlope,132,23.35,3.9,1.92731925,3.575731447,0.471996551,Y,24.69082081,830,NA,NA,NA,23,"Nil
","Nil
",03:20.3
1853,IGFS2005,82,101010101,172,169,69,1,Groundgear_A,Long,30D9,V,06/11/2005 9:05,31,50.717,-10.744,50.717,-10.697,VIIjDeep,126,22.35,4.3,1.789113821,3.319320632,0.4182344,Y,23.4990696,570,NA,NA,NA,27,"Nil
","Nil
",03:20.3
1854,IGFS2005,FG6,101010101,172,174,70,1,Groundgear_A,Long,30D9,V,06/11/2005 11:10,31,50.845,-10.849,50.847,-10.897,VIIjDeep,131,22.35,4.8,1.826101753,3.387943884,0.443820649,Y,24.49141937,560,NA,NA,NA,27,"Nil
","Nil
",03:20.3
1855,IGFS2005,FG65,101010101,153,147,71,1,Groundgear_A,Long,30D9,V,06/11/2005 14:17,30,50.87,-10.415,50.876,-10.371,VIIjDeep,126,22.12,4.1,1.707676584,3.168231139,0.399197123,Y,23.4990696,520,NA,NA,NA,26,"Nil
","Nil
",03:20.3
1856,IGFS2005,FG66,101010101,128,134,72,1,Groundgear_A,Long,31D9,V,06/11/2005 16:08,30,51.017,-10.233,51.041,-10.234,VIIjDeep,119,21.77,4.8,1.439611599,2.670893504,0.317836327,Y,22.12214112,460,NA,NA,NA,27,"Nil
","Nil
",03:20.3
1857,IGFS2005,FG2,101010101,78.3,82.6,73,1,Groundgear_A,Long,32D9,V,07/11/2005 6:58,31,51.691,-10.204,51.681,-10.251,VIIjCoast,120,20.82,5.4,1.851762875,3.435552644,0.412266317,Y,35.62828304,325,NA,NA,NA,19,"Nil
","Nil
",03:20.3
1858,IGFS2005,43,101010101,96,88.7,74,1,Groundgear_A,Long,32D9,V,07/11/2005 8:52,30,51.669,-10.497,51.684,-10.453,VIIjMedium,127,21.21,4,1.870926601,3.471106867,0.440830572,Y,23.6969313,470,NA,NA,NA,22,"Reversed the shoot and haul positions in database so shoot would appear in VIIjMed Strata
","Reversed the shoot and haul positions in database so shoot would appear in VIIjMed Strata
",03:20.3
1859,IGFS2005,42,101010101,157,155,75,1,Groundgear_A,Long,32D9,V,08/11/2005 11:08,31,51.654,-10.827,51.628,-10.802,VIIjDeep,124,22.17,5.3,1.816941029,3.370948106,0.417997565,Y,23.10423247,510,NA,NA,NA,47,"Nil
","Nil
",03:20.3
1860,IGFS2005,MB14,101010101,128,130,76,1,Groundgear_A,Long,34D9,V,08/11/2005 7:09,31,52.774,-10.878,52.753,-10.903,VIIbDeep,113,21.77,4.5,1.553698526,2.882557563,0.325729005,Y,20.95256612,450,NA,NA,NA,19,"Nil
","Nil
",03:20.3
1861,IGFS2005,48,101010101,125,124,77,1,Groundgear_A,Long,34D9,V,08/11/2005 8:49,30,52.663,-10.74,52.648,-10.695,VIIbMedium,118,21.73,4.3,1.871755503,3.472644717,0.409772077,Y,21.92655208,435,NA,NA,NA,18,"Nil
","Nil
",03:20.3
1862,IGFS2005,70,101010101,104,98,78,1,Groundgear_A,Long,34D9,V,08/11/2005 11:14,31,52.519,-10.337,52.554,-10.316,VIIbMedium,114,21.37,4.1,2.235338233,4.147195237,0.472780257,Y,21.14684645,390,NA,NA,NA,25,"Nil
","Nil
",03:20.3
1863,IGFS2005,MB17,101010101,91,88,79,1,Groundgear_A,Long,34D9,V,08/11/2005 13:00,29,52.58,-10.105,52.589,-10.057,VIIbMedium,117,21.11,4.3,1.834808059,3.404096584,0.3982793,Y,21.73123144,180,NA,NA,NA,22,"Nil
","Nil
",03:20.3
1864,IGFS2005,68,101010101,28,22.7,80,1,Groundgear_A,Short,3.40E+01,V,08/11/2005 14:56,33,52.544,-9.819,52.553,-9.766,VIIbCoast,70,18.63,4.9,2.011636034,3.732163328,0.261251433,Y,19.86504434,180,NA,NA,NA,22,"Nil
","Nil
",03:20.3
1865,IGFS2005,FG1,101010101,150,152,81,1,Groundgear_A,Long,33D8,V,09/11/2005 7:22,30,52.187,-11.351,52.159,-11.335,VIIjDeep,120,22.08,3.8,1.77992384,3.302270576,0.396272469,Y,22.31800195,530,NA,NA,NA,19,"Nil
","Nil
",03:20.3
1866,IGFS2005,39,101010101,149,145,82,1,Groundgear_A,Long,33D8,V,09/11/2005 9:07,30,52.056,-11.197,52.044,-11.154,VIIjDeep,120,22.07,4,1.745270481,3.237978629,0.388557435,Y,22.31800195,525,NA,NA,NA,18,"Nil
","Nil
",03:20.3
1867,IGFS2005,38,101010101,133,133,83,1,Groundgear_A,Long,33D9,V,09/11/2005 11:01,30,52.031,-10.93,52.001,-10.945,VIIjDeep,129,21.85,4.2,1.882872657,3.493270235,0.45063186,Y,24.09355951,480,NA,NA,NA,17,"Nil
","Nil
",03:20.3
1868,IGFS2005,36,101010101,96,97,84,1,Groundgear_A,Long,32D9,I,09/11/2005 13:07,15,51.888,-10.709,51.885,-10.726,VIIjMedium,118,21.21,NA,0.656039648,1.217142204,0.14362278,Y,21.92655208,,NA,NA,NA,NA,Nil but had to haul back early because the doors were coming together.,Nil but had to haul back early because the doors were coming together.,03:20.3
1869,IGFS2005,FG68,101010101,115,120,85,1,Groundgear_A,Long,32D9,V,09/11/2005 14:08,30,51.846,-10.766,51.815,-10.762,VIIjDeep,121,21.57,3.9,1.865044052,3.460193047,0.418683359,Y,22.51413801,416,NA,NA,NA,28,"Nil
","Nil
",03:20.3
1870,IGFS2005,FG67,101010101,154,151,86,1,Groundgear_A,Long,32D9,V,09/11/2005 16:37,30,51.846,-10.766,51.815,-10.762,VIIjDeep,128,22.13,4,1.865044052,3.460193047,0.44290471,Y,23.89509335,416,NA,NA,NA,27,"Nil
","Nil
",03:20.3
1871,IGFS2005,FG3,101010101,176,179,87,1,Groundgear_A,Long,32D8,V,10/11/2005 7:31,30,51.604,-11.106,51.629,-11.133,VIIjDeep,122,22.39,4.6,1.806579821,3.351725086,0.408910461,Y,22.71055277,600,NA,NA,NA,26,"Nil
","Nil
",03:20.3
1872,IGFS2005,FG28,101010101,234,227,88,1,Groundgear_A,Long,32D8,V,10/11/2005 10:01,30,51.607,-11.389,51.638,-11.395,VIIjSlope,123,22.94,4.1,1.87248886,3.474005307,0.427302653,Y,22.90724974,680,NA,NA,NA,20,"Nil
","Nil
",03:20.3
1873,IGFS2005,FG72,101010101,493,425,89,1,Groundgear_A,Long,32D8,V,10/11/2005 12:21,30,51.704,-11.653,51.732,-11.674,VIIjSlope,132,24.39,3.8,1.852430903,3.436792028,0.453656548,Y,24.69082081,1120,NA,NA,NA,8,"Nil
","Nil
",03:20.3
1874,IGFS2005,FG71,101010101,255,254,90,1,Groundgear_A,Long,32D8,V,10/11/2005 14:32,30,51.896,-11.527,51.927,-11.52,VIIjSlope,134,23.11,3.8,1.877179757,3.48270827,0.466682908,Y,25.09058636,780,NA,NA,NA,19,"Nil
","Nil
",03:20.3
1875,IGFS2005,FG74,101010101,555,500,91,1,Groundgear_A,Long,32D8,V,10/11/2005 17:07,31,51.982,-11.802,52.01,-11.802,VIIjSlope,144,24.62,3.8,1.679245782,3.115483826,0.448629671,Y,27.10973808,1260,NA,NA,NA,36,"Nil
","Nil
",03:20.3
1876,IGFS2005,62,101010101,32,37,92,1,Groundgear_A,Short,3.50E+01,V,11/11/2005 9:36,30,53.191,-9.393,53.194,-9.443,VIIbCoast,76,18.9,4.8,1.810257342,3.358547943,0.255249644,Y,21.64976842,210,NA,NA,NA,40,"Nil
","Nil
",03:20.3
1877,IGFS2005,56,101010101,92,101,93,1,Groundgear_A,Long,35D9,V,12/11/2005 7:34,30,53.073,-10.189,53.104,-10.198,VIIbMedium,141,21.13,3.8,1.887700623,3.5022275,0.493814078,Y,26.50030209,410,NA,NA,NA,26,"Nil
","Nil
",03:20.3
1878,IGFS2005,FG75,101010101,114,115,94,1,Groundgear_A,Long,35D9,V,12/11/2005 9:53,30,53.295,-10.242,53.314,-10.28,VIIbMedium,121,21.55,4.6,1.778582704,3.299782382,0.399273668,Y,22.51413801,420,NA,NA,NA,37,"Nil
","Nil
",03:20.3
1879,IGFS2005,52A,101010101,123,125,95,1,Groundgear_A,Long,35D9,V,12/11/2005 13:02,30,53.114,-10.77,53.141,-10.792,VIIbDeep,126,21.7,4.6,1.803639889,3.346270666,0.421630104,Y,23.4990696,460,NA,NA,NA,21,"Nil
","Nil
",03:20.3
1880,IGFS2005,MB28,101010101,136,132,96,1,Groundgear_A,Long,35D9,V,12/11/2005 15:55,30,53.393,-10.887,53.42,-10.867,VIIbDeep,135,21.89,4.2,1.771236483,3.28615303,0.443630659,Y,25.29095847,470,NA,NA,NA,25,"Nil
","Nil
",03:20.3
1881,IGFS2005,66,101010101,49,54,97,1,Groundgear_A,Short,3.40E+01,V,13/11/2005 7:38,30,52.769,-9.625,52.799,-9.611,VIIbCoast,84,19.74,4.6,1.870076362,3.469529428,0.291440472,Y,24.0646376,280,NA,NA,NA,17,"Nil
","Nil
",03:20.3
1882,IGFS2005,59,101010101,63,70,98,1,Groundgear_A,Short,3.50E+01,V,13/11/2005 9:52,30,53.035,-9.674,53.052,-9.715,VIIbCoast,91,20.24,4.6,1.799076385,3.337804054,0.303740169,Y,26.21543642,310,NA,NA,NA,7,"Nil
","Nil
",03:20.3
1883,IGFS2005,MB15,101010101,103,103,99,1,Groundgear_A,Long,3.40E+01,V,15/11/2005 7:59,30,52.953,-9.966,52.943,-10.016,VIIbMedium,123,21.35,4,1.908246027,3.540345134,0.435462452,Y,22.90724974,400,NA,NA,NA,18,"Nil
","Nil
",03:20.3
1884,IGFS2005,53,101010101,112,111,100,1,Groundgear_A,Long,34D9,V,15/11/2005 10:27,30,52.914,-10.408,52.895,-10.448,VIIbMedium,120,21.51,3.9,1.844797931,3.42263067,0.41071568,Y,22.31800195,410,NA,NA,NA,17,"Nil
","Nil
",03:20.3
1885,IGFS2005,51,101010101,135,135,101,1,Groundgear_A,Long,35D9,V,15/11/2005 13:42,30,53.058,-10.893,53.035,-10.926,VIIbDeep,120,21.88,4.1,1.823827858,3.383725153,0.406047018,Y,22.31800195,460,NA,NA,NA,21,"Nil
","Nil
",03:20.3
1886,IGFS2005,50,101010101,136,135,102,1,Groundgear_A,Long,34D8,V,15/11/2005 15:37,30,52.887,-11.056,52.858,-11.042,VIIbDeep,120,21.89,4.3,1.812169617,3.362095765,0.403451492,Y,22.31800195,480,NA,NA,NA,17,"Nil
","Nil
",03:20.3
1887,IGFS2005,FG76,101010101,226,224,103,1,Groundgear_A,Long,36D8,V,16/11/2005 7:43,30,53.955,-11.183,53.925,-11.202,VIIbSlope,121,22,4.1,1.92133137,3.564622208,0.431319287,Y,22.51413801,730,NA,NA,NA,9,Nil. Minor tears in port wing end.,Nil. Minor tears in port wing end.,03:20.3
1888,IGFS2005,FG81,101010101,149,150,104,1,Groundgear_A,Long,36D9,V,16/11/2005 9:51,30,53.762,-10.737,53.791,-10.743,VIIbDeep,119,24,4.1,1.752758946,3.251871885,0.386972754,Y,22.12214112,430,NA,NA,NA,14,"Nil
","Nil
",03:20.3
1889,IGFS2005,FG82,101010101,140,126,105,1,Groundgear_A,Long,36D9,V,16/11/2005 14:18,30,53.898,-10.585,53.874,-10.553,VIIbDeep,123,21,4.1,1.832849022,3.400462008,0.418256827,Y,22.90724974,520,NA,NA,NA,4,"Nil
","Nil
",03:20.3
1890,IGFS2005,FG80,101010101,99,92,106,1,Groundgear_A,Long,36D9,V,16/11/2005 16:44,30,53.693,-10.384,53.715,-10.346,VIIbMedium,118,21,4.5,1.889830646,3.506179305,0.413729158,Y,21.92655208,410,NA,NA,NA,6,"Nil
","Nil
",03:20.3
1891,IGFS2005,21,101010101,180,182,107,1,Groundgear_A,Long,37D9,V,17/11/2005 7:46,30,54.141,-10.701,54.171,-10.685,VIIbDeep,126,21,4.3,1.885970766,3.499018119,0.440876283,Y,23.4990696,620,NA,NA,NA,15,"Minor tears in wing ends, Still valid","Minor tears in wing ends, Still valid",03:20.3
1892,IGFS2005,FG91,101010101,294,279,108,1,Groundgear_A,Long,37D8,V,17/11/2005 10:39,30,54.246,-11.001,54.216,-11,VIIbSlope,137,23,3.9,1.800214633,3.339915832,0.457568469,Y,25.69270179,920,NA,NA,NA,19,Nil. Starboard and Port wing ends torn on net drum. Mended on shooting.,Nil. Starboard and Port wing ends torn on net drum. Mended on shooting.,03:20.3
1893,IGFS2005,FG87,101010101,300,307,109,1,Groundgear_A,Long,37D8,V,17/11/2005 12:59,30,54.162,-11.223,54.145,-11.266,VIIbSlope,135,21,4.6,1.82570155,3.387201391,0.457272188,Y,25.29095847,880,NA,NA,NA,20,Nil. Changed net from E4 to second clean gear net E2.,Nil. Changed net from E4 to second clean gear net E2.,03:20.3
1894,IGFS2005,96,101010101,181,181,110,1,Groundgear_A,Long,36D8,V,17/11/2005 16:06,30,53.832,-11.052,53.807,-11.073,VIIbDeep,124,21,4.7,1.674836851,3.107303991,0.385305695,Y,23.10423247,580,NA,NA,NA,20,"Nil
","Nil
",03:20.3
1895,IGFS2005,27,101020101,88,96,111,1,Groundgear_D,Long,3.80E+01,V,18/11/2005 8:02,30,54.972,-9.402,55.001,-9.422,VIaMedium,110,21,4.4,1.87193746,3.472982301,0.382028053,Y,20.37122395,380,NA,NA,NA,22,"Nil
","Nil
",03:20.3
1896,IGFS2005,FG92,101020101,87,92,112,1,Groundgear_D,Long,3.90E+01,I,18/11/2005 10:53,20,55.034,-9.01,55.052,-9.006,VIaMedium,119,20,4.5,1.088826672,2.020086591,0.240390304,Y,22.12214112,360,NA,NA,NA,26,Bad fast after 20 min. Broke bottom Port and top Starboard bridles. Tore meshes.,Bad fast after 20 min. Broke bottom Port and top Starboard bridles. Tore meshes.,03:20.3
1897,IGFS2005,mar-04,101020101,89,94,113,1,Groundgear_D,Long,3.90E+01,V,18/11/2005 16:46,30,55.081,-9.002,55.111,-9.012,VIaMedium,113,21,4.2,1.832723693,3.400229486,0.384225932,Y,20.95256612,370,NA,NA,NA,16,"Nil
","Nil
",03:20.3
1898,IGFS2005,94,101020101,179,176,114,1,Groundgear_D,Long,4.10E+01,V,19/11/2005 8:03,30,56.228,-9.103,56.201,-9.097,VIaSlope,102,20,5,1.632791067,3.029296971,0.308988291,Y,18.83142227,600,NA,NA,NA,17,Nil,Nil,03:20.3
1899,IGFS2005,MB23,101020101,135,134,115,1,Groundgear_D,Long,4.10E+02,V,19/11/2005 10:23,30,56.008,-8.865,55.996,-8.815,VIaDeep,110,20,4.3,1.829133574,3.393568783,0.373292566,Y,20.37122395,490,NA,NA,NA,17,"Nil
","Nil
",03:20.3
1900,IGFS2005,SC544,101020101,134,130,116,1,Groundgear_D,Long,4.00E+02,V,19/11/2005 12:40,30,55.817,-8.993,55.788,-8.992,VIaDeep,118,21,3.9,1.740656183,3.229417779,0.381071298,Y,21.92655208,495,NA,NA,NA,18,"Nil
","Nil
",03:20.3
1901,IGFS2005,R213,101020101,111,110,117,1,Groundgear_D,Long,4.00E+01,V,19/11/2005 15:13,30,55.611,-9.166,55.582,-9.166,VIaMedium,102,20,4.1,1.740269202,3.228699818,0.329327381,Y,18.83142227,420,NA,NA,NA,18,"Nil
","Nil
",03:20.3
1902,IGFS2005,R210,101020101,133,127,118,1,Groundgear_D,Long,3.90E+01,V,19/11/2005 17:08,30,55.438,-9.253,55.409,-9.253,VIaDeep,120,22,4.1,1.740219724,3.228608023,0.387432963,Y,22.31800195,490,NA,NA,NA,1,"Nil
","Nil
",03:20.3
1903,IGFS2005,1,101020101,182,186,119,1,Groundgear_D,Long,4.10E+02,V,20/11/2005 7:43,30,56.327,-8.034,56.33,-7.986,VIaDeep,128,22,4.3,1.610602254,2.988130342,0.382480684,Y,23.89509335,600,NA,NA,NA,17,"Nil
","Nil
",03:20.3
1904,IGFS2005,MB2,101020101,110,92,120,1,Groundgear_D,Long,4.10E+03,V,20/11/2005 10:03,30,56.205,-7.765,56.186,-7.799,VIaMedium,112,21,4.6,1.61073323,2.98837334,0.334697814,Y,20.75853772,430,NA,NA,NA,17,Nil. Some trawleye readings marking off top of fish.,Nil. Some trawleye readings marking off top of fish.,03:20.3
1905,IGFS2005,FG93,101020101,153,158,121,1,Groundgear_D,Long,4.10E+03,V,20/11/2005 11:57,30,56.061,-7.644,56.044,-7.687,VIaDeep,116,20,4.2,1.768148517,3.280423965,0.38052918,Y,21.53617584,520,NA,NA,NA,23,"Nil
","Nil
",03:20.3
1906,IGFS2005,FG96,101020101,172,172,122,1,Groundgear_D,Long,4.00E+03,V,20/11/2005 14:09,30,55.919,-7.947,55.939,-7.986,VIaDeep,124,20,4.2,1.779634321,3.301733434,0.409414946,Y,23.10423247,570,NA,NA,NA,23,"Nil
","Nil
",03:20.3
1907,IGFS2005,MB3,101020101,156,154,123,1,Groundgear_D,Long,4.10E+02,V,20/11/2005 16:39,30,56.007,-8.201,56.027,-8.162,VIaDeep,112,21,4.4,1.777447432,3.297676127,0.369339726,Y,20.75853772,560,NA,NA,NA,18,"Nil
","Nil
",03:20.3
1908,IGFS2005,MB6,101020101,140,142,124,1,Groundgear_D,Long,4.00E+03,V,21/11/2005 7:42,30,55.856,-7.672,55.854,-7.723,VIaDeep,111,20,4.4,1.725709735,3.201687821,0.355387348,Y,20.56475805,480,NA,NA,NA,12,"Nil
","Nil
",03:20.3
1909,IGFS2005,MB25,101020101,107,105,125,1,Groundgear_D,Long,4.00E+02,V,21/11/2005 9:54,30,55.762,-8.048,55.739,-8.073,VIaMedium,99,19,4.5,1.618967822,3.003650877,0.297361437,Y,18.25768221,400,NA,NA,NA,14,Nil. Depth decreasing throughout. Shortened to 400m warp at 15 minutes.,Nil. Depth decreasing throughout. Shortened to 400m warp at 15 minutes.,03:20.3
1929,IGFS2005,FG103,101010101,201,201,145,1,Groundgear_A,Long,35D8,V,28/11/2005 7:59,30,53.432,-11.659,53.403,-11.692,VIIbDeep,124,21,4.1,2.103551339,3.902692651,0.483933889,Y,23.10423247,650,NA,NA,NA,25,"Nil
","Nil
",03:20.3
1910,IGFS2005,MMMA3,101020101,145,135,126,1,Groundgear_D,Long,4.00E+02,V,21/11/2005 11:50,30,55.824,-8.332,55.817,-8.38,VIaDeep,107,20,4.6,1.675224426,3.108023054,0.332558467,Y,19.79206392,480,NA,NA,NA,10,Nil. Too much warp noticed at start. Shortened to 480m after 5 min.,Nil. Too much warp noticed at start. Shortened to 480m after 5 min.,03:20.3
1911,IGFS2005,8,101020101,94,91,127,1,Groundgear_D,Long,4.00E+02,V,21/11/2005 14:09,30,55.639,-8.286,55.623,-8.326,VIaMedium,112,21,4.6,1.663128543,3.085581713,0.345585152,Y,20.75853772,370,NA,NA,NA,9,Nil. Doors falling inwards. Frankie noticed polish on brackets.,Nil. Doors falling inwards. Frankie noticed polish on brackets.,03:20.3
1912,IGFS2005,6A,101020101,93,97,128,1,Groundgear_D,Long,4.00E+02,V,21/11/2005 16:06,30,55.665,-8.629,55.672,-8.678,VIaMedium,106,19,4.5,1.714199214,3.180332493,0.337115244,Y,19.5994811,330,NA,NA,NA,13,Nil. 330m warp instead of 380 on Frankie's recommendation. Done to try to keep doors up on very hard ground.,Nil. 330m warp instead of 380 on Frankie's recommendation. Done to try to keep doors up on very hard ground.,03:20.3
1913,IGFS2005,SC583,101020101,81,78,129,1,Groundgear_D,Long,4.10E+04,V,22/11/2005 7:33,30,56.401,-6.77,56.374,-6.794,VIaCoast,110,21,4.1,1.806743156,3.352028119,0.368723093,Y,32.27480341,340,NA,NA,NA,16,"Nil
","Nil
",03:20.3
1914,IGFS2005,93,101020101,94,95,130,1,Groundgear_D,Long,4.10E+03,V,22/11/2005 10:05,30,56.22,-7.244,56.213,-7.295,VIaMedium,107,21,4.5,1.756493732,3.258800987,0.348691706,Y,19.79206392,370,NA,NA,NA,15,"Nil
","Nil
",03:20.3
1915,IGFS2005,SC575,101020101,90,113,131,1,Groundgear_D,Long,4.00E+03,V,22/11/2005 12:26,30,55.98,-7.255,55.98,-7.206,VIaMedium,102,19,5.2,1.648706374,3.058824442,0.312000093,Y,18.83142227,420,NA,NA,NA,10,Nil. Towed slow due to short tow length.,Nil. Towed slow due to short tow length.,03:20.3
1916,IGFS2005,31A,101020101,59,57,132,1,Groundgear_D,Short,4.00E+03,V,22/11/2005 14:07,30,55.872,-7.061,55.848,-7.077,VIaCoast,81,19,5.6,1.538194077,2.853792351,0.23115718,Y,23.15400187,280,NA,NA,NA,9,"Nil
","Nil
",03:20.3
1917,IGFS2005,SC573,101020101,58,55,133,1,Groundgear_D,Short,4.00E+04,V,22/11/2005 16:19,30,55.903,-6.679,55.933,-6.669,VIaCoast,78,20,4.7,1.831643764,3.398225907,0.265061621,Y,22.24951462,290,NA,NA,NA,14,Nil. No mini-CTD on this tow. Mounting brackets broken.,Nil. No mini-CTD on this tow. Mounting brackets broken.,03:20.3
1918,IGFS2005,32,101020101,61,59,134,1,Groundgear_D,Short,4.00E+03,V,23/11/2005 7:43,30,55.623,-7.324,55.597,-7.308,VIaCoast,84,18,4.7,1.652191152,3.065289707,0.257484335,Y,24.0646376,300,NA,NA,NA,11,Nil. Mini-CTD lashed to door for this tow.,Nil. Mini-CTD lashed to door for this tow.,03:20.3
1919,IGFS2005,33,101020101,79,77,135,1,Groundgear_D,Short,4.00E+03,V,23/11/2005 9:21,30,55.535,-7.085,55.515,-7.044,VIaCoast,84,21,4.6,1.840743631,3.415108778,0.286869137,Y,24.0646376,330,NA,NA,NA,15,"Nil
","Nil
",03:20.3
1920,IGFS2005,COD1,101020101,68,77,136,1,Groundgear_D,Short,3.90E+04,V,23/11/2005 11:10,30,55.368,-6.895,55.367,-6.842,VIaCoast,75,21,4.8,1.812367041,3.362462043,0.252184653,Y,21.35083196,300,NA,NA,NA,11,Nil. Towing down slope with 0.5 knot tide on port side.,Nil. Towing down slope with 0.5 knot tide on port side.,03:20.3
1921,IGFS2005,FG98,101020101,140,145,137,1,Groundgear_D,Long,3.90E+04,V,23/11/2005 13:27,30,55.294,-6.491,55.281,-6.527,VIaMedium,116,20,4.5,1.458917121,2.7067108,0.313978453,Y,21.53617584,470,NA,NA,NA,15,Nil. Fished against tide. Slow through water. Fast through net,Nil. Fished against tide. Slow through water. Fast through net,03:20.3
1922,IGFS2005,FG45,101020101,175,173,138,1,Groundgear_D,Long,3.90E+04,V,23/11/2005 15:17,30,55.346,-6.322,55.373,-6.305,VIaMedium,113,19,4.6,1.721253123,3.193419523,0.360856406,Y,20.95256612,580,NA,NA,NA,15,"Nil
","Nil
",03:20.3
1923,IGFS2005,COD4,101020101,47,48,139,1,Groundgear_D,Short,3.90E+03,I,23/11/2005 18:58,30,55.389,-6.995,55.411,-7.035,VIaCoast,83,20,5.1,1.899646311,3.524390188,0.292524386,Y,23.76038723,260,NA,NA,NA,20,Night tow on Cape grounds. Running ahead of tide,Night tow on Cape grounds. Running ahead of tide,03:20.3
1924,IGFS2005,MB7,101020101,66,68,140,1,Groundgear_D,Short,4.00E+03,V,24/11/2005 7:54,30,55.515,-7.768,55.537,-7.746,VIaCoast,85,20,5.1,1.517802531,2.815960169,0.239356614,Y,24.36961121,280,NA,NA,NA,40,"Nil damage. Very heavy weather. Last tow of the day.
","Nil damage. Very heavy weather. Last tow of the day.
",03:20.3
1925,IGFS2005,MB44,101020101,70,68,141,1,Groundgear_D,Short,3.80E+02,V,27/11/2005 7:56,30,54.87,-8.781,54.859,-8.826,VIaCoast,84,20.45,4.6,1.691489538,3.138199514,0.263608759,Y,24.0646376,280,NA,NA,NA,20,Nil. Warps shortened slightly on Frankie's recommendation to hold doors up on hard ground.,Nil. Warps shortened slightly on Frankie's recommendation to hold doors up on hard ground.,03:20.3
1926,IGFS2005,SC555,101020101,91,89,142,1,Groundgear_D,Long,3.80E+02,V,27/11/2005 10:46,30,54.584,-8.933,54.595,-8.878,VIaMedium,116,21,4.6,2.026887848,3.76045983,0.43621334,Y,21.53617584,370,NA,NA,NA,25,"Nil
","Nil
",03:20.3
1927,IGFS2005,14,101020101,35,44,143,1,Groundgear_D,Short,3.80E+02,V,27/11/2005 13:43,30,54.584,-8.348,54.57,-8.394,VIaCoast,78,19,4.4,1.810030897,3.358127825,0.26193397,Y,22.24951462,220,NA,NA,NA,13,"Nil
","Nil
",03:20.3
1928,IGFS2005,15,101020101,60,66,144,1,Groundgear_D,Short,3.80E+02,V,27/11/2005 15:06,30,54.518,-8.536,54.518,-8.588,VIaCoast,78,20,4.6,1.815064484,3.367466575,0.262662393,Y,22.24951462,280,NA,NA,NA,15,"Nil
","Nil
",03:20.3
1930,IGFS2005,FG104,101010101,222,222,146,1,Groundgear_A,Long,35D8,V,28/11/2005 10:07,30,53.269,-11.909,53.242,-11.932,VIIbSlope,125,22,4.3,1.818714114,3.374237688,0.421779711,Y,23.30150455,700,NA,NA,NA,20,"Nil
","Nil
",03:20.3
1931,IGFS2005,FG105,101010101,149,149,147,1,Groundgear_A,Long,35D8,V,28/11/2005 13:39,30,53.19,-11.298,53.207,-11.26,VIIbDeep,118,20,4.4,1.706890693,3.166773086,0.373679224,Y,21.92655208,520,NA,NA,NA,25,"Nil
","Nil
",03:20.3
1932,IGFS2005,FG78,101010101,139,137,148,1,Groundgear_A,Long,35D9,V,28/11/2005 16:38,30,53.299,-10.955,53.31,-10.912,VIIbDeep,116,20,4.6,1.680072434,3.117017503,0.36157403,Y,21.53617584,500,NA,NA,NA,25,Nil. Net fouled on initial shoot. Bend on track due to manouvering for reshoot,Nil. Net fouled on initial shoot. Bend on track due to manouvering for reshoot,03:20.3
1933,IGFS2006,PO230,101010101,422,418,1,1,Groundgear_A,Long,34D5,A,24/09/2006 5:49,32,52.732,-14.553,52.695,-14.56,VIIbSlope,133,24.09,3.9,2.233874429,4.144479459,0.551215768,Y,24.89054181,1100,NA,NA,NA,6,"Nil
","Nil
",03:20.3
1934,IGFS2006,PO343,101010101,332,334,2,1,Groundgear_A,Long,33D5,A,24/09/2006 11:59,30,52.357,-14.228,52.34,-14.19,VIIbSlope,133,23.62,4.1,1.728469716,3.206808378,0.426505514,Y,24.89054181,930,NA,NA,NA,6,"Nil
","Nil
",03:20.3
1935,IGFS2006,PO365,101010101,351,347,3,1,Groundgear_A,Long,33D5,A,24/09/2006 14:47,26,52.185,-14.003,52.171,-14.041,VIIbSlope,130,23.73,3.4,1.633409752,3.030444809,0.393957825,Y,24.29233357,1020,NA,NA,NA,10,"Nil
","Nil
",03:20.3
1936,IGFS2006,PO240,101010101,347,349,4,1,Groundgear_A,Long,33D5,I,24/09/2006 16:26,31,52.154,-14.083,52.139,-14.12,VIIbSlope,128,23.71,NA,1.634932402,3.033269762,0.38825853,Y,23.89509335,980,NA,NA,NA,10,"Very uneven peaky ground. Bridles badly twisted and shined, so wing down for unknown period.","Very uneven peaky ground. Bridles badly twisted and shined, so wing down for unknown period.",03:20.3
1937,IGFS2006,PO78,101010101,237,238,5,1,Groundgear_A,Long,34D5,A,25/09/2006 5:44,30,52.982,-14.27,52.957,-14.242,VIIbSlope,119,22.97,4.1,1.810198009,3.358437865,0.399654106,Y,22.12214112,710,NA,NA,NA,8,"Nil
","Nil
",03:20.3
1938,IGFS2006,PO81,101010101,196,196,6,1,Groundgear_A,Long,34D6,A,25/09/2006 7:51,31,52.986,-13.953,52.984,-13.899,VIIbSlope,115,22.6,4.3,1.958451056,3.633489899,0.417851338,Y,21.34138194,615,NA,NA,NA,0.7,"Nil
","Nil
",03:20.3
1939,IGFS2006,PO97,101010101,221,224,7,1,Groundgear_A,Long,34D6,A,25/09/2006 11:09,29,52.782,-13.782,52.815,-13.73,VIIbSlope,115,22.83,4,2.737120966,5.078146504,0.583986848,Y,21.34138194,680,NA,NA,NA,9,"Nil
","Nil
",03:20.3
1940,IGFS2006,PO83,101010101,201,209,8,1,Groundgear_A,Long,34D6,A,25/09/2006 13:57,30,52.944,-13.645,52.954,-13.595,VIIbSlope,115,22.65,4.2,1.908206401,3.540271616,0.407131236,Y,21.34138194,630,NA,NA,NA,11,"Nil
","Nil
",03:20.3
1941,IGFS2006,PO174,101010101,323,323,9,1,Groundgear_A,Long,35D7,V,26/09/2006 5:50,32,53.321,-12.238,53.292,-12.261,VIIbSlope,125,23.57,4.1,1.925916802,3.573129503,0.446641188,Y,23.30150455,940,NA,NA,NA,17,"Nil
","Nil
",03:20.3
1942,IGFS2006,PO187,101010101,363,374,10,1,Groundgear_A,Long,35D7,V,26/09/2006 8:49,31,53.149,-12.572,53.136,-12.619,VIIbSlope,133,23.8,4,1.865940423,3.461856073,0.460426858,Y,24.89054181,1030,NA,NA,NA,20,"Nil
","Nil
",03:20.3
1943,IGFS2006,PO189,101010101,319,320,11,1,Groundgear_A,Long,35D7,V,26/09/2006 11:25,30,53.141,-12.318,53.11,-12.328,VIIbSlope,130,23.54,4.3,1.894204835,3.514294684,0.456858309,Y,24.29233357,920,NA,NA,NA,15,"Nil
","Nil
",03:20.3
1944,IGFS2006,PO34,101010101,239,239,12,1,Groundgear_A,Long,34D7,V,26/09/2006 14:11,30,52.992,-12.083,52.96,-12.083,VIIbSlope,126,22.98,3.8,1.919457835,3.561146261,0.448704429,Y,23.4990696,730,NA,NA,NA,19,"Nil
","Nil
",03:20.3
1945,IGFS2006,PO39,101010101,256,246,13,1,Groundgear_A,Long,34D7,V,26/09/2006 16:38,30,52.733,-12.073,52.703,-12.055,VIIbSlope,124,23.12,4.3,1.915124149,3.553106027,0.440585147,Y,23.10423247,770,NA,NA,NA,15,"Nil
","Nil
",03:20.3
1946,IGFS2006,PO9,101010101,263,267,14,1,Groundgear_A,Long,36D8,V,27/09/2006 5:49,30,53.825,-11.429,53.802,-11.463,VIIbSlope,133,23.17,4.1,1.833294411,3.401288331,0.452371348,Y,24.89054181,780,NA,NA,NA,29,"Nil
","Nil
",03:20.3
1947,IGFS2006,PO12,101010101,290,294,15,1,Groundgear_A,Long,36D8,V,27/09/2006 8:17,30,53.734,-11.71,53.712,-11.742,VIIbSlope,131,23.36,4.2,1.743026794,3.233815944,0.423629889,Y,24.49141937,860,NA,NA,NA,NA,"Nil
","Nil
",03:20.3
1948,IGFS2006,FG104,101010101,222,222,16,1,Groundgear_A,Long,35D8,V,23/10/2006 6:05,30,53.261,-11.916,53.289,-11.893,VIIbSlope,110,20,4.2,1.872170912,3.473415421,0.382075696,Y,20.37122395,570,NA,NA,NA,9,"Nil
","Nil
",03:20.3
1949,IGFS2006,PO22,101010101,281,271,17,1,Groundgear_A,Long,36D8,V,23/10/2006 8:50,30,53.58,-11.856,53.587,-11.807,VIIbSlope,129,23.3,3.9,1.798863428,3.337408957,0.430525756,Y,24.09355951,840,3.38,6.7,8.6,14,"Nil
","Nil
",03:20.3
1950,IGFS2006,PO138,101010101,313,334,18,1,Groundgear_A,Long,36D8,V,23/10/2006 11:15,29,53.764,-11.919,53.786,-11.951,VIIbSlope,131,23.51,3.6,1.742118082,3.232130022,0.423409033,Y,24.49141937,890,3.58,8,10,17,"Nil
","Nil
",03:20.3
1951,IGFS2006,PO113,101010101,374,369,19,1,Groundgear_A,Long,36D8,V,23/10/2006 13:45,30,53.951,-11.926,53.951,-11.87,VIIbSlope,132,23.85,3.8,1.981662889,3.676554525,0.485305197,Y,24.69082081,1060,4.5,5.7,13.9,11,"Nil
","Nil
",03:20.3
1952,IGFS2006,FG99,101010101,321,311,20,1,Groundgear_A,Long,36D8,V,23/10/2006 15:50,30,53.954,-11.56,53.956,-11.504,VIIbSlope,134,23.56,3.8,1.985102733,3.682936425,0.493513481,Y,25.09058636,845,4.24,5,14.1,15,"Nil
","Nil
",03:20.3
1953,IGFS2006,P024,101010101,221,220,21,1,Groundgear_A,Long,36D8,V,24/10/2006 5:43,30,53.562,-11.584,53.582,-11.542,VIIbSlope,124,22,4.4,1.920558831,3.563188925,0.441835427,Y,23.10423247,680,2.85,8.6,12.6,3,"Nil
","Nil
",03:20.3
1954,IGFS2006,PO14,101010101,224,215,22,1,Groundgear_A,Long,36D8,V,24/10/2006 7:29,31,53.692,-11.39,53.701,-11.338,VIIbSlope,126,22.86,4.2,1.928424345,3.577781715,0.450800496,Y,23.4990696,700,5.13,6,17.9,7,"Nil
","Nil
",03:20.3
1955,IGFS2006,MB1,101010101,178,178,23,1,Groundgear_A,Long,36D8,V,24/10/2006 9:35,30,53.812,-11.068,53.84,-11.045,VIIbDeep,123,22,3.9,1.867620859,3.464973764,0.426191773,Y,22.90724974,580,2.48,10.6,6,2,"Nil
","Nil
",03:20.3
1956,IGFS2006,FG76,101010101,220,225,24,1,Groundgear_A,Long,36D8,V,24/10/2006 11:37,30,53.915,-11.208,53.942,-11.191,VIIbSlope,127,22,4.3,1.728017135,3.205968711,0.407158026,Y,23.6969313,680,3.45,13.1,6,9,"Nil
","Nil
",03:20.3
1957,IGFS2006,FG87,101010101,310,303,25,1,Groundgear_A,Long,37D8,V,24/10/2006 14:13,30,54.141,-11.276,54.158,-11.23,VIIbSlope,130,23,3.8,1.914366702,3.551700746,0.461721097,Y,24.29233357,890,3.76,9.6,9.8,9,"Nil
","Nil
",03:20.3
1958,IGFS2006,FG113,101020101,224,222,26,1,Groundgear_D,Long,38D9,V,25/10/2006 5:51,31,54.722,-10.456,54.749,-10.426,VIaSlope,117,23,4.6,1.925969095,3.573226521,0.418067503,Y,21.73123144,645,3.67,9.4,5.9,8,"Nil
","Nil
",03:20.3
1959,IGFS2006,FG101,101020101,115,114,27,1,Groundgear_D,Long,38D9,V,25/10/2006 8:24,30,54.781,-10.077,54.752,-10.1,VIaMedium,110,22,4.1,1.914264506,3.551511143,0.390666226,Y,20.37122395,415,2.3,10.3,6.4,14,"Nil
","Nil
",03:20.3
1960,IGFS2006,26,101020101,99,100,28,1,Groundgear_D,Long,3.80E+01,V,25/10/2006 11:06,30,54.779,-9.63,54.808,-9.6,VIaMedium,107,20,4.3,2.027196879,3.76103317,0.402430549,Y,19.79206392,385,3.06,9.3,6,12,"Nil
","Nil
",03:20.3
1961,IGFS2006,27,101020101,94,94,29,1,Groundgear_D,Long,3.80E+01,V,25/10/2006 13:16,31,54.972,-9.402,55.002,-9.423,VIaMedium,107,22,4.1,1.94045693,3.600105622,0.385211302,Y,19.79206392,360,2.28,8.2,4.1,15,"Nil
","Nil
",03:20.3
1962,IGFS2006,29,101020101,120,117,30,1,Groundgear_D,Long,3.90E+01,V,25/10/2006 16:30,30,55.111,-9.547,55.122,-9.495,VIaMedium,106,21,4,1.906341054,3.536810861,0.374901951,Y,19.5994811,450,2.7,3.5,5.8,12,"Nil
","Nil
",03:20.3
1963,IGFS2006,FG108,101020101,236,244,31,1,Groundgear_D,Long,39D9,V,26/10/2006 5:59,30,55.064,-10.086,55.093,-10.059,VIaDeep,125,23,4.4,1.972806878,3.660124078,0.45751551,Y,23.30150455,740,2.8,8.9,5.1,33,"Nil
","Nil
",03:20.3
1964,IGFS2006,FG109,101020101,259,249,32,1,Groundgear_D,Long,3.90E+01,V,26/10/2006 8:28,30,55.325,-9.872,55.351,-9.836,VIaSlope,127,23,3.9,1.987511248,3.687404913,0.468300424,Y,23.6969313,840,3.13,10.6,7.5,36,"Nil
","Nil
",03:20.3
1965,IGFS2006,FG110,101020101,250,241,33,1,Groundgear_D,Long,3.90E+01,V,26/10/2006 10:49,30,55.497,-9.513,55.516,-9.466,VIaSlope,125,23.07,3.9,1.965230907,3.646068473,0.455758559,Y,23.30150455,780,4.35,11.5,11.9,29,"Nil
","Nil
",03:20.3
1966,IGFS2006,FG111,101020101,292,273,34,1,Groundgear_D,Long,4.00E+01,V,26/10/2006 13:36,30,55.754,-9.327,55.786,-9.326,VIaSlope,122,23,3.7,1.920649633,3.56335739,0.434729602,Y,22.71055277,810,4.28,11.6,10.3,22,"Nil
","Nil
",03:20.3
1967,IGFS2006,FG112,101020101,252,240,35,1,Groundgear_D,Long,4.00E+01,V,26/10/2006 16:09,30,55.993,-9.222,56.026,-9.208,VIaSlope,122,23.09,3.9,2.035608583,3.7766393,0.460749995,Y,22.71055277,740,4.08,16.9,10.4,22,"Nil
","Nil
",03:20.3
1968,IGFS2006,R210,101020101,128,134,36,1,Groundgear_D,Long,3.90E+01,V,27/10/2006 6:05,30,55.408,-9.252,55.442,-9.254,VIaDeep,110,20,4.1,2.041399499,3.787383115,0.416612143,Y,20.37122395,425,2.8,8.9,6.2,31,"Nil
","Nil
",03:20.3
1969,IGFS2006,R213,101020101,112,112,37,1,Groundgear_D,Long,4.00E+01,V,27/10/2006 7:52,30,55.58,-9.168,55.614,-9.166,VIaMedium,117,21.51,4.3,2.041447231,3.787471673,0.443134186,Y,21.73123144,420,2.17,9.5,6.1,27,"Nil
","Nil
",03:20.3
1970,IGFS2006,6,101020101,105,108,38,1,Groundgear_D,Long,4.00E+02,V,27/10/2006 10:02,30,55.629,-8.869,55.616,-8.912,VIaMedium,111,21,4.3,1.65547734,3.071386531,0.340923905,Y,20.56475805,395,2.98,10.3,14.8,25,"Nil
","Nil
",03:20.3
1971,IGFS2006,SC544,101020101,131,138,39,1,Groundgear_D,Long,4.00E+02,V,27/10/2006 11:53,30,55.798,-8.993,55.831,-8.993,VIaDeep,113,22,4.3,1.980377108,3.674169032,0.415181101,Y,20.95256612,455,3.36,8.8,10.8,24,"Nil
","Nil
",03:20.3
1972,IGFS2006,MB23,101020101,134,134,40,1,Groundgear_D,Long,4.00E+02,V,27/10/2006 14:03,30,55.995,-8.812,56.009,-8.868,VIaDeep,121,20,4.3,2.062092805,3.825775148,0.462918793,Y,22.51413801,460,3.85,10.8,9.2,21,"Nil
","Nil
",03:20.3
1973,IGFS2006,MB6,101020101,133,136,41,1,Groundgear_D,Long,4.00E+03,V,28/10/2006 5:56,31,55.864,-7.619,55.878,-7.672,VIaDeep,109,22,4.2,1.975834651,3.665741467,0.39956582,Y,20.17793229,440,3.38,9.2,4.7,22,"Nil
","Nil
",03:20.3
1974,IGFS2006,FG96,101020101,172,174,42,1,Groundgear_D,Long,4.00E+03,V,28/10/2006 7:58,30,55.915,-7.937,55.928,-7.991,VIaDeep,118,27,3.9,1.979873762,3.67323518,0.433441751,Y,21.92655208,550,4.93,9.4,9.2,21,"Nil
","Nil
",03:20.3
1975,IGFS2006,MMMA3,101020101,147,137,43,1,Groundgear_D,Long,4.00E+02,V,28/10/2006 10:22,30,55.825,-8.322,55.817,-8.376,VIaDeep,114,21,4.1,1.886499904,3.499999821,0.39899998,Y,21.14684645,510,3.42,9.3,5.6,24,"Nil
","Nil
",03:20.3
1976,IGFS2006,MB25,101020101,105,100,44,1,Groundgear_D,Long,4.00E+02,V,28/10/2006 12:44,30,55.757,-8.056,55.729,-8.085,VIaMedium,110,23,4.1,1.946070318,3.610520071,0.397157208,Y,20.37122395,410,2.88,8.4,8,25,"Nil
","Nil
",03:20.3
1977,IGFS2006,8,101020101,94,91,45,1,Groundgear_D,Long,4.00E+02,V,28/10/2006 14:44,30,55.643,-8.276,55.626,-8.319,VIaMedium,117,21.17,4,1.780854905,3.303997968,0.386567762,Y,21.73123144,380,3.1,11.1,6.1,38,"Nil
","Nil
",03:20.3
1978,IGFS2006,MB43,101020101,65,60,46,1,Groundgear_D,Short,3.90E+02,V,29/10/2006 6:59,31,55.057,-8.55,55.085,-8.521,VIaCoast,82,20.31,4.6,1.95444033,3.626048851,0.297336006,Y,23.45684645,300,4.95,6.8,13.8,5,"Nil
","Nil
",03:20.3
1979,IGFS2006,MB41,101020101,94,95,47,1,Groundgear_D,Long,3.90E+02,V,29/10/2006 9:04,30,55.285,-8.478,55.316,-8.472,VIaMedium,108,22,4.4,1.871503634,3.472177429,0.374995162,Y,19.98487997,385,5.4,7.9,15,5,"Nil
","Nil
",03:20.3
1980,IGFS2006,12,101020101,102,103,48,1,Groundgear_D,Long,3.90E+02,V,29/10/2006 10:45,30,55.426,-8.581,55.453,-8.605,VIaMedium,104,19,4.3,1.815333581,3.367965827,0.350268446,Y,19.21500312,410,4.7,9,11.3,9,"Nil
","Nil
",03:20.3
1981,IGFS2006,9A,101020101,88,88,49,1,Groundgear_D,Long,3.90E+02,I,29/10/2006 12:50,9,55.469,-8.327,55.462,-8.329,VIaMedium,104,20,3.9,0.42555392,0.789524898,0.082110589,Y,19.21500312,365,NA,NA,NA,18,"Came fast on starboard side broke headline and tore both wings.
","Came fast on starboard side broke headline and tore both wings.
",03:20.3
1982,IGFS2006,10,101020101,26,40,50,1,Groundgear_D,Short,3.90E+03,V,30/10/2006 7:22,31,55.21,-7.915,55.236,-7.946,VIaCoast,63,19,5.3,1.888053044,3.502881343,0.220681525,Y,17.80781937,150,8.8,4.7,2.9,23,"Nil
","Nil
",03:20.3
1983,IGFS2006,9,101020101,79,84,52,1,Groundgear_D,Short,3.90E+02,V,30/10/2006 10:34,30,55.357,-8.195,55.378,-8.238,VIaCoast,85,21,3.9,1.935900274,3.591651715,0.305290396,Y,24.36961121,320,2.93,10.4,6.3,32,"Nil
","Nil
",03:20.3
1984,IGFS2006,FG114,101020101,71,69,53,1,Groundgear_D,Short,4.00E+03,V,30/10/2006 13:58,31,55.617,-7.593,55.617,-7.53,VIaCoast,83,20,4.3,2.139575896,3.969528564,0.329470871,Y,23.76038723,310,2.86,0.3,34,34,"Nil
","Nil
",03:20.3
1985,IGFS2006,32,101020101,61,60,54,1,Groundgear_D,Short,4.00E+03,V,30/10/2006 15:33,30,55.627,-7.326,55.595,-7.307,VIaCoast,82,21,4.3,2.025847345,3.758529397,0.308199411,Y,23.45684645,300,4.24,8.4,12.6,34,"Nil
","Nil
",03:20.3
1986,IGFS2006,FG115,101020101,16,18,55,1,Groundgear_D,Short,3.90E+03,V,31/10/2006 8:38,29,55.213,-7.587,55.245,-7.583,VIaCoast,71,18,NA,1.925075165,3.571568024,0.25358133,Y,20.16105414,150,1.52,8.8,5.6,33,Nil,Nil,03:20.3
1987,IGFS2006,33,101020101,78,73,57,1,Groundgear_D,Short,4.00E+03,V,01/11/2006 6:47,30,55.528,-7.071,55.507,-7.026,VIaCoast,84,20,4.8,1.983807409,3.680533225,0.309164791,Y,24.0646376,325,5.8,1.62,5.2,13,"Nil
","Nil
",03:20.3
1988,IGFS2006,MB46,101020101,51,50,58,1,Groundgear_D,Short,3.90E+03,V,01/11/2006 9:17,30,55.463,-7.06,55.458,-7.001,VIaCoast,81,20,4.1,2.033955343,3.773572065,0.305659337,Y,23.15400187,275,3.71,1.71,5.7,14,"Nil
","Nil
",03:20.3
1989,IGFS2006,COD3,101020101,42,43,59,1,Groundgear_D,Short,3.90E+03,V,01/11/2006 11:18,30,55.395,-7.047,55.374,-7.005,VIaCoast,83,19,3.9,1.909625007,3.542903538,0.294060994,Y,23.76038723,255,3,1.01,2.9,14,"Nil
","Nil
",03:20.3
1990,IGFS2006,COD1,101020101,55,78,60,1,Groundgear_D,Short,3.90E+04,V,01/11/2006 13:31,30,55.369,-6.898,55.368,-6.838,VIaCoast,85,22,3.6,2.051437472,3.806006441,0.323510548,Y,24.36961121,310,4.7,2.07,7.9,13,"Nil
","Nil
",03:20.3
1991,IGFS2006,31,101020101,56,57,61,1,Groundgear_D,Short,4.00E+03,V,01/11/2006 16:50,31,55.666,-7.219,55.697,-7.201,VIaCoast,81,19,3.9,1.957865527,3.632403574,0.29422469,Y,23.15400187,290,1.6,5.4,5.3,9,"Nil
","Nil
",03:20.3
1992,IGFS2006,SC573,101020101,59,55,62,1,Groundgear_D,Short,4.00E+04,V,02/11/2006 6:52,34,55.897,-6.681,55.93,-6.671,VIaCoast,82,19.8,4.1,2.008885685,3.72706064,0.305618973,Y,23.45684645,295,1.06,2.2,2.3,4,"Nil
","Nil
",03:20.3
1993,IGFS2006,31A,101020101,57,53,63,1,Groundgear_D,Short,4.00E+03,V,02/11/2006 9:24,30,55.875,-7.06,55.845,-7.079,VIaCoast,82,18,4.3,1.911154785,3.545741717,0.290750821,Y,23.45684645,285,0.99,2.4,3,3,"Nil
","Nil
",03:20.3
1994,IGFS2006,FG116,101020101,97,84,64,1,Groundgear_D,Short,4.10E+03,V,02/11/2006 12:18,30,56.053,-7.047,56.052,-6.986,VIaCoast,83,20,4.1,2.049508992,3.802428556,0.31560157,Y,23.76038723,380,0.53,2.3,2.3,3,"Nil
","Nil
",03:20.3
1995,IGFS2006,FG117,101020101,76,72,65,1,Groundgear_D,Short,4.10E+04,V,02/11/2006 14:12,30,56.186,-6.823,56.202,-6.773,VIaCoast,80,19,4.3,1.929033304,3.57891151,0.286312921,Y,22.85184029,310,0.73,1.6,3.5,3,"Nil
","Nil
",03:20.3
1996,IGFS2006,93,101020101,94,97,66,1,Groundgear_D,Short,4.10E+03,V,02/11/2006 16:46,30,56.218,-7.254,56.211,-7.312,VIaMedium,84,20,4.1,1.984678489,3.68214933,0.309300544,Y,15.41584853,370,1.09,2.7,2.8,11,"Nil
","Nil
",03:20.3
1997,IGFS2006,FG93,101020101,152,159,67,1,Groundgear_D,Long,4.10E+03,V,03/11/2006 7:06,30,56.061,-7.645,56.042,-7.692,VIaDeep,113,21,4.3,1.947264135,3.612734945,0.408239049,Y,20.95256612,515,1.93,3,3.7,16,"Nil
","Nil
",03:20.3
1998,IGFS2006,MB47,101020101,152,157,68,1,Groundgear_D,Long,4.10E+02,V,03/11/2006 9:25,30,56.032,-8.097,56.045,-8.15,VIaDeep,113,21,4.2,1.944021545,3.606719007,0.407559248,Y,20.95256612,515,1.13,4.4,0.6,15,"Nil
","Nil
",03:20.3
1999,IGFS2006,MB2,101020101,92,113,69,1,Groundgear_D,Long,4.10E+03,V,03/11/2006 12:43,30,56.189,-7.796,56.211,-7.755,VIaCoast,111,21,4.6,1.903894241,3.532271319,0.392082116,Y,32.60436411,375,1.68,5.1,5.8,21,"Nil
","Nil
",03:20.3
2000,IGFS2006,MB48,101020101,173,182,70,1,Groundgear_D,Long,4.10E+02,V,03/11/2006 15:08,30,56.288,-8.066,56.296,-8.122,VIaDeep,118,21,4.2,1.929723219,3.580191502,0.422462597,Y,21.92655208,560,2.59,9.2,4.7,23,"Nil
","Nil
",03:20.3
2001,IGFS2006,FG106,101020101,311,363,71,1,Groundgear_D,Long,4.10E+01,V,04/11/2006 7:18,30,56.49,-9.067,56.458,-9.073,VIaSlope,126,22,NA,1.930885292,3.58234748,0.451375782,Y,23.4990696,930,2.47,6.6,6.3,24,"Nil
","Nil
",03:20.3
2002,IGFS2006,94,101020101,177,176,72,1,Groundgear_D,Long,4.10E+01,I,04/11/2006 9:42,30,56.228,-9.103,56.196,-9.094,VIaSlope,120,22,3.9,1.943936456,3.606561142,0.432787337,Y,22.31800195,565,2.98,6,8.1,27,Tore out starboard wing back to the 80mm - prob large stone rolling back in trawl along wing. Big catch of JOD last year and big marks again this year.,Tore out starboard wing back to the 80mm - prob large stone rolling back in trawl along wing. Big catch of JOD last year and big marks again this year.,03:20.3
2003,IGFS2006,FG118,101020101,128,130,73,1,Groundgear_D,Long,4.10E+02,V,04/11/2006 14:01,30,56.158,-8.761,56.144,-8.813,VIaDeep,118,21,3.9,1.933967934,3.588066668,0.423391867,Y,21.92655208,450,2.97,10,5.6,23,"Nil
","Nil
",03:20.3
2004,IGFS2006,FG119,101020101,143,147,74,1,Groundgear_D,Long,4.10E+02,V,04/11/2006 16:22,30,56.026,-8.413,55.996,-8.385,VIaDeep,116,21.99,3.9,2.031651795,3.769298321,0.437238605,Y,21.53617584,505,2.47,9,9.9,21,"Nil
","Nil
",03:20.3
2005,IGFS2006,mar-04,101020101,90,94,75,1,Groundgear_D,Long,3.90E+01,V,05/11/2006 7:32,30,55.083,-9.003,55.116,-9.014,VIaMedium,112,21.09,4,2.015990987,3.740243019,0.418907218,Y,20.75853772,385,5.53,13.7,11.3,27,"Nil
","Nil
",03:20.3
2006,IGFS2006,MB44,101020101,70,66,76,1,Groundgear_D,Short,3.80E+02,V,05/11/2006 10:26,30,54.869,-8.786,54.856,-8.837,VIaCoast,82,20.45,4.3,1.929813106,3.580358267,0.293589378,Y,23.45684645,280,4.63,9.6,12,24,"Nil
","Nil
",03:20.3
2007,IGFS2006,MB49,101020101,87,84,77,1,Groundgear_D,Short,3.80E+02,V,05/11/2006 12:46,30,54.631,-8.862,54.62,-8.807,VIaCoast,81,21,4.1,2.025291058,3.757497324,0.304357283,Y,23.15400187,355,3.29,8.8,11.1,23,"Nil
","Nil
",03:20.3
2008,IGFS2006,15,101020101,64,58,78,1,Groundgear_D,Short,3.80E+02,V,05/11/2006 14:33,30,54.518,-8.584,54.519,-8.525,VIaCoast,81,20,4,2.060248758,3.82235391,0.309610667,Y,23.15400187,300,3.29,8.8,11.1,23,"Nil
","Nil
",03:20.3
2009,IGFS2006,14,101020101,45,35,79,1,Groundgear_D,Short,3.80E+02,V,05/11/2006 15:54,30,54.57,-8.392,54.585,-8.344,VIaCoast,83,21,4,1.899719229,3.52452547,0.292535614,Y,23.76038723,260,0.44,1.9,1.8,20,"Nil
","Nil
",03:20.3
2010,IGFS2006,SC554,101010101,68,68,80,1,Groundgear_A,Short,3.70E+02,V,06/11/2006 7:21,30,54.462,-8.835,54.463,-8.892,VIIbCoast,84,21,4.8,1.993189742,3.697940152,0.310626973,Y,24.0646376,305,4.32,11.5,8.4,14,"Nil
","Nil
",03:20.3
2011,IGFS2006,MB10,101010101,88,89,81,1,Groundgear_A,Long,3.70E+01,V,06/11/2006 9:55,32,54.469,-9.416,54.491,-9.458,VIIbMedium,114,20,4.6,1.973697747,3.661776896,0.417442566,Y,21.14684645,350,2.89,11.3,4.9,18,"Nil
","Nil
",03:20.3
2012,IGFS2006,20,101010101,47,51,82,1,Groundgear_A,Short,3.70E+01,V,06/11/2006 11:59,30,54.342,-9.643,54.35,-9.695,VIIbCoast,83,19,4.4,1.884820595,3.49688422,0.29024139,Y,23.76038723,250,3.35,8.4,7.4,15,"Nil
","Nil
",03:20.3
2013,IGFS2006,25,101010101,40,64,83,1,Groundgear_A,Short,3.70E+01,V,06/11/2006 13:55,36,54.296,-9.918,54.33,-9.923,VIIbCoast,83,22,4.4,2.047409128,3.798532705,0.315278215,Y,23.76038723,210,2.99,9.1,10,22,"Nil
","Nil
",03:20.3
2014,IGFS2006,22,101010101,123,131,84,1,Groundgear_A,Long,37D9,V,06/11/2006 16:34,30,54.299,-10.333,54.284,-10.381,VIIbMedium,116,20,4.3,1.910005211,3.543608925,0.411058635,Y,21.53617584,430,5.22,8.4,12.4,21,"Nil
","Nil
",03:20.3
2015,IGFS2006,MB28,101010101,139,139,85,1,Groundgear_A,Long,35D9,V,07/11/2006 7:30,30,53.42,-10.866,53.391,-10.888,VIIbDeep,111,19,4,1.910045391,3.543683472,0.393348865,Y,20.56475805,485,3.48,5.7,10.8,18,"Nil
","Nil
",03:20.3
2016,IGFS2006,FG78,101010101,136,137,86,1,Groundgear_A,Long,35D9,V,07/11/2006 9:07,30,53.31,-10.912,53.296,-10.961,VIIbDeep,117,20,4.1,1.95074963,3.619201541,0.42344658,Y,21.73123144,480,3.12,6.7,7.7,9,"Nil
","Nil
",03:20.3
2017,IGFS2006,MB12,101010101,133,133,87,1,Groundgear_A,Long,35D9,V,07/11/2006 12:29,30,53.077,-10.94,53.092,-10.988,VIIbDeep,124,21,3.9,1.953170777,3.623693464,0.449337989,Y,23.10423247,475,3.3,9.9,4.5,6,"Nil
","Nil
",03:20.3
2018,IGFS2006,FG120,101010101,136,138,88,1,Groundgear_A,Long,35D8,V,07/11/2006 14:33,30,53.029,-11.233,52.995,-11.239,VIIbDeep,118,21,4.3,2.050955015,3.805111345,0.449003139,Y,21.92655208,465,3.28,5,10.6,9,"Nil
","Nil
",03:20.3
2019,IGFS2006,50,101010101,136,136,89,1,Groundgear_A,Long,34D8,V,07/11/2006 16:25,30,52.885,-11.054,52.852,-11.039,VIIbDeep,113,22,NA,2.052917884,3.808753031,0.430389092,Y,20.95256612,465,2.96,5.9,9.8,10,"Nil
","Nil
",03:20.3
2020,IGFS2006,FG121,101010101,187,186,90,1,Groundgear_A,Long,34D8,V,08/11/2006 7:29,30,52.835,-11.832,52.801,-11.833,VIIbDeep,119,21,4,2.039693115,3.784217281,0.450321856,Y,22.12214112,590,3.16,4.7,8.2,8,"Nil
","Nil
",03:20.3
2021,IGFS2006,90,101010101,145,143,91,1,Groundgear_A,Long,34D8,V,08/11/2006 9:29,31,52.732,-11.522,52.759,-11.487,VIIbDeep,123,21,4,2.060518075,3.822853571,0.470210989,Y,22.90724974,505,3.32,5.8,8.5,10,"Nil
","Nil
",03:20.3
2022,IGFS2006,MB14,101010101,127,128,92,1,Groundgear_A,Long,34D9,V,08/11/2006 12:35,30,52.767,-10.888,52.745,-10.923,VIIbDeep,111,20,4.4,1.833992269,3.402583059,0.37768672,Y,20.56475805,430,2.7,5.1,10.2,4,trawlspped unclipped,trawlspped unclipped,03:20.3
2023,IGFS2006,FG122,101010101,117,115,93,1,Groundgear_A,Long,34D9,V,08/11/2006 14:47,30,52.679,-10.595,52.681,-10.537,VIIbMedium,116,16,3.9,2.117729117,3.928996506,0.455763595,Y,21.53617584,435,2.85,5.9,7.5,11,"Nil
","Nil
",03:20.3
2024,IGFS2006,70,101010101,99,103,94,1,Groundgear_A,Long,34D9,V,08/11/2006 16:50,30,52.547,-10.321,52.516,-10.344,VIIbMedium,106,20,4,2.040803622,3.786277592,0.401345425,Y,19.5994811,380,0.15,5.1,10.7,15,"Nil
","Nil
",03:20.3
2025,IGFS2006,PO242,101010101,350,350,95,1,Groundgear_A,Long,34D7,V,09/11/2006 7:26,30,52.575,-12.179,52.544,-12.161,VIIbSlope,125,23,3.7,1.972330979,3.659241148,0.457405144,Y,23.30150455,1014,3.67,9.1,9,5,"Nil
","Nil
",03:20.3
2026,IGFS2006,PO461,101010101,533,508,96,1,Groundgear_A,Long,33D7,V,09/11/2006 9:55,30,52.358,-12.188,52.352,-12.137,VIIjSlope,139,22,3.5,1.907178126,3.53836387,0.491832578,Y,26.09580497,1305,3.79,7.8,11.6,11,"Nil
","Nil
",03:20.3
2027,IGFS2006,FG69,101010101,277,277,97,1,Groundgear_A,Long,33D8,V,09/11/2006 12:28,30,52.319,-11.772,52.293,-11.741,VIIjSlope,124,21,3.8,1.931473221,3.583438258,0.444346344,Y,23.10423247,820,2.64,9.1,6.6,18,"Nil
","Nil
",03:20.3
2028,IGFS2006,FG70,101010101,278,277,98,1,Groundgear_A,Long,33D8,I,09/11/2006 14:36,30,52.142,-11.633,52.113,-11.605,VIIjSlope,132,22,3.6,2.023172191,3.753566217,0.495470741,Y,24.69082081,840,2.87,6.2,8.5,30,"Tore port wing badly, almost to 80mm. Possibly cables in the area, no obvious fast during tow.","Tore port wing badly, almost to 80mm. Possibly cables in the area, no obvious fast during tow.",03:20.3
2029,IGFS2006,FG62,101010101,255,277,99,1,Groundgear_A,Long,30D9,V,10/11/2006 7:32,30,50.519,-10.902,50.547,-10.927,VIIjSlope,118,19,3.8,1.931630268,3.583729626,0.422880096,Y,21.92655208,820,1.32,4.9,4,20,"Nil
","Nil
",03:20.3
2030,IGFS2006,81,101010101,252,251,100,1,Groundgear_A,Long,30D8,V,10/11/2006 9:32,30,50.725,-11.03,50.753,-11.058,VIIjSlope,122,21,3.7,1.988374528,3.689006546,0.450058799,Y,22.71055277,775,1.56,5.7,3,23,"Nil
","Nil
",03:20.3
2031,IGFS2006,FG124,101010101,240,240,101,1,Groundgear_A,Long,30D8,V,10/11/2006 11:09,30,50.858,-11.108,50.892,-11.113,VIIjSlope,118,20,3.8,2.047497985,3.798697561,0.448246312,Y,21.92655208,715,1.43,5.1,3.1,18,"Nil
","Nil
",03:20.3
2032,IGFS2006,FG125,101010101,388,364,102,1,Groundgear_A,Long,31D8,V,10/11/2006 13:39,30,51.101,-11.404,51.123,-11.442,VIIjSlope,123,20,3.8,1.948742,3.615476809,0.444703648,Y,22.90724974,1055,1.59,5.3,4.2,20,"Nil
","Nil
",03:20.3
2033,IGFS2006,FG126,101010101,309,301,103,1,Groundgear_A,Long,31D8,V,10/11/2006 16:08,30,51.373,-11.464,51.407,-11.46,VIIjSlope,110,23.48,4.3,2.044388377,3.792928342,0.417222118,Y,20.37122395,840,1.52,4.8,4.9,21,"Nil
","Nil
",03:20.3
2034,IGFS2006,FG28,101010101,237,239,104,1,Groundgear_A,Long,32D8,V,11/11/2006 7:29,30,51.607,-11.388,51.638,-11.397,VIIjSlope,116,21,3.8,1.889157656,3.504930716,0.406571963,Y,21.53617584,730,6.44,10.3,8.4,24,"Nil
","Nil
",03:20.3
2035,IGFS2006,FG72,101010101,435,422,105,1,Groundgear_A,Long,32D8,V,11/11/2006 9:49,30,51.706,-11.653,51.736,-11.677,VIIjSlope,127,22,3.7,2.008955002,3.727189242,0.473353034,Y,23.6969313,1125,6.99,13.2,7.2,24,"Nil
","Nil
",03:20.3
2036,IGFS2006,FG73,101010101,254,219,106,1,Groundgear_A,Long,32D8,V,11/11/2006 12:05,30,51.751,-11.401,51.783,-11.403,VIIjSlope,129,22,4.1,1.920505312,3.563089634,0.459638563,Y,24.09355951,195,8.15,13.7,14.2,21,"Nil
","Nil
",03:20.3
2037,IGFS2006,FG71,101010101,254,256,107,1,Groundgear_A,Long,32D8,V,11/11/2006 14:32,31,51.876,-11.53,51.908,-11.525,VIIjSlope,126,23,3.7,1.928051404,3.577089803,0.450713315,Y,23.4990696,825,9.15,12.9,16.5,23,"Nil
","Nil
",03:20.3
2038,IGFS2006,FG74,101010101,556,504,108,1,Groundgear_A,Long,32D8,V,11/11/2006 17:22,30,51.983,-11.802,52.014,-11.802,VIIjSlope,138,23,3.9,1.859165775,3.449287153,0.476001627,Y,25.89408128,1350,7.76,14.4,13.7,26,"Nil
","Nil
",03:20.3
2039,IGFS2006,53,101010101,114,115,109,1,Groundgear_A,Long,34D9,V,12/11/2006 7:26,32,52.897,-10.443,52.919,-10.397,VIIbMedium,115,20,4.1,2.126982739,3.946164637,0.453808933,Y,21.34138194,425,6.68,7.1,19.3,19,"Nil
","Nil
",03:20.3
2040,IGFS2006,56,101010101,109,109,110,1,Groundgear_A,Long,35D9,V,12/11/2006 10:22,30,53.083,-10.191,53.115,-10.201,VIIbMedium,120,20,3.9,1.953157069,3.623668031,0.434840164,Y,22.31800195,420,6.08,13.4,12.8,26,"Nil
","Nil
",03:20.3
2041,IGFS2006,MB15,101010101,104,101,111,1,Groundgear_A,Long,3.40E+01,V,12/11/2006 12:36,30,52.95,-9.965,52.971,-9.921,VIIbMedium,120,20,3.6,2.031380945,3.768795817,0.452255498,Y,22.31800195,405,6.24,6.9,18.3,26,"Nil
","Nil
",03:20.3
2042,IGFS2006,59,101010101,75,70,112,1,Groundgear_A,Short,3.50E+01,V,12/11/2006 14:28,30,53.05,-9.708,53.031,-9.662,VIIbCoast,80,20,4,2.016086354,3.740419952,0.299233596,Y,22.85184029,340,4.54,9.4,13.3,21,"Nil
","Nil
",03:20.3
2043,IGFS2006,62,101010101,40,37,113,1,Groundgear_A,Short,3.50E+01,V,12/11/2006 16:36,30,53.194,-9.43,53.191,-9.374,VIIbCoast,86,24,4.1,2.025455502,3.757802415,0.323171008,Y,24.67532192,235,1.34,4.7,4.9,27,"Nil
","Nil
",03:20.3
2044,IGFS2006,66,101010101,60,55,114,1,Groundgear_A,Short,3.40E+01,V,14/11/2006 16:13,29,52.788,-9.618,52.758,-9.631,VIIbCoast,84,24,4.8,1.860531262,3.451820523,0.289952924,Y,24.0646376,280,NA,NA,NA,20,"Nil
","Nil
",03:20.3
2045,IGFS2006,39,101010101,154,156,115,1,Groundgear_A,Long,33D8,V,15/11/2006 7:43,30,52.046,-11.159,52.062,-11.207,VIIjDeep,123,22,4.1,2.017510092,3.743061395,0.460396552,Y,22.90724974,500,6.93,14.9,8.1,3,"Nil
","Nil
",03:20.3
2046,IGFS2006,38,101010101,141,143,116,1,Groundgear_A,Long,33D9,V,15/11/2006 9:57,30,52.03,-10.931,51.997,-10.947,VIIjDeep,123,21,4,2.06578988,3.832634286,0.471414017,Y,22.90724974,475,5.84,7.7,15.8,3,"Nil
","Nil
",03:20.3
2047,IGFS2006,FG67,101010101,161,162,117,1,Groundgear_A,Long,32D8,V,15/11/2006 11:55,30,51.825,-11.002,51.795,-10.98,VIIjDeep,124,21,NA,1.976291232,3.666588557,0.454656981,Y,23.10423247,540,6.54,10.2,16,11,"Nil
","Nil
",03:20.3
2048,IGFS2006,42,101010101,159,157,118,1,Groundgear_A,Long,32D9,V,15/11/2006 13:48,30,51.654,-10.828,51.626,-10.801,VIIjDeep,126,22,4.3,1.958192004,3.633009285,0.45775917,Y,23.4990696,520,5.28,8.8,14.1,13,"Nil
","Nil
",03:20.3
2049,IGFS2006,43,101010101,95,89,119,1,Groundgear_A,Long,32D9,V,15/11/2006 16:24,29,51.668,-10.497,51.684,-10.452,VIIjMedium,112,21,4.4,1.932778399,3.585859739,0.401616291,Y,20.75853772,360,6.77,7.2,19,14,"Nil
","Nil
",03:20.3
2050,IGFS2006,FG3,101010101,184,188,120,1,Groundgear_A,Long,32D8,V,16/11/2006 7:40,30,51.598,-11.098,51.625,-11.128,VIIjDeep,123,22,4,1.968844354,3.652772456,0.449291012,Y,22.90724974,600,5.22,12.1,11,13,"Nil
","Nil
",03:20.3
2051,IGFS2006,FG4,101010101,167,167,121,1,Groundgear_A,Long,31D9,V,16/11/2006 10:05,30,51.496,-10.834,51.468,-10.807,VIIjDeep,123,20,3.9,1.959954672,3.63627954,0.447262383,Y,22.90724974,575,6.01,11.1,14,16,"Nil
","Nil
",03:20.3
2052,IGFS2006,FG128,101010101,140,130,122,1,Groundgear_A,Long,31D9,V,16/11/2006 12:38,30,51.328,-10.389,51.308,-10.341,VIIjDeep,116,22,3.9,2.166044509,4.018635453,0.466161713,Y,21.53617584,460,5,8,10.3,15,"Nil
","Nil
",03:20.3
2053,IGFS2006,FG129,101010101,161,159,123,1,Groundgear_A,Long,31D9,V,16/11/2006 15:03,30,51.137,-10.539,51.105,-10.52,VIIjDeep,122,21,4.2,2.048440458,3.800446118,0.463654426,Y,22.71055277,520,3.58,11,15,13,"Nil
","Nil
",03:20.3
2054,IGFS2006,FG66,101010101,136,131,124,1,Groundgear_A,Long,31D9,V,16/11/2006 16:59,30,51.07,-10.237,51.039,-10.235,VIIjDeep,114,20,4.3,1.860400995,3.451578841,0.393479988,Y,21.14684645,450,4.95,10.7,18.6,15,"Nil
","Nil
",03:20.3
2055,IGFS2006,FG6,101010101,173,176,125,1,Groundgear_A,Long,30D9,V,17/11/2006 7:31,30,50.844,-10.842,50.847,-10.892,VIIjDeep,123,20,4.1,1.906608134,3.537306371,0.435088684,Y,22.90724974,540,5.8,11,14,19,"Nil
","Nil
",03:20.3
2056,IGFS2006,82,101010101,174,170,126,1,Groundgear_A,Long,30D9,V,17/11/2006 9:30,30,50.718,-10.762,50.717,-10.709,VIIjDeep,124,22,4.5,2.018380676,3.74467658,0.464339896,Y,23.10423247,560,5.04,9.8,20.8,25,"Nil
","Nil
",03:20.3
2057,IGFS2006,FG63,101010101,168,169,127,1,Groundgear_A,Long,30D9,V,17/11/2006 11:34,30,50.584,-10.578,50.579,-10.623,VIIjDeep,123,21,3.9,1.743877696,3.235394613,0.397953537,Y,22.90724974,540,6.21,17,13.4,25,"Nil
","Nil
",03:20.3
2058,IGFS2006,FG130,101010101,144,141,128,1,Groundgear_A,Long,30D9,V,17/11/2006 14:47,30,50.759,-10.281,50.793,-10.274,VIIjDeep,119,22,3.9,2.055954361,3.814386569,0.453912002,Y,22.12214112,531,6.8,14,11.5,24,"Nil
","Nil
",03:20.3
2059,IGFS2006,84,101010101,123,123,129,1,Groundgear_A,Long,3.00E+01,V,17/11/2006 17:16,30,50.753,-9.886,50.749,-9.935,VIIjDeep,126,22,4.2,1.879264184,3.48657548,0.439308511,Y,23.4990696,480,5.32,14.6,14.3,27,"Nil
","Nil
",03:20.3
2060,IGFS2006,MB29,101010101,123,114,130,1,Groundgear_A,Long,3.00E+01,V,18/11/2006 7:35,30,50.526,-9.639,50.503,-9.677,VIIjMedium,117,21,3.9,2.003042719,3.716220257,0.43479777,Y,21.73123144,460,7.42,10.7,20.5,19,"Nil
","Nil
",03:20.3
2061,IGFS2006,FG55,101010101,127,129,131,1,Groundgear_A,Long,3.00E+01,V,18/11/2006 9:46,29,50.603,-9.462,50.582,-9.502,VIIjMedium,117,21,3.6,1.978929802,3.671483863,0.429563612,Y,21.73123144,465,7.42,10.7,20.5,19,"Nil
","Nil
",03:20.3
2062,IGFS2006,FG132,101010101,130,128,132,1,Groundgear_A,Long,3.00E+01,V,18/11/2006 11:59,30,50.518,-9.159,50.521,-9.108,VIIjDeep,118,24,4.1,1.95780654,3.632294138,0.428610708,Y,21.92655208,490,4.12,8.4,15.3,16,"Nil
","Nil
",03:20.3
2063,IGFS2006,CC306,101010101,124,126,133,1,Groundgear_A,Long,3.00E+02,V,18/11/2006 14:08,29,50.604,-8.88,50.629,-8.915,VIIgMedium,124,21.71,4,2.007382274,3.724271379,0.461809651,Y,23.10423247,480,4.43,17.2,5.7,20,"Nil
","Nil
",03:20.3
2064,IGFS2006,FG12,101010101,123,125,134,1,Groundgear_A,Long,3.00E+02,V,18/11/2006 16:51,30,50.563,-8.612,50.593,-8.595,VIIgMedium,122,20,4.4,1.912267286,3.547805725,0.432832298,Y,22.71055277,480,3.09,5,9.5,16,"Nil
","Nil
",03:20.3
2065,IGFS2006,FG14,101010101,125,124,135,1,Groundgear_A,Long,3.00E+02,V,19/11/2006 7:17,30,50.64,-8.209,50.62,-8.256,VIIgMedium,129,21.73,4.1,2.156575059,4.001066901,0.51613763,Y,24.09355951,480,2.57,7.9,4.2,21,"Nil
","Nil
",03:20.3
2066,IGFS2006,FG133,101010101,120,120,136,1,Groundgear_A,Long,3.00E+02,V,19/11/2006 9:25,30,50.53,-8.037,50.513,-8.082,VIIgMedium,129,21,4.4,1.999418558,3.709496397,0.478525035,Y,24.09355951,450,2.64,8.1,4.8,26,"Nil
","Nil
",03:20.3
2067,IGFS2006,FG53,101010101,111,111,137,1,Groundgear_A,Long,3.00E+03,V,19/11/2006 11:36,30,50.702,-7.907,50.722,-7.846,VIIgMedium,127,22,4.1,2.613636661,4.849047608,0.615829046,Y,23.6969313,0,2.1,7.5,10.2,31,"Nil
","Nil
",03:20.3
2068,IGFS2006,MB30,101010101,112,113,138,1,Groundgear_A,Long,3.00E+03,V,19/11/2006 13:48,30,50.652,-7.618,50.627,-7.614,VIIgMedium,118,24,4.4,1.506716438,2.795392279,0.329856289,Y,21.92655208,480,5.33,14.8,15.2,35,Extended warp length from 440 to 480m to keep gear on the bottom in bad weather ,Extended warp length from 440 to 480m to keep gear on the bottom in bad weather ,03:20.3
2069,IGFS2006,FG21,101010101,98,96,139,1,Groundgear_A,Long,3.00E+04,I,20/11/2006 7:19,30,50.848,-6.053,50.847,-6.106,VIIgMedium,122,21,4.6,2.012796883,3.734317037,0.455586679,Y,22.71055277,395,6.01,13.6,10.3,12,Starboard lower wing torn from V back to 160mm. Catch sorted for otoliths,Starboard lower wing torn from V back to 160mm. Catch sorted for otoliths,03:20.3
2070,IGFS2006,113,101010101,86,87,140,1,Groundgear_A,Long,3.10E+05,V,20/11/2006 10:34,30,51.062,-5.788,51.093,-5.807,VIIgMedium,116,20,4.1,1.99260983,3.696864248,0.428836253,Y,21.53617584,370,4.48,5.28,17,17,"Nil
","Nil
",03:20.3
2071,IGFS2006,44,101010101,77,77,141,1,Groundgear_A,Long,3.10E+05,V,20/11/2006 12:54,30,51.246,-5.495,51.273,-5.524,VIIgCoast,109,19,4.1,1.952419713,3.622300024,0.394830703,Y,31.94643559,340,4.45,7.1,15.2,23,"Nil
","Nil
",03:20.3
2072,IGFS2006,MB32,101010101,73,75,142,1,Groundgear_A,Short,3.10E+05,V,20/11/2006 14:53,30,51.464,-5.494,51.483,-5.537,VIIgCoast,90,19,4.1,1.972675279,3.659879924,0.329389193,Y,25.9058227,300,4.38,8.8,11.3,18,"Nil
","Nil
",03:20.3
2073,IGFS2006,FG136,101010101,90,95,143,1,Groundgear_A,Long,3.10E+05,V,20/11/2006 16:54,30,51.495,-5.786,51.519,-5.823,VIIgMedium,116,25,4.1,1.997152959,3.705293059,0.429813995,Y,21.53617584,375,3.96,8.4,10.1,15,"Nil
","Nil
",03:20.3
2074,IGFS2006,FG48,101010101,102,102,144,1,Groundgear_A,Long,3.10E+04,V,21/11/2006 7:20,30,51.376,-6.013,51.409,-6.017,VIIgMedium,113,21.33,4.1,1.984588431,3.681982246,0.416063994,Y,20.95256612,415,2.56,7.5,11.7,31,"Nil
","Nil
",03:20.3
2075,IGFS2006,111,101010101,119,112,145,1,Groundgear_A,Long,3.10E+04,V,21/11/2006 9:59,30,51.389,-6.374,51.415,-6.36,VIIgMedium,126,21.63,3.9,1.645197012,3.052313565,0.384591509,Y,23.4990696,485,4.35,8.2,18.4,28,"Nil
","Nil
",03:20.3
2076,IGFS2006,112,101010101,109,107,146,1,Groundgear_A,Long,3.10E+04,V,21/11/2006 11:59,30,51.233,-6.335,51.199,-6.335,VIIgMedium,125,20,4.8,2.038811722,3.782582044,0.472822755,Y,23.30150455,425,4.02,8.7,12.3,22,"Nil
","Nil
",03:20.3
2077,IGFS2006,FG39,101010101,109,110,147,1,Groundgear_A,Long,3.10E+04,V,21/11/2006 14:12,30,51.217,-6.601,51.19,-6.634,VIIgMedium,128,20,4.3,2.041254519,3.787114136,0.484750609,Y,23.89509335,440,3.8,12.4,4.9,17,"Nil
","Nil
",03:20.3
2078,IGFS2006,FG40,101010101,88,90,148,1,Groundgear_A,Long,3.10E+04,V,21/11/2006 16:20,30,51.366,-6.678,51.365,-6.729,VIIgMedium,110,20,4.2,1.915402662,3.553622749,0.390898502,Y,20.37122395,370,4.45,12.5,5.3,23,"Nil
","Nil
",03:20.3
2079,IGFS2006,40,101010101,118,121,149,1,Groundgear_A,Long,3.20E+05,V,22/11/2006 7:17,30,51.737,-5.895,51.756,-5.853,VIIgMedium,116,23,4.7,1.934645535,3.589323813,0.416361562,Y,21.53617584,455,1.82,4.6,6.3,14,"Nil
","Nil
",03:20.3
2080,IGFS2006,FG139,101010101,114,116,150,1,Groundgear_A,Long,3.20E+04,V,22/11/2006 9:54,30,51.618,-6.188,51.588,-6.208,VIIgMedium,120,20,4,1.947944135,3.61399654,0.433679585,Y,22.31800195,450,2.15,6.9,4.1,20,"Nil
","Nil
",03:20.3
2081,IGFS2006,110,101010101,77,78,151,1,Groundgear_A,Long,3.20E+04,V,22/11/2006 11:46,30,51.566,-6.452,51.596,-6.479,VIIgCoast,125,20,4.1,2.062585705,3.82668962,0.478336203,Y,37.35820012,335,2.38,4.1,5.9,25,"Nil
","Nil
",03:20.3
2082,IGFS2006,69,101010101,68,72,152,1,Groundgear_A,Short,3.20E+04,V,22/11/2006 13:54,30,51.811,-6.48,51.838,-6.509,VIIgCoast,90,19,4.6,1.945077238,3.608677622,0.324780986,Y,25.9058227,335,1.95,6.2,5.2,17,"Nil
","Nil
",03:20.3
2083,IGFS2006,FG135,101010101,55,59,153,1,Groundgear_A,Short,3.30E+04,V,22/11/2006 16:01,31,52.011,-6.783,52.013,-6.836,VIIgCoast,85,19.97,4,1.965064407,3.645759567,0.309889563,Y,24.36961121,275,1.51,4.7,2.9,17,"Nil
","Nil
",03:20.3
2084,IGFS2006,FG18,101010101,79,76,154,1,Groundgear_A,Long,3.20E+03,V,23/11/2006 7:28,30,51.631,-7.806,51.621,-7.844,VIIgMedium,112,15,5.6,1.539923074,2.857000138,0.319984015,Y,20.75853772,365,5.64,18.9,5.2,28,"Difficult to make 4kts due to weather
","Difficult to make 4kts due to weather
",03:20.3
2085,IGFS2006,FG137,101010101,78,80,155,1,Groundgear_A,Long,3.20E+03,V,23/11/2006 9:53,30,51.671,-7.514,51.677,-7.563,VIIgCoast,122,22,4.8,1.86209639,3.454724285,0.421476363,Y,36.31562998,340,5.49,10.1,12.6,34,Difficulty controling speed sue to weather,Difficulty controling speed sue to weather,03:20.3
2086,IGFS2006,MB31,101010101,78,78,156,1,Groundgear_A,Long,3.20E+03,V,23/11/2006 12:16,30,51.672,-7.25,51.64,-7.251,VIIgCoast,109,20,4.3,1.919388939,3.56101844,0.38815101,Y,31.94643559,335,5.68,15.7,13.3,24,"Nil
","Nil
",03:20.3
2087,IGFS2006,FG46,101010101,75,74,157,1,Groundgear_A,Short,3.20E+03,V,23/11/2006 14:36,30,51.801,-7.089,51.83,-7.069,VIIgCoast,86,19,4.4,1.891381089,3.509055824,0.301778801,Y,24.67532192,365,4.13,13.1,10,36,"Nil
","Nil
",03:20.3
2088,IGFS2006,FG138,101010101,64,59,158,1,Groundgear_A,Short,3.20E+03,V,23/11/2006 17:04,30,51.922,-7.399,51.897,-7.429,VIIgCoast,83,20,3.9,1.867123989,3.464051927,0.28751631,Y,23.76038723,296,2.73,11.1,3.9,27,"Nil
","Nil
",03:20.3
2089,IGFS2006,FG36,101010101,97,103,159,1,Groundgear_A,Long,3.10E+03,V,24/11/2006 7:40,30,51.056,-7.522,51.035,-7.566,VIIgMedium,120,20,4.4,2.086102448,3.87031994,0.464438393,Y,22.31800195,400,4.72,12.4,12.2,29,"Nil
","Nil
",03:20.3
2090,IGFS2006,FG23,101010101,106,109,160,1,Groundgear_A,Long,3.10E+03,V,24/11/2006 9:26,30,51.157,-7.448,51.18,-7.412,VIIgMedium,118,21,4,1.934962049,3.589911036,0.423609502,Y,21.92655208,425,3.43,8.4,10.9,18,"Nil
","Nil
",03:20.3
2091,IGFS2006,FG37,101010101,92,90,161,1,Groundgear_A,Long,3.10E+03,V,24/11/2006 11:59,30,51.338,-7.78,51.365,-7.749,VIIgMedium,121,20,3.9,1.994109867,3.699647248,0.447657317,Y,22.51413801,405,3.23,7.6,11.3,13,"Nil
","Nil
",03:20.3
2092,IGFS2006,FG17,101010101,87,88,162,1,Groundgear_A,Long,3.10E+02,I,24/11/2006 13:58,33,51.476,-8.02,51.476,-8.081,VIIgMedium,115,20,4,2.284333736,4.238095986,0.487381038,Y,21.34138194,365,2.96,11.1,5.8,16,"Tore lower port wing and combination cut through cleanly. Toggle chain links deeply scarred by something sharp
","Tore lower port wing and combination cut through cleanly. Toggle chain links deeply scarred by something sharp
",03:20.3
2093,IGFS2006,53A,101010101,76,63,163,1,Groundgear_A,Short,3.20E+02,V,24/11/2006 16:45,30,51.612,-8.254,51.646,-8.256,VIIgCoast,95,21,4,2.040322107,3.785384243,0.359611503,Y,27.46231154,340,2.22,9.5,8.5,12,"Nil
","Nil
",03:20.3
2094,IGFS2006,FG35,101010101,109,109,164,1,Groundgear_A,Long,3.00E+03,V,25/11/2006 7:25,29,50.908,-7.749,50.884,-7.787,VIIgMedium,124,20,3.8,2.036526414,3.778342141,0.468514425,Y,23.10423247,435,3.79,9.1,6,23,"Nil
","Nil
",03:20.3
2095,IGFS2006,FG140,101010101,102,105,165,1,Groundgear_A,Long,3.10E+02,V,25/11/2006 9:54,28,51.034,-8.073,51.021,-8.121,VIIgMedium,120,22,4.2,1.975390929,3.664918235,0.439790188,Y,22.31800195,424,4.36,14.4,7.7,21,"Nil
","Nil
",03:20.3
2096,IGFS2006,FG16,101010101,107,107,166,1,Groundgear_A,Long,3.10E+02,V,25/11/2006 11:34,30,51.11,-8.219,51.091,-8.264,VIIgMedium,125,21,4.4,2.045608164,3.795191398,0.474398925,Y,23.30150455,424,3.58,10.4,5.8,19,"Nil
","Nil
",03:20.3
2097,IGFS2006,FG52,101010101,99,98,167,1,Groundgear_A,Long,3.10E+02,V,25/11/2006 13:32,30,51.22,-8.113,51.241,-8.072,VIIgMedium,112,21,4.1,1.992098985,3.695916484,0.413942646,Y,20.75853772,400,2.82,4.2,8.7,24,"Nil
","Nil
",03:20.3
2098,IGFS2006,FG134,101010101,91,89,168,1,Groundgear_A,Long,3.10E+02,V,25/11/2006 15:49,30,51.422,-8.285,51.436,-8.334,VIIgMedium,120,21,3.9,2.019608212,3.746954011,0.449634481,Y,22.31800195,375,2.98,7.2,7.5,20,"Nil
","Nil
",03:20.3
2099,IGFS2006,CC310,101010101,107,109,169,1,Groundgear_A,Long,3.10E+02,V,26/11/2006 7:26,30,51.206,-8.536,51.185,-8.576,VIIgMedium,123,21,4.1,1.963942134,3.643677429,0.448172324,Y,22.90724974,425,4.65,11.8,9.9,18,"Nil
","Nil
",03:20.3
2100,IGFS2006,FG141,101010101,114,115,170,1,Groundgear_A,Long,3.10E+02,V,26/11/2006 9:15,30,51.1,-8.788,51.1,-8.841,VIIgMedium,122,21,3.8,2.001023389,3.712473819,0.452921806,Y,22.71055277,450,4.65,11.8,9.9,18,"Nil
","Nil
",03:20.3
2101,IGFS2006,FG59,101010101,122,122,171,1,Groundgear_A,Long,3.00E+01,V,26/11/2006 11:44,30,50.978,-9.216,50.984,-9.269,VIIjMedium,122,20,3.9,2.038161029,3.781374822,0.461327728,Y,22.71055277,460,5.38,10.6,8.9,26,"Nil
","Nil
",03:20.3
2102,IGFS2006,FG34,101010101,116,117,172,1,Groundgear_A,Long,3.10E+01,V,26/11/2006 13:41,30,51.117,-9.233,51.117,-9.285,VIIjMedium,128,23,4.1,1.962548139,3.641091168,0.466059669,Y,23.89509335,455,4.39,13.6,16.2,29,"Nil
","Nil
",03:20.3
2103,IGFS2006,MB20,101010101,118,119,173,1,Groundgear_A,Long,3.10E+01,V,26/11/2006 15:47,30,51.129,-9.595,51.105,-9.594,VIIjMedium,122,21,5.1,1.439631498,2.670930423,0.325853512,Y,22.71055277,465,5.32,16.4,13.2,34,"Trouble making speed and getting stable gear due to weather.
","Trouble making speed and getting stable gear due to weather.
",03:20.3
2104,IGFS2006,FG33,101010101,74,74,174,1,Groundgear_A,Short,32D9,V,28/11/2006 11:05,30,51.509,-10.045,51.489,-10.084,VIIjCoast,91,19,4,1.889260838,3.505122148,0.318966115,Y,26.21543642,335,7.63,18.1,14.8,22,"Nil
","Nil
",03:20.3
2105,IGFS2006,FG9,101010101,51,57,175,1,Groundgear_A,Short,3.10E+01,V,28/11/2006 13:46,31,51.457,-9.646,51.446,-9.697,VIIjCoast,85,20,4.3,2.021527626,3.750515075,0.318793781,Y,24.36961121,250,5.01,16.9,6.9,15,"Nil
","Nil
",03:20.3
2106,IGFS2006,FG56,101010101,63,66,176,1,Groundgear_A,Short,3.10E+01,V,28/11/2006 16:03,31,51.423,-9.373,51.412,-9.425,VIIjCoast,96,20,4.1,2.058350481,3.818832062,0.366607878,Y,27.77621697,310,4.3,11.5,8,14,"Nil
","Nil
",03:20.3
2107,IGFS2006,71,101010101,58,67,177,1,Groundgear_A,Short,33D9,V,29/11/2006 7:41,30,52.019,-10.33,51.999,-10.374,VIIjCoast,89,20,4.2,2.022506943,3.75233199,0.333957547,Y,25.59701948,274,5,14.7,8.6,24,"Nil
","Nil
",03:20.3
2108,IGFS2006,MB51,101010101,96,109,178,1,Groundgear_A,Long,32D9,V,29/11/2006 9:41,30,51.975,-10.645,51.96,-10.689,VIIjMedium,116,22,4.8,1.861717605,3.454021531,0.400666498,Y,21.53617584,400,6.96,15.3,16.6,22,"Nil
","Nil
",03:20.3
2109,IGFS2006,FG68,101010101,124,131,179,1,Groundgear_A,Long,32D9,V,29/11/2006 11:24,30,51.853,-10.764,51.819,-10.763,VIIjDeep,122,21,3.9,2.039366878,3.783612018,0.461600666,Y,22.71055277,460,6.54,9.3,19,20,"Nil
","Nil
",03:20.3
2110,IGFS2006,37,101010101,152,154,180,1,Groundgear_A,Long,32D9,V,29/11/2006 13:38,30,51.917,-10.985,51.884,-10.987,VIIjDeep,128,18,3.8,1.980469259,3.674339997,0.47031552,Y,23.89509335,550,5.97,11,28.9,21,"Nil
","Nil
",03:20.3
2111,IGFS2006,72,101010101,153,155,181,1,Groundgear_A,Long,33D8,V,29/11/2006 15:51,31,52.015,-11.119,51.984,-11.106,VIIjDeep,122,22,3.8,1.920438231,3.562965178,0.434681752,Y,22.71055277,555,5.95,13,20.3,26,"Nil
","Nil
",03:20.3
2112,IGFS2006,68,101010101,30,23,182,1,Groundgear_A,Short,3.40E+01,V,01/12/2006 8:00,30,52.543,-9.821,52.553,-9.767,VIIbCoast,85.9,20.5,4.8,2.063532247,3.828445727,0.328863488,Y,24.64471728,180,1.4,6,4,14,"Nil
","Nil
",03:20.3
2113,IGFS2006,MB17,101010101,91,95,183,1,Groundgear_A,Short,34D9,V,01/12/2006 10:00,30,52.586,-10.078,52.575,-10.128,VIIbMedium,97,20,3.9,1.942324947,3.603571331,0.349546419,Y,17.87624306,370,4.42,9,10.1,24,"Nil
","Nil
",03:20.3
2114,IGFS2006,62,101010101,33,32,184,1,Groundgear_A,Short,3.50E+01,A,01/12/2006 15:09,15,53.195,-9.423,53.196,-9.392,VIIbCoast,92,20,3.8,1.118332078,2.074827603,0.190884139,Y,26.52587617,240,2.05,7.6,8.5,32,Calibrating symetry sensor pitch and roll. Towing against the tide.,Calibrating symetry sensor pitch and roll. Towing against the tide.,03:20.3
2115,IGFS2006,62,101010101,33,36,185,1,Groundgear_A,Short,3.50E+01,A,01/12/2006 15:39,14,53.192,-9.403,53.193,-9.431,VIIbCoast,84,22,4,1.010504678,1.874776769,0.157481249,Y,24.0646376,240,2.37,8.6,4.9,36,Calibrating symetry sensor pitch and roll. Towing with the tide.,Calibrating symetry sensor pitch and roll. Towing with the tide.,03:20.3
2116,IGFS2006,62,101010101,35,32,186,1,Groundgear_A,Short,3.50E+01,A,01/12/2006 16:07,14,53.187,-9.434,53.202,-9.433,VIIbCoast,97,21,4.6,0.90049993,1.670686327,0.162056574,Y,28.09103086,240,2.18,5.8,9.1,32,Calibrating symetry sensor pitch and roll. Towing across the tide.,Calibrating symetry sensor pitch and roll. Towing across the tide.,03:20.3
2117,IGFS2006,62,101010101,34,34,187,1,Groundgear_A,Short,3.50E+01,A,01/12/2006 16:49,15,53.195,-9.425,53.178,-9.422,VIIbCoast,82,21.3,4,1.025461103,1.902525237,0.156007069,Y,23.45684645,240,2.28,7.9,6.2,30,Calibrating symetry sensor pitch and roll. Towing across the tide.,Calibrating symetry sensor pitch and roll. Towing across the tide.,03:20.3
2118,IGFS2006,PO320,101010101,350,350,222,1,Groundgear_A,Long,34D5,I,24/09/2006 8:37,23,52.583,-14.296,52.563,-14.284,VIIbSlope,125,23.72,NA,1.27721807,2.369606809,0.296200851,Y,23.30150455,NA,NA,NA,NA,NA,Bad fast. Broke headeline and pulled&ripped mesh back to end of 120mm. Coral  gill net evident. Close to Peton or the Rock according to Fran. Have to guestimate the haul position here.,Bad fast. Broke headeline and pulled&ripped mesh back to end of 120mm. Coral  gill net evident. Close to Peton or the Rock according to Fran. Have to guestimate the haul position here.,03:20.3
2119,IGFS2007,26,101020101,95,100,1,1,Groundgear_D,Long,3.80E+01,I,22/09/2007 16:30,30,54.801,-9.607,54.774,-9.636,VIaMedium,107,21.19,4.6,1.906747473,3.537564885,0.378519443,Y,19.79206392,425,4.24,12.9,8.6,31,"First tow, pascawin crashed, Scanbas not setup properly","First tow, pascawin crashed, Scanbas not setup properly",03:20.3
2120,IGFS2007,26,101020101,102,100,2,1,Groundgear_D,Long,3.80E+01,V,22/09/2007 18:12,31,54.801,-9.607,54.774,-9.636,VIaMedium,108,17,4.1,1.906747473,3.537564885,0.382057008,Y,19.98487997,390,2.33,14.4,12.8,33,Poor TEY signal,Poor TEY signal,03:20.3
2121,IGFS2007,COD2,101020101,47.8,58.5,3,1,Groundgear_D,Short,3.90E+04,V,23/09/2007 5:59,30,55.325,-6.934,55.302,-6.888,VIaCoast,76,18,4.9,2.093598438,3.884227159,0.295201264,Y,21.64976842,250,0.76,2.4,3.6,10,Whelk pots dogfish codling,Whelk pots dogfish codling,03:20.3
2122,IGFS2007,FG98,101020101,144,118,4,1,Groundgear_D,Short,3.90E+04,V,23/09/2007 7:59,30,55.281,-6.524,55.3,-6.475,VIaMedium,85,20,4.6,2.028613462,3.76366134,0.319911214,Y,15.60401668,460,1.94,2,7.7,17,Large male skate 48kg aoorox. Moderate tow of ray gurnards and haddock,Large male skate 48kg aoorox. Moderate tow of ray gurnards and haddock,03:20.3
2123,IGFS2007,MB46,101020101,50,50,5,1,Groundgear_D,Short,3.90E+04,V,23/09/2007 10:01,31,55.457,-6.997,55.463,-7.056,VIaCoast,75,17,5.3,2.043694496,3.791640994,0.284373075,Y,21.35083196,260,3.7,9.7,8.8,16,TEY not working wings quite unstable lost TEY battery! rays and gurnard,TEY not working wings quite unstable lost TEY battery! rays and gurnard,03:20.3
2124,IGFS2007,32,101020101,60,60,6,1,Groundgear_D,Short,4.00E+03,V,23/09/2007 13:06,32,55.598,-7.31,55.63,-7.333,VIaCoast,82,18,4.4,2.073112578,3.846219996,0.31539004,Y,23.45684645,290,6.69,12.8,17.8,24,Lumpy weather tear in port wing sandeesl scad codling dogs,Lumpy weather tear in port wing sandeesl scad codling dogs,03:20.3
2125,IGFS2007,FG114,101020101,71,71,7,1,Groundgear_D,Short,4.00E+03,V,23/09/2007 15:36,30,55.616,-7.523,55.616,-7.579,VIaCoast,84,17,4.4,1.901893646,3.528559641,0.29639901,Y,24.0646376,320,6.31,17.5,5.1,24,Good mackerel medium bulk,Good mackerel medium bulk,03:20.3
2126,IGFS2007,FG100,101020101,59,57,8,1,Groundgear_D,Short,4.00E+03,V,23/09/2007 18:07,26,55.503,-7.42,55.503,-7.366,VIaCoast,72,19,4.5,1.839239578,3.412318326,0.245686919,Y,20.45762651,285,5.91,10.6,8.8,12,Stopped short coz big marks on hard ground and new tow,Stopped short coz big marks on hard ground and new tow,03:20.3
2127,IGFS2007,MB8,101020101,64,67,9,1,Groundgear_D,Short,3.90E+03,V,24/09/2007 8:42,31,55.387,-7.931,55.397,-7.988,VIaCoast,82,19,4.6,2.037257436,3.779698397,0.309935269,Y,23.45684645,295,8.27,20.2,7.6,31,Lumpy,Lumpy,03:20.3
2128,IGFS2007,FG115,101020101,17,19,10,1,Groundgear_D,Short,3.90E+03,V,24/09/2007 17:54,30,55.209,-7.587,55.244,-7.583,VIaCoast,62,15,NA,2.104673263,3.904774143,0.242095997,Y,17.51592538,150,1.54,4.9,3.1,17,Lough Swilly tow,Lough Swilly tow,03:20.3
2129,IGFS2007,9,101020101,78,98,11,1,Groundgear_D,Short,3.90E+02,V,25/09/2007 8:24,30,55.357,-8.195,55.378,-8.235,VIaCoast,84,21,4.5,1.859264256,3.449469862,0.289755468,Y,24.0646376,320,5.61,13.1,18.1,21,Scad gurnard mackerel,Scad gurnard mackerel,03:20.3
2130,IGFS2007,MB41,101020101,91,97,12,1,Groundgear_D,Short,3.90E+02,V,25/09/2007 10:34,30,55.278,-8.479,55.31,-8.474,VIaMedium,89,23,3.8,1.927818347,3.576657415,0.31832251,Y,16.35844202,385,5.57,13.6,16.1,29,Peaky ground hard scad mackerel ling,Peaky ground hard scad mackerel ling,03:20.3
2131,IGFS2007,12,101020101,101,103,13,1,Groundgear_D,Long,3.90E+02,V,25/09/2007 13:34,30,55.42,-8.575,55.45,-8.602,VIaMedium,109,19,3.8,2.022238168,3.751833336,0.408949834,Y,20.17793229,395,7.16,18,11.2,13,"Nil
","Nil
",03:20.3
2132,IGFS2007,8,101020101,92,95,14,1,Groundgear_D,Long,4.00E+02,V,25/09/2007 16:17,30,55.621,-8.331,55.64,-8.282,VIaMedium,109,21.13,3.7,2.016777397,3.741702035,0.407845522,Y,20.17793229,375,5.34,13.7,19.6,24,Wing sensors stopped,Wing sensors stopped,03:20.3
2133,IGFS2007,MMA3,101020101,134,147,15,1,Groundgear_D,Long,4.00E+02,V,25/09/2007 18:59,30,55.816,-8.385,55.825,-8.328,VIaDeep,107,18,4.1,2.000073679,3.710711835,0.397046166,Y,19.79206392,460,5.15,7.7,14,18,Big catch of lemons also hake and gurnard,Big catch of lemons also hake and gurnard,03:20.3
2134,IGFS2007,FG117,101020101,67,75,16,1,Groundgear_D,Short,4.10E+04,V,26/09/2007 5:48,31,56.186,-6.743,56.186,-6.806,VIaCoast,78,18,4.2,2.108484641,3.911845345,0.305123937,Y,22.24951462,300,2.31,7.8,7.1,13,Small haul of whiting and dogs,Small haul of whiting and dogs,03:20.3
2135,IGFS2007,FG142,101020101,91,100,17,1,Groundgear_D,Short,4.10E+03,V,26/09/2007 8:14,31,56.239,-7.16,56.252,-7.223,VIaCoast,82,19,3.9,2.245144488,4.16538866,0.34156187,Y,23.45684645,380,1.75,7.6,6.7,18,"Nil
","Nil
",03:20.3
2136,IGFS2007,31A,101020101,57,54,18,1,Groundgear_D,Short,4.00E+03,V,26/09/2007 11:40,30,55.873,-7.063,55.841,-7.082,VIaCoast,77,18,4.2,2.024635545,3.75628116,0.289233649,Y,21.94932527,290,2.01,5.2,7.3,14,Sand waves so symetry variable,Sand waves so symetry variable,03:20.3
2137,IGFS2007,SC575,101020101,112,113,19,1,Groundgear_D,Long,4.00E+03,V,26/09/2007 13:39,31,55.98,-7.224,55.98,-7.283,VIaMedium,111,18,3.9,1.985177061,3.683074325,0.40882125,Y,20.56475805,420,2.93,6.6,6,15,"Nil
","Nil
",03:20.3
2138,IGFS2007,MB6,101020101,134,137,20,1,Groundgear_D,Long,4.00E+03,V,26/09/2007 15:47,31,55.865,-7.622,55.879,-7.673,VIaDeep,105,19,3.8,1.914931603,3.552748799,0.373038624,Y,19.40712849,460,2.8,7.7,6.8,10,4 boxes of hake with some whiting and mackerel,4 boxes of hake with some whiting and mackerel,03:20.3
2139,IGFS2007,FG93,101020101,162,156,21,1,Groundgear_D,Long,4.10E+03,V,26/09/2007 16:53,30,56.042,-7.696,56.059,-7.649,VIaDeep,113,21,4.1,1.879533823,3.487075739,0.394039559,Y,20.95256612,550,3.34,5.7,7.9,17,"Nil
","Nil
",03:20.3
2140,IGFS2007,FG144,101020101,153,159,22,1,Groundgear_D,Long,4.10E+03,V,27/09/2007 5:44,30,56.336,-7.586,56.343,-7.643,VIaDeep,116,20,4.1,1.94594628,3.610289944,0.418793633,Y,21.53617584,530,1.69,4.1,3.7,5,"Small catch big ling MAC HAD WHG LSD HOM
","Small catch big ling MAC HAD WHG LSD HOM
",03:20.3
2141,IGFS2007,MB48,101020101,174,189,23,1,Groundgear_D,Long,4.10E+02,V,27/09/2007 8:10,30,56.289,-8.079,56.298,-8.137,VIaDeep,116,19,4.1,2.009663888,3.72850443,0.432506514,Y,21.53617584,570,2.2,4.5,7.7,5,Small catch HKE HOM ray,Small catch HKE HOM ray,03:20.3
2142,IGFS2007,2,101020101,153,146,24,1,Groundgear_D,Long,4.10E+02,V,27/09/2007 9:55,30,56.314,-8.332,56.311,-8.391,VIaDeep,109,19,4.3,1.976330944,3.666662234,0.399666183,Y,20.17793229,535,1.96,3.1,8.1,8,"Nil
","Nil
",03:20.3
2143,IGFS2007,MB47,101020101,154,157,25,1,Groundgear_D,Long,4.10E+02,V,27/09/2007 13:06,30,56.036,-8.111,56.049,-8.167,VIaDeep,114,20,3.9,2.036559885,3.77840424,0.430738083,Y,21.14684645,520,1.79,4.5,5.1,5,"Nil
","Nil
",03:20.3
2144,IGFS2007,FG119,101020101,143,143,26,1,Groundgear_D,Long,4.10E+02,V,27/09/2007 13:57,31,56.003,-8.392,56.034,-8.421,VIaDeep,112,19,4,2.100327325,3.896711178,0.436431652,Y,20.75853772,505,2.07,3.8,3.6,7,"Nil
","Nil
",03:20.3
2145,IGFS2007,FG118,101020101,129,131,27,1,Groundgear_D,Long,4.10E+02,V,27/09/2007 16:09,30,56.158,-8.761,56.144,-8.814,VIaDeep,117,20,3.9,1.964193832,3.644144401,0.426364895,Y,21.73123144,465,1.69,3.6,6.8,7,"Nil
","Nil
",03:20.3
2146,IGFS2007,FG106,101020101,299,353,28,1,Groundgear_D,Long,4.10E+01,V,28/09/2007 6:15,30,56.482,-9.069,56.448,-9.074,VIaSlope,122,21,5.1,2.047355638,3.798433466,0.463408883,Y,22.71055277,905,2.45,4.5,7.8,16,Tow dropped so paid out cable to 970 good haul blue mouth rabbits som cod,Tow dropped so paid out cable to 970 good haul blue mouth rabbits som cod,03:20.3
2147,IGFS2007,94,101020101,248,234,29,1,Groundgear_D,Long,4.10E+01,V,28/09/2007 8:44,30,56.218,-9.174,56.187,-9.185,VIaSlope,130,20,3.5,1.896516032,3.51858262,0.457415741,Y,24.29233357,760,3.38,4,7.6,12,"Nil
","Nil
",03:20.3
2148,IGFS2007,FG112,101020101,244,245,30,1,Groundgear_D,Long,4.10E+01,V,28/09/2007 9:57,30,56.017,-9.213,55.986,-9.209,VIaSlope,124,20,3.6,1.865267653,3.46060789,0.429115378,Y,23.10423247,740,2.63,3.7,5.7,9,"Nil
","Nil
",03:20.3
2149,IGFS2007,MB23,101020101,134,133,31,1,Groundgear_D,Long,4.10E+02,V,28/09/2007 13:17,30,56.009,-8.87,55.996,-8.816,VIaDeep,114,20,4.1,1.9763891,3.666770129,0.418011795,Y,21.14684645,495,3.01,5.4,6.4,9,Very small catch mostly scad,Very small catch mostly scad,03:20.3
2150,IGFS2007,SC544,101020101,137,132,32,1,Groundgear_D,Long,4.00E+02,V,28/09/2007 15:37,30,55.823,-8.992,55.79,-8.993,VIaDeep,114,20,4.2,1.980662893,3.674699244,0.418915714,Y,21.14684645,480,3.01,5.4,6.4,17,"Nil
","Nil
",03:20.3
2151,IGFS2007,6,101020101,110,107,33,1,Groundgear_D,Long,4.00E+02,V,28/09/2007 17:37,30,55.645,-8.904,55.624,-8.857,VIaMedium,109,18,NA,2.033142658,3.7720643,0.411155009,Y,20.17793229,420,2.27,3.1,9.2,17,"Nil
","Nil
",03:20.3
2152,IGFS2007,R217,101020101,114,109,34,1,Groundgear_D,Long,3.90E+01,V,29/09/2007 5:46,30,55.352,-9.307,55.329,-9.349,VIaMedium,110,21.55,4.1,1.992006068,3.695744096,0.406531851,Y,20.37122395,430,2.67,8.1,3.7,8,"Nil
","Nil
",03:20.3
2153,IGFS2007,SC546,101020101,114,108,35,1,Groundgear_D,Long,3.90E+01,V,29/09/2007 7:53,30,55.134,-9.374,55.101,-9.363,VIaMedium,104,19,4.2,2.015964846,3.74019452,0.38898023,Y,19.21500312,430,2.51,3.1,5.9,7,"Nil
","Nil
",03:20.3
2154,IGFS2007,27,101020101,95,94,36,1,Groundgear_D,Long,3.80E+01,V,29/09/2007 9:41,30,54.998,-9.421,54.967,-9.398,VIaMedium,106,20,4.3,2.022349844,3.752040526,0.397716296,Y,19.5994811,385,1.53,2.7,4.7,8,"Nil
","Nil
",03:20.3
2155,IGFS2007,FG102,101020101,112,105,37,1,Groundgear_D,Long,3.80E+01,V,29/09/2007 12:06,30,54.978,-9.708,54.945,-9.703,VIaMedium,110,19,3.9,1.987609921,3.687587979,0.405634678,Y,20.37122395,430,2.5,4.1,7.3,7,"Nil
","Nil
",03:20.3
2156,IGFS2007,FG101,101020101,113,113,38,1,Groundgear_D,Long,38D9,V,29/09/2007 14:43,27,54.781,-10.076,54.754,-10.099,VIaMedium,108,19,3.9,1.805869259,3.350406788,0.361843933,Y,19.98487997,430,1.79,5.5,3.3,8,"Nil
","Nil
",03:20.3
2157,IGFS2007,FG113,101020101,219,214,39,1,Groundgear_D,Long,38D9,V,29/09/2007 16:49,30,54.742,-10.433,54.712,-10.463,VIaSlope,122,21,3.8,2.079763815,3.858559954,0.470744314,Y,22.71055277,685,2.19,5.5,4.3,10,"Nil
","Nil
",03:20.3
2158,IGFS2007,PO16,101010101,302,305,40,1,Groundgear_A,Long,36D8,C,30/09/2007 7:06,30,53.631,-11.927,53.599,-11.94,VIIbSlope,123,23.44,3.7,1.974879172,3.66396878,0.45066816,Y,22.90724974,885,1.92,3.7,8.3,9,"Wing sensors not working due to mounting problem
","Wing sensors not working due to mounting problem
",03:20.3
2159,IGFS2007,PO161,101010101,319,316,41,1,Groundgear_A,Long,35D7,C,30/09/2007 9:09,30,53.49,-12.109,53.459,-12.13,VIIbSlope,133,24,3.75,2.005762688,3.721266583,0.494928456,Y,24.89054181,940,2.46,4.2,8.2,10,"Nil
","Nil
",03:20.3
2160,IGFS2007,PO166,101010101,346,348,42,1,Groundgear_A,Long,35D7,C,30/09/2007 11:36,30,53.404,-12.343,53.376,-12.374,VIIbSlope,133,23,3.8,2.014197497,3.736915578,0.497009772,Y,24.89054181,995,2.39,4.5,8.4,10,"Nil
","Nil
",03:20.3
2161,IGFS2007,PO164,101010101,322,325,43,1,Groundgear_A,Long,35D7,A,30/09/2007 14:04,31,53.36,-12.557,53.393,-12.558,VIIbSlope,134,27,3.75,1.979899773,3.673283439,0.492219981,Y,25.09058636,990,3.35,4.1,7.8,8,"Nil
","Nil
",03:20.3
2162,IGFS2007,PO151,101010101,315,317,44,1,Groundgear_A,Long,36D7,A,30/09/2007 16:41,30,53.555,-12.525,53.523,-12.524,VIIbSlope,134,27,3.71,1.919972782,3.562101637,0.477321619,Y,25.09058636,930,2.31,7.3,8.5,11,"Nil
","Nil
",03:20.3
2163,IGFS2007,PO66,101010101,249,260,45,1,Groundgear_A,Long,35D6,A,30/09/2007 6:44,30,53.096,-13.229,53.127,-13.207,VIIbSlope,134,23.06,3.9,2.021963742,3.751324196,0.502677442,Y,25.09058636,770,4.45,5.1,9.4,10,Wings not working,Wings not working,03:20.3
2164,IGFS2007,PO177,101010101,313,309,46,1,Groundgear_A,Long,35D7,A,30/09/2007 9:06,30,53.187,-12.967,53.22,-12.968,VIIbSlope,128,23.51,3.8,1.979844647,3.673181163,0.470167189,Y,23.89509335,940,2.26,5.2,8.6,10,"Nil
","Nil
",03:20.3
2165,IGFS2007,PO170,101010101,346,333,47,1,Groundgear_A,Long,35D7,A,30/09/2007 11:31,32,53.279,-12.722,53.313,-12.714,VIIbSlope,133,27,3.8,2.059699729,3.821335305,0.508237596,Y,24.89054181,1005,1.83,5.8,5.9,10,"Nil
","Nil
",03:20.3
2166,IGFS2007,FG147,101010101,310,311,48,1,Groundgear_A,Long,35D7,C,30/09/2007 15:01,30,53.242,-12.252,53.274,-12.24,VIIbSlope,133,23,3.9,1.967483615,3.650247895,0.48548297,Y,24.89054181,910,6.7,2.21,6,8,"Nil
","Nil
",03:20.3
2167,IGFS2007,FG148,101010101,245,242,49,1,Groundgear_A,Long,35D7,C,30/09/2007 16:01,30,53.265,-12.015,53.232,-12.018,VIIbSlope,132,23,3.7,1.982472563,3.678056703,0.485503485,Y,24.69082081,790,7.2,2.08,8.4,10,"Nil
","Nil
",03:20.3
2168,IGFS2007,62,101010101,40,43,50,1,Groundgear_A,Short,3.50E+01,I,26/10/2007 16:18,30,53.192,-9.399,53.195,-9.455,VIIbCoast,77,19.34,4.9,2.025408749,3.757715675,0.289344107,Y,21.94932527,250,NA,NA,NA,NA,Test tow for leg2...Borrowed TEY needs setup...Spare doors deployed,Test tow for leg2...Borrowed TEY needs setup...Spare doors deployed,03:20.3
2169,IGFS2007,FG149,101020101,237,232,51,1,Groundgear_D,Long,38D9,V,27/10/2007 6:21,30,54.582,-10.61,54.617,-10.579,VIaSlope,119,22,4.1,2.361376789,4.381033003,0.521342927,Y,22.12214112,790,5.32,9.2,22.8,26,"Nil
","Nil
",03:20.3
2170,IGFS2007,FG113,101020101,219,210,52,1,Groundgear_D,Long,38D9,V,27/10/2007 8:19,30,54.729,-10.446,54.758,-10.416,VIaSlope,115,21,4.3,2.027843108,3.762232111,0.432656693,Y,21.34138194,675,6.69,9.1,22.3,30,"Nil
","Nil
",03:20.3
2171,IGFS2007,FG151,101020101,239,226,53,1,Groundgear_D,Long,38D9,V,27/10/2007 10:40,30,54.951,-10.188,54.979,-10.155,VIaDeep,115,21,4.4,2.029922589,3.766090146,0.433100367,Y,21.34138194,745,7.63,13.6,26.8,30,"Nil
","Nil
",03:20.3
2172,IGFS2007,FG108,101020101,238,234,54,1,Groundgear_D,Long,39D9,V,27/10/2007 12:18,30,55.086,-10.065,55.114,-10.038,VIaSlope,117,21,4.2,1.919852086,3.561877711,0.416739692,Y,21.73123144,745,6.64,12,24.1,30,"Nil
","Nil
",03:20.3
2173,IGFS2007,FG109,101020101,256,248,55,1,Groundgear_D,Long,3.90E+01,V,27/10/2007 14:39,30,55.323,-9.872,55.349,-9.837,VIaSlope,114,21,4.3,1.966542208,3.648501314,0.41592915,Y,21.14684645,810,6.26,10.2,27.9,12,"Nil
","Nil
",03:20.3
2174,IGFS2007,MB44,101020101,70,67,56,1,Groundgear_D,Short,3.80E+02,V,28/10/2007 11:29,30,54.869,-8.787,54.856,-8.838,VIaCoast,85,19,5,1.929813106,3.580358267,0.304330453,Y,24.36961121,315,4.19,10.5,12.7,26,"Nil
","Nil
",03:20.3
2175,IGFS2007,MB49,101020101,88,82,57,1,Groundgear_D,Short,3.80E+02,V,28/10/2007 13:57,30,54.632,-8.865,54.643,-8.809,VIaCoast,79,20,4.1,2.057692186,3.817610734,0.301591248,Y,22.55034879,360,3.95,12.7,9.6,22,"Nil
","Nil
",03:20.3
2176,IGFS2007,15,101020101,63,58,58,1,Groundgear_D,Short,3.80E+02,V,28/10/2007 15:49,30,54.518,-8.583,54.519,-8.526,VIaCoast,72,18,4.2,1.990470085,3.692894406,0.265888397,Y,20.45762651,305,2.81,9.8,10,19,"Nil
","Nil
",03:20.3
2177,IGFS2007,14,101020101,35,46,59,1,Groundgear_D,Short,3.80E+02,V,28/10/2007 17:29,30,54.584,-8.344,54.569,-8.398,VIaCoast,72,18,4.4,2.086283502,3.870655848,0.278687221,Y,20.45762651,215,12.5,5,2.9,27,"Nil
","Nil
",03:20.3
2178,IGFS2007,SC554,101010101,68,69,60,1,Groundgear_A,Short,3.70E+02,V,29/10/2007 7:07,30,54.462,-8.833,54.463,-8.891,VIIbCoast,83,22,4.1,2.028126571,3.762758017,0.312308915,Y,23.76038723,320,4.96,13.1,8.3,18,"Nil
","Nil
",03:20.3
2179,IGFS2007,MB10,101010101,87,87,61,1,Groundgear_A,Long,3.70E+01,I,29/10/2007 10:14,12,54.466,-9.41,54.476,-9.426,VIIbMedium,104,20,4.2,0.820119056,1.521556689,0.158241896,Y,19.21500312,NA,NA,NA,NA,24,Snagged pots...symetry went to 1.5 quickly,Snagged pots...symetry went to 1.5 quickly,03:20.3
2180,IGFS2007,SC552,101010101,90,88,62,1,Groundgear_A,Long,3.70E+01,V,29/10/2007 11:44,30,54.484,-9.515,54.484,-9.457,VIIbMedium,105,20,4.3,2.026176186,3.759139492,0.394709647,Y,19.40712849,370,5.64,11.8,12.5,24,"Nil
","Nil
",03:20.3
2181,IGFS2007,20,101010101,46,50,63,1,Groundgear_A,Short,3.70E+01,V,29/10/2007 14:12,30,54.341,-9.629,54.348,-9.687,VIIbCoast,80,19,3.9,2.075991469,3.851561167,0.308124893,Y,22.85184029,255,4.18,10.3,13.1,20,"Nil
","Nil
",03:20.3
2182,IGFS2007,25,101010101,41,64,64,1,Groundgear_A,Short,3.70E+01,V,29/10/2007 16:35,30,54.296,-9.918,54.33,-9.923,VIIbCoast,74,19,4.4,2.047409128,3.798532705,0.28109142,Y,21.05250394,225,4.28,9.8,11.1,18,"Nil
","Nil
",03:20.3
2183,IGFS2007,22,101010101,121,131,65,1,Groundgear_A,Long,37D9,V,30/10/2007 6:49,32,54.3,-10.327,54.284,-10.382,VIIbMedium,103,20,4.1,2.155873715,3.999765706,0.411975868,Y,19.02310202,435,4.03,7.8,10,13,"Nil
","Nil
",03:20.3
2184,IGFS2007,21,101010101,179,182,66,1,Groundgear_A,Long,37D9,V,30/10/2007 10:25,30,54.147,-10.697,54.179,-10.684,VIIbDeep,124,22,3.9,1.973644405,3.661677931,0.454048063,Y,23.10423247,585,5,7.8,18.1,16,"Nil
","Nil
",03:20.3
2185,IGFS2007,FG86,101010101,251,237,67,1,Groundgear_A,Long,37D9,V,30/10/2007 12:42,30,54.141,-10.994,54.107,-10.996,VIIbSlope,125,22,3.8,2.041035128,3.786707102,0.473338388,Y,23.30150455,780,5.21,7.7,22.6,17,"Nil
","Nil
",03:20.3
2186,IGFS2007,FG87,101010101,306,300,68,1,Groundgear_A,Long,37D8,V,30/10/2007 15:11,29,54.145,-11.263,54.165,-11.217,VIIbSlope,129,22,3.6,2.015846923,3.739975738,0.48245687,Y,24.09355951,1010,3.96,6.9,5.9,20,"Bad tear in bottom sheets. Warps paid out extra 100m at start. No major spike visible on Scanbas.
","Bad tear in bottom sheets. Warps paid out extra 100m at start. No major spike visible on Scanbas.
",03:20.3
2187,IGFS2007,FG152,101010101,324,339,69,1,Groundgear_A,Long,37D8,V,30/10/2007 17:09,30,54.27,-11.195,54.3,-11.169,VIIbSlope,120,23.57,4.1,2.018068208,3.744096861,0.449291623,Y,22.31800195,950,4.59,6.5,17,22,No time to mount wing sensors after tear at 68,No time to mount wing sensors after tear at 68,03:20.3
2188,IGFS2007,PO113,101010101,375,368,70,1,Groundgear_A,Long,36D8,V,31/10/2007 7:12,30,53.951,-11.919,53.951,-11.862,VIIbSlope,139,23,3.7,2.017049727,3.742207285,0.520166813,Y,26.09580497,1035,3.36,9.3,8.3,20,"Nil
","Nil
",03:20.3
2189,IGFS2007,PO14,101010101,224,214,71,1,Groundgear_A,Long,36D8,V,31/10/2007 15:29,30,53.691,-11.392,53.701,-11.337,VIIbSlope,118,22,4,2.047963884,3.799561938,0.448348309,Y,21.92655208,710,3.28,8.4,16.6,17,"Nil
","Nil
",03:20.3
2190,IGFS2007,FG99,101010101,314,301,72,1,Groundgear_A,Long,36D8,V,01/11/2007 7:06,30,53.955,-11.529,53.957,-11.471,VIIbSlope,126,22,NA,2.055695678,3.813906639,0.480552236,Y,23.4990696,940,3.61,10.3,11.2,22,"Nil
","Nil
",03:20.3
2191,IGFS2007,FG76,101010101,227,223,73,1,Groundgear_A,Long,36D8,V,01/11/2007 9:19,29,53.957,-11.177,53.924,-11.204,VIIbSlope,138,24,3.7,2.198361253,4.078592306,0.562845738,Y,25.89408128,710,4.47,9.4,16.4,16,"Nil
","Nil
",03:20.3
2192,IGFS2007,MB1,101010101,180,179,74,1,Groundgear_A,Long,36D8,V,01/11/2007 11:36,31,53.833,-11.051,53.802,-11.078,VIIbDeep,118,22,4.1,2.092208592,3.881648594,0.458034534,Y,21.92655208,605,4.85,11.6,17.3,15,"Nil
","Nil
",03:20.3
2193,IGFS2007,95,101010101,158,152,75,1,Groundgear_A,Long,36D9,V,01/11/2007 13:22,40,53.738,-10.867,53.706,-10.88,VIIbDeep,116,22,4.2,1.974637557,3.663520514,0.42496838,Y,21.53617584,535,5.11,8.7,15.3,16,"Nil
","Nil
",03:20.3
2194,IGFS2007,FG80,101010101,96,88,76,1,Groundgear_A,Long,36D9,V,01/11/2007 16:19,30,53.695,-10.381,53.718,-10.341,VIIbMedium,109,21,3.9,1.982631788,3.678352112,0.40094038,Y,20.17793229,400,3.98,8.4,10.4,17,"Nil
","Nil
",03:20.3
2195,IGFS2007,58,101010101,93,92,77,1,Groundgear_A,Long,3.50E+01,V,02/11/2007 7:07,30,53.124,-9.938,53.104,-9.896,VIIbCoast,115,22,4.1,1.933143518,3.586537139,0.412451771,Y,33.93502739,385,2.48,5.9,9.5,10,"Nil
","Nil
",03:20.3
2196,IGFS2007,56,101010101,108,109,78,1,Groundgear_A,Long,35D9,V,02/11/2007 9:29,31,53.108,-10.197,53.072,-10.187,VIIbMedium,119,22,4,2.189417869,4.061999758,0.483377971,Y,22.12214112,415,2.76,11,4.1,15,"Nil
","Nil
",03:20.3
2197,IGFS2007,53,101010101,115,114,79,1,Groundgear_A,Long,34D9,V,02/11/2007 11:41,30,52.92,-10.396,52.899,-10.44,VIIbMedium,111,20,4.1,2.032845199,3.771512428,0.418637879,Y,20.56475805,430,2.76,10,5,18,"Nil
","Nil
",03:20.3
2198,IGFS2007,FG122,101010101,116,119,80,1,Groundgear_A,Long,34D9,V,02/11/2007 14:05,30,52.681,-10.549,52.679,-10.605,VIIbMedium,112,21,4.2,2.044942462,3.793956331,0.424923109,Y,20.75853772,430,2.98,11,4.6,17,"Nil
","Nil
",03:20.3
2199,IGFS2007,MB14,101010101,128,128,81,1,Groundgear_A,Long,34D9,V,02/11/2007 16:17,30,52.754,-10.908,52.779,-10.869,VIIbDeep,115,20,4,2.064419788,3.830092371,0.440460623,Y,21.34138194,470,2.06,6.1,8.8,12,"Nil
","Nil
",03:20.3
2200,IGFS2007,78,101010101,136,138,82,1,Groundgear_A,Long,35D9,V,03/11/2007 7:10,30,53.31,-10.914,53.294,-10.966,VIIbDeep,114,20,4,2.100647295,3.897304815,0.444292749,Y,21.14684645,465,4.33,9.8,11.9,6,"Nil
","Nil
",03:20.3
2201,IGFS2007,89,101010101,147,149,83,1,Groundgear_A,Long,35D8,V,03/11/2007 9:13,30,53.223,-11.223,53.203,-11.27,VIIbDeep,117,21,3.9,2.07449703,3.848788553,0.450308261,Y,21.73123144,510,2.87,9,11.2,6,"Nil
","Nil
",03:20.3
2202,IGFS2007,FG120,101010101,135,139,84,1,Groundgear_A,Long,35D8,V,03/11/2007 11:03,30,53.049,-11.23,53.014,-11.235,VIIbDeep,114,21,4.1,2.107197751,3.909457794,0.445678188,Y,21.14684645,480,3.7,5.5,11.6,5,"Nil
","Nil
",03:20.3
2203,IGFS2007,50,101010101,135,135,85,1,Groundgear_A,Long,34D8,V,03/11/2007 12:54,30,52.895,-11.061,52.863,-11.038,VIIbDeep,112,20,4.4,2.093035239,3.883182261,0.434916413,Y,20.75853772,480,3.6,6.5,13.2,8,"Nil
","Nil
",03:20.3
2204,IGFS2007,90,101010101,142,143,86,1,Groundgear_A,Long,34D8,V,03/11/2007 15:28,30,52.761,-11.486,52.734,-11.52,VIIbDeep,116,21,4.4,2.038179849,3.781409739,0.43864353,Y,21.53617584,505,3.51,8,12,13,"Nil
","Nil
",03:20.3
2205,IGFS2007,FG155,101010101,300,292,87,1,Groundgear_A,Long,33D7,V,04/11/2007 7:14,30,52.451,-12.001,52.427,-11.961,VIIjSlope,123,22,4.3,2.054679157,3.8120207,0.468878546,Y,22.90724974,915,1.34,5.7,6.5,15,"Nil
","Nil
",03:20.3
2206,IGFS2007,PO461,101010101,525,528,88,1,Groundgear_A,Long,33D7,I,04/11/2007 9:46,42,52.36,-12.248,52.354,-12.164,VIIjSlope,136,23,4.8,3.105589679,5.761761927,0.783599622,Y,25.49166224,1300,2.28,5.6,5.9,17,Doors didnt appear to be in contact with the bottom. No shine.,Doors didnt appear to be in contact with the bottom. No shine.,03:20.3
2207,IGFS2007,PO461,101010101,518,534,89,1,Groundgear_A,Long,33D7,V,04/11/2007 12:07,30,52.362,-12.239,52.357,-12.189,VIIjSlope,149,26,3.8,1.860338978,3.451463782,0.514268103,Y,28.13294254,1500,2.09,5.8,5.6,14,"Nil
","Nil
",03:20.3
2208,IGFS2007,FG156,101010101,474,472,90,1,Groundgear_A,Long,33D7,V,04/11/2007 14:09,30,52.29,-12.006,52.262,-11.98,VIIjSlope,142,25,3.7,1.932633654,3.585591196,0.50915395,Y,26.70308426,1350,1.78,4,3.6,12,"Nil
","Nil
",03:20.3
2209,IGFS2007,PO497,101010101,741,764,91,1,Groundgear_A,Long,33D7,V,04/11/2007 16:45,30,52.065,-12.147,52.033,-12.136,VIIjSlope,151,25,3.8,1.961785105,3.63967552,0.549591003,Y,28.54495218,2100,1.65,4.2,6.1,10,"Nil
","Nil
",03:20.3
2210,IGFS2007,FG74,101010101,501,570,92,1,Groundgear_A,Long,33D8,V,05/11/2007 7:15,30,52.003,-11.802,51.969,-11.803,VIIjSlope,153,24.42,3.7,2.03941689,3.783704806,0.578906835,Y,28.95857984,1515,1.87,3.2,6.2,8,"Nil
","Nil
",03:20.3
2211,IGFS2007,FG71,101010101,252,251,93,1,Groundgear_A,Long,32D8,V,05/11/2007 9:35,30,51.922,-11.521,51.889,-11.529,VIIjSlope,120,22,3.9,2.001206595,3.71281372,0.445537646,Y,22.31800195,790,2.18,4.1,7.6,10,"Nil
","Nil
",03:20.3
2212,IGFS2007,FG72,101010101,435,445,94,1,Groundgear_A,Long,32D8,V,05/11/2007 11:43,30,51.721,-11.666,51.692,-11.642,VIIjSlope,134,23,4,1.955557986,3.628122422,0.486168405,Y,25.09058636,1275,1.63,3.4,5,16,"Nil
","Nil
",03:20.3
2213,IGFS2007,FG73,101010101,221,222,95,1,Groundgear_A,Long,32D8,V,05/11/2007 14:03,30,51.774,-11.402,51.74,-11.402,VIIjSlope,119,21,4.1,2.039000878,3.782932984,0.450169025,Y,22.12214112,695,1.93,3.2,9.8,15,"Nil
","Nil
",03:20.3
2214,IGFS2007,FG3,101010101,187,185,96,1,Groundgear_A,Long,32D8,V,05/11/2007 16:10,30,51.618,-11.122,51.591,-11.093,VIIjDeep,118,26,4.3,1.947935641,3.61398078,0.426449732,Y,21.92655208,605,1.8,4.7,6.7,17,"Nil
","Nil
",03:20.3
2215,IGFS2007,FG157,101010101,254,248,97,1,Groundgear_A,Long,31D8,V,06/11/2007 7:15,30,51.485,-11.401,51.452,-11.393,VIIjSlope,132,23,3.9,2.001487972,3.713335756,0.49016032,Y,24.69082081,790,3.01,7.2,8.4,4,"Nil
","Nil
",03:20.3
2216,IGFS2007,FG158,101010101,364,359,98,1,Groundgear_A,Long,31D8,V,06/11/2007 9:14,30,51.284,-11.477,51.252,-11.465,VIIjSlope,122,23,4.1,1.971281458,3.657293985,0.446189866,Y,22.71055277,1050,4.38,8.2,9.1,3,"Nil
","Nil
",03:20.3
2217,IGFS2007,FG125,101010101,375,362,99,1,Groundgear_A,Long,31D8,V,06/11/2007 11:04,30,51.116,-11.429,51.095,-11.391,VIIjSlope,122,23,4,1.908809807,3.541391107,0.432049715,Y,22.71055277,1170,3.51,6.7,10,2,"Nil
","Nil
",03:20.3
2218,IGFS2007,FG159,101010101,186,186,100,1,Groundgear_A,Long,31D8,V,06/11/2007 13:18,31,51.087,-11.071,51.052,-11.073,VIIjDeep,116,21,4.3,2.100083655,3.896259101,0.451966056,Y,21.53617584,610,3.59,6.7,13,4,"Nil
","Nil
",03:20.3
2219,IGFS2007,FG124,101010101,298,315,101,1,Groundgear_A,Long,30D8,V,06/11/2007 15:23,31,50.915,-11.15,50.882,-11.136,VIIjSlope,125,22,3.8,2.048713167,3.800952072,0.475119009,Y,23.30150455,950,4.26,5.9,12.1,2,"Nil
","Nil
",03:20.3
2220,IGFS2007,FG6,101010101,177,173,102,1,Groundgear_A,Long,30D9,V,06/11/2007 17:16,30,50.846,-10.896,50.845,-10.842,VIIjDeep,123,19,4.1,2.0508284,3.804876437,0.467999802,Y,22.90724974,585,5.47,7.1,15.3,5,"Nil
","Nil
",03:20.3
2221,IGFS2007,81,101010101,261,252,103,1,Groundgear_A,Long,30D8,V,07/11/2007 7:06,30,50.749,-11.053,50.72,-11.026,VIIjSlope,112,21,4.3,2.019687018,3.74710022,0.419675225,Y,20.75853772,775,2.4,5.6,5.9,13,"Nil
","Nil
",03:20.3
2222,IGFS2007,82,101010101,172,168,104,1,Groundgear_A,Long,30D9,V,07/11/2007 9:09,30,50.718,-10.748,50.717,-10.695,VIIjDeep,116,21,4,2.018380676,3.74467658,0.434382483,Y,21.53617584,580,3.14,5.9,11.4,16,"Nil
","Nil
",03:20.3
2223,IGFS2007,FG62,101010101,304,252,105,1,Groundgear_A,Long,30D9,V,07/11/2007 11:39,30,50.556,-10.933,50.526,-10.909,VIIjSlope,110,20,3.6,2.01900375,3.74583256,0.412041582,Y,20.37122395,920,2.14,5.9,5.8,13,"Nil
","Nil
",03:20.3
2224,IGFS2007,FG64,101010101,513,509,106,1,Groundgear_A,Long,29D8,V,07/11/2007 14:13,31,50.281,-11.091,50.25,-11.11,VIIjSlope,125,24.47,3.9,1.996899604,3.704823013,0.463102877,Y,23.30150455,1505,2.62,4.5,10.3,9,"Nil
","Nil
",03:20.3
2225,IGFS2007,FG61,101010101,248,242,107,1,Groundgear_A,Long,29D9,V,07/11/2007 16:37,30,50.35,-10.889,50.38,-10.863,VIIjSlope,113,22,4.1,2.056579524,3.815546426,0.431156746,Y,20.95256612,775,3.12,6.1,7.8,8,"Nil
","Nil
",03:20.3
2226,IGFS2007,FG30,101010101,159,161,108,1,Groundgear_A,Long,29D9,V,08/11/2007 7:01,32,50.347,-10.551,50.377,-10.583,VIIjDeep,124,21,4.1,2.177506525,4.039900788,0.500947698,Y,23.10423247,540,3.02,6.9,3.5,22,"Nil
","Nil
",03:20.3
2227,IGFS2007,FG160,101010101,162,159,109,1,Groundgear_A,Long,30D9,V,08/11/2007 9:23,30,50.545,-10.458,50.545,-10.405,VIIjDeep,105,25,4.1,2.024886276,3.756746338,0.394458366,Y,19.40712849,540,2.09,4.4,7.8,18,"Nil
","Nil
",03:20.3
2228,IGFS2007,FG54,101010101,147,143,110,1,Groundgear_A,Long,30D9,V,08/11/2007 11:28,30,50.517,-10.085,50.502,-10.035,VIIjDeep,106,19,4.2,2.112692938,3.919652947,0.415483212,Y,19.5994811,510,2.33,6.5,6.7,17,"Nil
","Nil
",03:20.3
2229,IGFS2007,FG161,101010101,130,129,111,1,Groundgear_A,Long,2.90E+01,V,08/11/2007 13:43,30,50.346,-9.763,50.359,-9.717,VIIjDeep,116,22,4.6,1.929067131,3.578974269,0.415161015,Y,21.53617584,475,3.07,5,9.3,22,"Nil
","Nil
",03:20.3
2230,IGFS2007,FG162,101010101,130,134,112,1,Groundgear_A,Long,2.90E+01,V,08/11/2007 15:44,30,50.341,-9.397,50.363,-9.361,VIIjDeep,123,23,4.1,1.909715904,3.543072178,0.435797878,Y,22.90724974,475,4.06,4.8,12.3,27,"Nil
","Nil
",03:20.3
2231,IGFS2007,84,101010101,123,121,113,1,Groundgear_A,Long,3.00E+01,V,09/11/2007 6:59,31,50.748,-9.94,50.754,-9.887,VIIjDeep,112,21.7,4,2.04789923,3.799441985,0.425537502,Y,20.75853772,445,3.24,5.1,13.9,12,"Nil
","Nil
",03:20.3
2232,IGFS2007,FG163,101010101,120,120,114,1,Groundgear_A,Long,3.00E+01,V,09/11/2007 9:21,30,50.833,-9.596,50.836,-9.543,VIIjDeep,110,21,4.1,2.020486076,3.748582702,0.412344097,Y,20.37122395,440,2.96,5,11.2,9,"Nil
","Nil
",03:20.3
2233,IGFS2007,85,101010101,125,123,115,1,Groundgear_A,Long,3.00E+01,V,09/11/2007 11:25,30,50.751,-9.268,50.757,-9.215,VIIjMedium,110,19,4.1,2.047772408,3.799206693,0.417912736,Y,20.37122395,450,2.18,4.5,8.8,5,"Nil
","Nil
",03:20.3
2234,IGFS2007,FG55,101010101,128,231,116,1,Groundgear_A,Long,3.00E+01,V,09/11/2007 13:42,30,50.603,-9.464,50.582,-9.504,VIIjMedium,119,21.77,3.9,1.978929802,3.671483863,0.43690658,Y,22.12214112,470,3.63,4.4,11.2,8,"Nil
","Nil
",03:20.3
2235,IGFS2007,FG132,101010101,131,127,117,1,Groundgear_A,Long,3.00E+01,V,09/11/2007 16:15,30,50.519,-9.14,50.521,-9.088,VIIjDeep,116,21.82,4.2,1.991344935,3.694517504,0.42856403,Y,21.53617584,475,2.27,7,9.5,12,"Nil
","Nil
",03:20.3
2236,IGFS2007,FG12,101010101,123,124,118,1,Groundgear_A,Long,3.00E+02,V,10/11/2007 7:10,32,50.558,-8.615,50.591,-8.595,VIIgMedium,119,22,4,2.120872797,3.934828938,0.468244644,Y,22.12214112,450,2.61,4.1,6.1,21,"Nil
","Nil
",03:20.3
2237,IGFS2007,FG14,101010101,124,124,119,1,Groundgear_A,Long,3.00E+02,V,10/11/2007 9:29,30,50.623,-8.247,50.641,-8.204,VIIgMedium,111,23,3.8,1.963103707,3.642121905,0.404275532,Y,20.56475805,455,1.75,3.9,5.2,13,"Nil
","Nil
",03:20.3
2238,IGFS2007,FG164,101010101,113,115,120,1,Groundgear_A,Long,3.00E+03,I,10/11/2007 11:57,30,50.598,-7.803,50.624,-7.768,VIIgMedium,115,21.53,3.9,2.052642947,3.808242944,0.437947939,Y,21.34138194,430,1.55,4.2,4.7,11,Tore port wing and belly back to stat of 80mm.,Tore port wing and belly back to stat of 80mm.,03:20.3
2239,IGFS2007,MB30,101010101,111,113,121,1,Groundgear_A,Long,3.00E+03,V,10/11/2007 14:34,30,50.65,-7.617,50.618,-7.606,VIIgMedium,112,20,4,1.964006593,3.643797019,0.408105266,Y,20.75853772,425,1.3,3.3,3.6,13,"Nil
","Nil
",03:20.3
2240,IGFS2007,CC307,101010101,109,109,122,1,Groundgear_A,Long,3.00E+03,V,10/11/2007 16:20,30,50.65,-7.338,50.646,-7.286,VIIgMedium,120,22,4.3,1.996805723,3.704648836,0.44455786,Y,22.31800195,415,7.5,3.3,1.7,18,"Nil
","Nil
",03:20.3
2241,IGFS2007,113,101010101,89,90,123,1,Groundgear_A,Long,3.10E+05,V,11/11/2007 6:57,30,51.06,-5.786,51.092,-5.805,VIIgMedium,107,21,4.4,2.048670403,3.800872733,0.406693382,Y,19.79206392,375,1.14,7.4,3.5,26,"Nil
","Nil
",03:20.3
2242,IGFS2007,FG165,101010101,87,86,124,1,Groundgear_A,Long,3.10E+05,V,11/11/2007 9:14,30,51.306,-5.814,51.339,-5.812,VIIgMedium,110,20,3.9,1.9803092,3.674043043,0.404144735,Y,20.37122395,370,2.57,6.5,5,27,"Nil
","Nil
",03:20.3
2243,IGFS2007,44,101010101,74,75,125,1,Groundgear_A,Short,3.10E+05,V,11/11/2007 11:47,30,51.246,-5.497,51.272,-5.523,VIIgCoast,79,22,4.3,1.840597865,3.41483834,0.269772229,Y,22.55034879,330,3.26,9.8,4.9,25,"Nil
","Nil
",03:20.3
2244,IGFS2007,MB32,101010101,70,73,126,1,Groundgear_A,Short,3.10E+05,V,11/11/2007 14:10,30,51.465,-5.498,51.484,-5.541,VIIgCoast,85,25,3.9,1.97264665,3.659826808,0.311085279,Y,24.36961121,310,1.77,6.2,3.9,22,"Nil
","Nil
",03:20.3
2245,IGFS2007,FG136,101010101,89,93,127,1,Groundgear_A,Long,3.10E+05,V,11/11/2007 16:17,31,51.499,-5.794,51.523,-5.831,VIIgMedium,117,28,4.1,1.997069613,3.705138429,0.433501196,Y,21.73123144,370,1.45,4.1,4.5,19,"Nil
","Nil
",03:20.3
2246,IGFS2007,FG166,101010101,88,89,128,1,Groundgear_A,Long,3.10E+03,V,12/11/2007 6:54,30,51.43,-7.582,51.408,-7.624,VIIgMedium,105,20,4.3,2.054366627,3.811440867,0.400201291,Y,19.40712849,370,0.54,1.9,3.6,6,"Nil
","Nil
",03:20.3
2247,IGFS2007,FG18,101010101,85,85,129,1,Groundgear_A,Long,3.20E+03,V,12/11/2007 9:19,30,51.629,-7.813,51.616,-7.863,VIIgMedium,112,23,4.1,2.022678245,3.752649806,0.420296778,Y,20.75853772,350,6.6,1.8,3.2,6,"Nil
","Nil
",03:20.3
2248,IGFS2007,FG17A,101010101,86,87,130,1,Groundgear_A,Long,3.20E+02,V,12/11/2007 11:07,31,51.504,-8.1,51.484,-8.143,VIIgMedium,113,19,4.4,2.007332136,3.72417836,0.420832155,Y,20.95256612,360,0.52,3.2,3.4,7,"Nil
","Nil
",03:20.3
2249,IGFS2007,53A,101010101,73,60,131,1,Groundgear_A,Short,3.20E+02,V,12/11/2007 13:05,30,51.612,-8.254,51.645,-8.257,VIIgCoast,90.4,20.54,4.2,1.982151752,3.677461506,0.33244252,Y,26.02957006,330,0.45,1.2,3.2,3,"Nil
","Nil
",03:20.3
2250,IGFS2007,FG137,101010101,75,83,132,1,Groundgear_A,Short,3.20E+03,I,14/11/2007 7:25,30,51.674,-7.524,51.679,-7.577,VIIgCoast,122,26,4.1,1.998655882,3.708081413,0.452385932,Y,36.31562998,350,0.43,1.7,2.5,11,Something sharp tore port wing to end of 160mm and scarred shackles and sensors,Something sharp tore port wing to end of 160mm and scarred shackles and sensors,03:20.3
2251,IGFS2007,MB31,101010101,74,77,133,1,Groundgear_A,Short,3.20E+03,V,14/11/2007 9:53,29,51.65,-7.25,51.684,-7.25,VIIgCoast,93,25,4,2.038969466,3.782874705,0.351807348,Y,26.83715779,340,0.99,1.7,2.2,18,"Nil
","Nil
",03:20.3
2252,IGFS2007,FG46,101010101,75,72,134,1,Groundgear_A,Short,3.20E+03,V,14/11/2007 11:33,30,51.8,-7.089,51.831,-7.068,VIIgCoast,88,23,3.9,2.01632147,3.74085616,0.329195342,Y,25.28901153,330,0.74,2,2.2,18,"Nil
","Nil
",03:20.3
2253,IGFS2007,FG167,101010101,68,70,135,1,Groundgear_A,Short,3.20E+04,V,14/11/2007 14:10,29,51.823,-6.592,51.853,-6.611,VIIgCoast,80,18,3.9,1.932657688,3.585635784,0.286850863,Y,22.85184029,325,1.04,2.1,2,22,Big shot mackerel tight on bottom so not visible on sounder 8.1tons,Big shot mackerel tight on bottom so not visible on sounder 8.1tons,03:20.3
2254,IGFS2007,FG25,101010101,78,82,136,1,Groundgear_A,Short,3.30E+04,V,15/11/2007 7:16,30,52.006,-6.262,52.018,-6.211,VIIgCoast,86,20.67,4.4,2.01994063,3.747570742,0.322291084,Y,24.67532192,335,0.47,1.1,2.5,10,Wing sensor not charged properly,"Wing sensor not charged proper ASY catch was outlier, edited to average value.",03:20.3
2255,IGFS2007,FG26,101010101,114,114,137,1,Groundgear_A,Long,3.20E+04,V,15/11/2007 9:26,30,51.839,-6.082,51.806,-6.074,VIIgMedium,132,30,3.4,2.001259962,3.712912732,0.490104481,Y,24.69082081,445,0.42,1,0.8,15,"Nil
","Nil
",03:20.3
2256,IGFS2007,40,101010101,118,116,138,1,Groundgear_A,Long,3.20E+05,V,15/11/2007 11:20,30,51.756,-5.858,51.734,-5.9,VIIgMedium,111,38,3.8,2.045819918,3.795584263,0.421309853,Y,20.56475805,1024.3,0.53,1.7,1.2,15,"Nil
","Nil
",03:20.3
2257,IGFS2007,FG139,101010101,109,114,139,1,Groundgear_A,Long,3.20E+04,V,15/11/2007 13:25,30,51.615,-6.191,51.584,-6.212,VIIgMedium,108,23,4.1,2.017703579,3.743420369,0.4042894,Y,19.98487997,420,0.62,1.4,1.7,15,"Nil
","Nil
",03:20.3
2258,IGFS2007,110,101010101,78,77,140,1,Groundgear_A,Short,3.20E+04,V,15/11/2007 15:23,26,51.577,-6.498,51.604,-6.516,VIIgCoast,71,18,4.1,1.753217282,3.252722229,0.230943278,Y,20.16105414,335,0.4,1.1,2,11,"Nil
","Nil
",03:20.3
2259,IGFS2007,111,101010101,116,123,141,1,Groundgear_A,Long,3.10E+04,V,16/11/2007 7:22,30,51.411,-6.362,51.379,-6.377,VIIgMedium,119,21,4.1,1.999745483,3.710102937,0.441502249,Y,22.12214112,435,0.36,1.3,1.5,11,"Nil
","Nil
",03:20.3
2260,IGFS2007,112,101010101,110,113,142,1,Groundgear_A,Long,3.10E+04,V,16/11/2007 9:00,30,51.248,-6.332,51.214,-6.338,VIIgMedium,121,29,3.5,2.051292527,3.805737526,0.460494241,Y,22.51413801,430,0.53,1.4,2,12,"Nil
","Nil
",03:20.3
2261,IGFS2007,FG39,101010101,110,109,143,1,Groundgear_A,Long,3.10E+04,V,16/11/2007 10:54,30,51.218,-6.6,51.192,-6.633,VIIgMedium,133,22,3.8,1.994001984,3.699447095,0.492026464,Y,24.89054181,430,0.34,1.3,3.3,9,"Nil
","Nil
",03:20.3
2262,IGFS2007,FG40,101010101,86,87,144,1,Groundgear_A,Long,3.10E+04,V,16/11/2007 13:00,30,51.366,-6.683,51.365,-6.736,VIIgMedium,110,26,4.3,1.990444257,3.692846487,0.406213114,Y,20.37122395,365,0.64,1.7,2.1,14,"Nil
","Nil
",03:20.3
2263,IGFS2007,FG168,101010101,88,89,145,1,Groundgear_A,Long,3.10E+03,V,16/11/2007 15:27,30,51.299,-7.183,51.291,-7.235,VIIgMedium,115,31,4.1,2.012996448,3.734687288,0.429489038,Y,21.34138194,365,2.01,8.9,3,14,"Nil
","Nil
",03:20.3
2264,IGFS2007,FG23,101010101,107,105,146,1,Groundgear_A,Long,3.10E+03,V,17/11/2007 7:17,30,51.182,-7.409,51.16,-7.444,VIIgMedium,120,24,3.6,1.865790621,3.461578147,0.415389378,Y,22.31800195,390,2.01,8.9,3,25,"Nil
","Nil
",03:20.3
2265,IGFS2007,FG36,101010101,102,95,147,1,Groundgear_A,Long,3.10E+03,V,17/11/2007 9:26,30,51.035,-7.567,51.054,-7.524,VIIgMedium,119,21.33,4.3,1.984939054,3.682632752,0.438233298,Y,22.12214112,395,1.66,6.9,5.5,22,"Wing sensors bouncing around....no clear reading
","Wing sensors bouncing around....no clear reading
",03:20.3
2266,IGFS2007,FG35,101010101,107,106,148,1,Groundgear_A,Long,3.00E+03,V,17/11/2007 11:51,30,50.912,-7.746,50.888,-7.78,VIIgMedium,123,20,4.3,1.932100335,3.584601735,0.440906013,Y,22.90724974,425,3.47,10.3,3.5,30,"Nil
","Nil
",03:20.3
2267,IGFS2007,FG140,101010101,101,101,149,1,Groundgear_A,Long,3.10E+02,V,17/11/2007 14:08,30,51.034,-8.067,51.022,-8.118,VIIgMedium,102,23,4.3,2.058369237,3.818866859,0.38952442,Y,18.83142227,420,3.76,16.2,6.7,32,"Nil
","Nil
",03:20.3
2268,IGFS2007,FG52,101010101,99,98,150,1,Groundgear_A,Long,3.10E+02,V,17/11/2007 16:29,30,51.251,-8.054,51.233,-8.089,VIIgMedium,118,23,4.8,1.703096564,3.159733885,0.372848598,Y,21.92655208,395,4.07,19.4,8.9,35,"Nil
","Nil
",03:20.3
2269,IGFS2007,54A,101010101,90,91,151,1,Groundgear_A,Long,3.10E+02,V,18/11/2007 7:21,30,51.444,-8.469,51.436,-8.521,VIIgMedium,102,17,4.1,2.007012898,3.723586082,0.37980578,Y,18.83142227,370,3.5,7.7,4.8,19,"Nil
","Nil
",03:20.3
2270,IGFS2007,64,101010101,105,106,152,1,Groundgear_A,Long,3.10E+02,V,18/11/2007 9:28,30,51.261,-8.691,51.263,-8.744,VIIgMedium,123,20,3.8,1.997625557,3.706169864,0.455858893,Y,22.90724974,425,2.24,8.3,6,17,"Nil
","Nil
",03:20.3
2271,IGFS2007,FG141,101010101,112,113,153,1,Groundgear_A,Long,3.10E+02,V,18/11/2007 11:21,30,51.1,-8.771,51.1,-8.826,VIIgMedium,128,18,3.9,2.076533706,3.852567173,0.493128598,Y,23.89509335,435,2.3,9.4,4.5,20,"Nil
","Nil
",03:20.3
2272,IGFS2007,FG11,101010101,116,120,154,1,Groundgear_A,Long,3.00E+02,V,18/11/2007 13:28,30,50.878,-8.892,50.844,-8.899,VIIgMedium,124,21,4,2.055921554,3.814325703,0.472976387,Y,23.10423247,445,2.92,6.3,12.8,19,"Nil
","Nil
",03:20.3
2273,IGFS2007,CC306,101010101,124,121,155,1,Groundgear_A,Long,3.00E+02,V,18/11/2007 15:37,30,50.63,-8.915,50.604,-8.88,VIIgMedium,126,23,4.1,2.052533683,3.808040228,0.479813069,Y,23.4990696,475,3.13,10.9,13.4,20,"Nil
","Nil
",03:20.3
2274,IGFS2007,FG169,101010101,121,121,156,1,Groundgear_A,Long,3.00E+01,V,19/11/2007 7:30,30,50.895,-9.3,50.929,-9.301,VIIjMedium,113,22,4.2,2.039057497,3.783038028,0.427483297,Y,20.95256612,445,4.06,8.3,12.3,18,"Nil
","Nil
",03:20.3
2275,IGFS2007,FG34,101010101,117,118,157,1,Groundgear_A,Long,3.10E+01,V,19/11/2007 9:37,30,51.118,-9.225,51.118,-9.279,VIIjMedium,114,21,4,2.037986768,3.781051518,0.431039873,Y,21.14684645,440,2.84,9.8,4.5,16,"Nil
","Nil
",03:20.3
2276,IGFS2007,MB20,101010101,125,120,158,1,Groundgear_A,Long,3.10E+01,V,19/11/2007 11:49,30,51.102,-9.593,51.136,-9.595,VIIjMedium,118,24,3.9,2.040174439,3.785110276,0.446643013,Y,21.92655208,480,4.17,7.6,10.4,13,"Nil
","Nil
",03:20.3
2277,IGFS2007,FG10,101010101,112,107,159,1,Groundgear_A,Short,3.10E+01,V,19/11/2007 13:57,30,51.233,-9.827,51.259,-9.793,VIIjMedium,89,26,4.2,2.016987532,3.742091897,0.333046179,Y,16.35844202,440,3.62,3.7,12.3,14,"Nil
","Nil
",03:20.3
2278,IGFS2007,FG9,101010101,55,49,160,1,Groundgear_A,Short,3.10E+01,V,19/11/2007 16:01,30,51.447,-9.69,51.458,-9.64,VIIjCoast,89,26,4.1,1.986109423,3.684804124,0.327947567,Y,25.59701948,275,0.58,1.8,1.7,14,"Nil
","Nil
",03:20.3
2279,IGFS2007,FG33,101010101,72,72,161,1,Groundgear_A,Short,31D9,V,20/11/2007 7:38,30,51.49,-10.082,51.511,-10.04,VIIjCoast,83,21.4,4.4,2.014204108,3.736927844,0.310165011,Y,23.76038723,330,0.92,3,2.9,13,"Nil
","Nil
",03:20.3
2280,IGFS2007,FG2,101010101,81,77,162,1,Groundgear_A,Short,32D9,V,20/11/2007 9:56,30,51.681,-10.249,51.691,-10.2,VIIjCoast,84,20,4.3,1.922448476,3.566694762,0.29960236,Y,24.0646376,340,16.4,2.5,6.6,16,"Nil
","Nil
",03:20.3
2281,IGFS2007,FG170,101010101,133,135,163,1,Groundgear_A,Long,31D9,V,20/11/2007 12:24,30,51.478,-10.464,51.457,-10.422,VIIjDeep,132,20,4.6,2.015085607,3.738563279,0.493490353,Y,24.69082081,495,1.53,4,4.6,18,"Nil
","Nil
",03:20.3
2282,IGFS2007,FG4,101010101,168,167,164,1,Groundgear_A,Long,31D9,V,20/11/2007 14:48,30,51.458,-10.796,51.486,-10.825,VIIjDeep,117,23,3.8,1.999737853,3.71008878,0.434080387,Y,21.73123144,590,2.66,9.4,4.8,10,"Nil
","Nil
",03:20.3
2283,IGFS2007,FG124,101010101,318,291,165,1,Groundgear_A,Long,30D8,V,21/11/2007 15:48,30,50.889,-11.137,50.92,-11.155,VIIjSlope,123,21,4.1,1.980137682,3.673724827,0.451868154,Y,22.90724974,950,1.8,5,4,12,Station previously done this year but closest to warp calibration area this morning,Station previously done this year but closest to warp calibration area this morning,03:20.3
2284,IGFS2007,FG1,101010101,157,157,166,1,Groundgear_A,Long,33D8,V,22/11/2007 7:49,30,52.195,-11.359,52.163,-11.337,VIIjDeep,118,18,4.6,2.083567972,3.86561776,0.456142896,Y,21.92655208,560,1.54,9.4,5.9,20,"Nil
","Nil
",03:20.3
2285,IGFS2007,72,101010101,152,155,167,1,Groundgear_A,Long,33D8,V,22/11/2007 9:51,30,52.025,-11.123,51.993,-11.11,VIIjDeep,120,21,4.1,1.978533194,3.670748041,0.440489765,Y,22.31800195,545,2.03,8.3,8.3,15,"Nil
","Nil
",03:20.3
2286,IGFS2007,FG67,101010101,162,162,168,1,Groundgear_A,Long,32D8,V,22/11/2007 11:38,30,51.838,-11.011,51.807,-10.988,VIIjDeep,118,22,NA,2.046194511,3.796279242,0.447960951,Y,21.92655208,570,1.88,8.1,5.6,16,"TS battery died
","TS battery died
",03:20.3
2287,IGFS2007,FG67,101010101,130,124,169,1,Groundgear_A,Long,32D9,V,22/11/2007 13:34,30,51.823,-10.763,51.857,-10.767,VIIjDeep,120,21,3.8,2.044437266,3.793019047,0.455162286,Y,22.31800195,500,3.03,13.9,5.7,15,"Nil
","Nil
",03:20.3
2288,IGFS2007,71,101010101,66,56,170,1,Groundgear_A,Short,32D9,V,22/11/2007 16:09,30,51.999,-10.374,52.018,-10.331,VIIjCoast,86,12,4.3,1.957331964,3.631413663,0.312301575,Y,24.67532192,325,0.79,2.2,3.5,18,"Nil
","Nil
",03:20.3
2289,IGFS2007,CC436,101010101,122,121,171,1,Groundgear_A,Long,3.00E+01,A,23/11/2007 7:56,30,50.75,-9.957,50.755,-9.906,VIIjDeep,118,18,3.9,1.962941432,3.641820838,0.429734859,Y,21.92655208,475,2.52,10,9.6,23,Intercalibration with Thalassa,Intercalibration with Thalassa,03:20.3
2290,IGFS2007,CC322,101010101,120,121,172,1,Groundgear_A,Long,3.00E+01,A,23/11/2007 10:25,30,50.913,-9.652,50.94,-9.621,VIIjMedium,120,20,4.1,2.000300613,3.711132862,0.445335943,Y,22.31800195,460,2.56,5.9,7.9,13,"Intercalibration with Thalassa
","Intercalibration with Thalassa
",03:20.3
2291,IGFS2007,CC437,101010101,127,128,173,1,Groundgear_A,Long,3.00E+01,A,23/11/2007 13:13,30,50.755,-9.271,50.759,-9.22,VIIjMedium,129,24,4.4,1.95449749,3.626154898,0.467773982,Y,24.09355951,480,1.69,7.7,5.3,12,Intercalibration with Thalassa,Intercalibration with Thalassa,03:20.3
2292,IGFS2007,CC321,101010101,122,122,174,1,Groundgear_A,Long,3.00E+01,A,23/11/2007 15:17,30,50.887,-9.078,50.912,-9.111,VIIjMedium,117,20,3.8,1.952662349,3.622750184,0.423861771,Y,21.73123144,460,1.41,6,5.1,7,Intercalibration with Thalassa,Intercalibration with Thalassa,03:20.3
2293,IGFS2007,CN205,101010101,74,72,175,1,Groundgear_A,Short,3.20E+02,C,24/11/2007 8:05,30,51.69,-8.023,51.713,-7.986,VIIgCoast,83,23,4.3,1.950234285,3.618245427,0.30031437,Y,23.76038723,340,0.46,4.3,2.4,29,Intercalibration with Thalassa,Intercalibration with Thalassa,03:20.3
2294,IGFS2007,CN204,101010101,78,77,176,1,Groundgear_A,Long,3.20E+03,A,24/11/2007 10:51,30,51.623,-7.436,51.642,-7.393,VIIgCoast,120,20,4.3,1.968120865,3.651430176,0.438171621,Y,35.62828304,340,1.08,6.7,4.8,29,"Intercal Thalassa
","Intercal Thalassa
",03:20.3
2295,IGFS2007,134,101010101,74,73,177,1,Groundgear_A,Short,3.20E+03,I,24/11/2007 13:09,30,51.802,-7.096,51.832,-7.076,VIIgCoast,79,19,4.2,1.946659611,3.611613378,0.285317457,Y,22.55034879,330,1.76,8,6.2,19,Tore Port wing back to 80mm.........Intercal Thalassa,Tore Port wing back to 80mm.........Intercal Thalassa,03:20.3
2296,IGFS2007,CN207,101010101,75,74,178,1,Groundgear_A,Short,3.20E+04,A,24/11/2007 15:34,31,51.78,-6.715,51.805,-6.678,VIIgCoast,85,20,4.3,2.034973011,3.775460133,0.320914111,Y,24.36961121,330,1.43,7.1,5.9,25,Intercalibration with Thalassa,Intercalibration with Thalassa,03:20.3
2297,IGFS2007,CN308,101010101,115,113,179,1,Groundgear_A,Long,3.10E+04,C,25/11/2007 8:00,30,51.474,-6.114,51.443,-6.131,VIIgMedium,124,20,3.9,1.965057419,3.645746603,0.452072579,Y,23.10423247,450,1.22,3.7,2.9,15,Intercalibration with Thalassa,Intercalibration with Thalassa,03:20.3
2298,IGFS2007,CN304,101010101,105,102,180,1,Groundgear_A,Long,3.10E+04,C,25/11/2007 10:13,30,51.177,-6.135,51.148,-6.148,VIIgMedium,134,20,4.3,1.806729139,3.352002112,0.449168283,Y,25.09058636,425,1.41,3.8,3.5,11,Intercalibration with Thalassa,Intercalibration with Thalassa,03:20.3
2299,IGFS2007,CN2XX,101010101,118,99,181,1,Groundgear_A,Long,3.10E+04,A,25/11/2007 12:44,30,51.244,-6.529,51.265,-6.568,VIIgMedium,107,19,3.8,1.933763165,3.587686762,0.383882483,Y,19.79206392,450,1.32,3.5,2.8,13,Intercalibration with Thalassa,Intercalibration with Thalassa,03:20.3
2300,IGFS2007,CN,101010101,98,99,182,1,Groundgear_A,Long,3.10E+04,C,25/11/2007 14:53,30,51.124,-6.484,51.156,-6.494,VIIgMedium,110,19,4.1,1.955584225,3.628171103,0.399098821,Y,20.37122395,400,1.51,10.2,3.7,16,Intercalibration with Thalassa,Intercalibration with Thalassa,03:20.3
2301,IGFS2007,FG171,101010101,185,184,183,1,Groundgear_A,Long,33D8,V,26/11/2007 9:18,30,52.363,-11.623,52.392,-11.649,VIIjDeep,120,21,4.1,1.983944219,3.680787047,0.441694446,Y,22.31800195,640,3.32,87,6.5,5,"Nil
","Nil
",03:20.3
2302,IGFS2007,FG172,101010101,237,235,184,1,Groundgear_A,Long,34D8,V,26/11/2007 11:28,30,52.514,-11.944,52.547,-11.958,VIIbSlope,123,22,3.9,2.044464831,3.793070188,0.466547633,Y,22.90724974,770,3.02,8.4,5.5,10,"Nil
","Nil
",03:20.3
2303,IGFS2007,PO242,101010101,349,350,185,1,Groundgear_A,Long,34D7,V,26/11/2007 13:36,30,52.549,-12.164,52.58,-12.183,VIIbSlope,127,22,3.8,1.984798576,3.682372125,0.46766126,Y,23.6969313,1050,2.97,6.8,5.6,10,"Nil
","Nil
",03:20.3
2304,IGFS2007,PO39,101010101,251,260,186,1,Groundgear_A,Long,34D7,V,26/11/2007 15:36,30,52.709,-12.058,52.74,-12.076,VIIbSlope,127,23,4.1,1.971557041,3.657805271,0.464541269,Y,23.6969313,770,3.31,8.4,6.2,11,"Nil
","Nil
",03:20.3
2305,IGFS2007,MB17,101010101,95.1,90.5,187,1,Groundgear_A,Short,34D9,V,27/11/2007 7:56,30,52.576,-10.123,52.587,-10.071,VIIbMedium,86,21,4,2.011165893,3.731291082,0.320891033,Y,15.79235758,380,4.76,10.6,9.6,20,"Nil
","Nil
",03:20.3
2306,IGFS2007,66,101010101,56,60,188,1,Groundgear_A,Short,3.40E+01,V,27/11/2007 10:28,30,52.768,-9.626,52.8,-9.611,VIIbCoast,77,18,4.3,1.995409573,3.702058576,0.28505851,Y,21.94932527,275,4.09,4.6,18.6,14,"Nil
","Nil
",03:20.3
2307,IGFS2007,FG173,101010101,65,60,189,1,Groundgear_A,Short,3.40E+01,V,27/11/2007 12:10,30,52.971,-9.609,53.002,-9.59,VIIbCoast,84,20,4.3,1.982594724,3.678283346,0.308975801,Y,24.0646376,345,3.28,3.9,13.1,19,"Nil
","Nil
",03:20.3
2308,IGFS2007,62,101010101,37,41,190,1,Groundgear_A,Short,3.50E+01,V,27/11/2007 14:22,30,53.192,-9.398,53.195,-9.454,VIIbCoast,79,20,4.4,2.025408749,3.757715675,0.296859538,Y,22.55034879,210,0.92,3.2,1.8,26,"Nil
","Nil
",03:20.3
2309,IGFS2008,14,101020101,44.7,34.1,2,1,Groundgear_D,Short,3.80E+02,V,24/09/2008 11:58,30,54.568,-8.396,54.583,-8.345,VIaCoast,77.6,19.56,4.8,1.99249715,3.696655195,0.286860443,Y,22.1293622,250,3.5,0.8,3.1,8,"Nil
",NA,03:20.3
2310,IGFS2008,15,101020101,60.6,66.3,3,1,Groundgear_D,Short,3.80E+02,V,24/09/2008 13:44,30,54.52,-8.549,54.519,-8.606,VIaCoast,71.9,20.17,4.9,1.990421502,3.692804271,0.265512627,Y,20.42794364,280,1.63,2.9,2.8,7,"Nil
",NA,03:20.3
2311,IGFS2008,MB49,101020101,83.7,88.7,4,1,Groundgear_D,Short,3.80E+02,V,24/09/2008 17:05,30,54.621,-8.81,54.631,-8.866,VIaCoast,77.6,20.81,4.9,2.03976475,3.784350185,0.293665574,Y,22.1293622,350,2.26,4.3,2.1,12,"Nil
","
",03:20.3
2312,IGFS2008,26,101020101,99.8,100.6,5,1,Groundgear_D,Long,3.80E+01,V,25/09/2008 5:27,30,54.769,-9.641,54.797,-9.609,VIaMedium,118,21.29,4.7,2.013453059,3.735534432,0.440793063,Y,21.92655208,425,2.26,4.3,7.6,8,Predicted door spread from regression data,NA,03:20.3
2313,IGFS2008,FG101,101020101,114.1,112.6,6,1,Groundgear_D,Long,38D9,V,25/09/2008 8:11,30,54.783,-10.074,54.754,-10.098,VIaMedium,108,19.9,4.5,1.928966346,3.578787284,0.386509027,Y,19.98487997,440,3.06,4.4,12.4,11,"Nil
",Still having some sensor problems,03:20.3
2314,IGFS2008,FG149,101020101,219,231,7,1,Groundgear_D,Long,38D9,V,25/09/2008 11:40,30,54.586,-10.604,54.614,-10.573,VIaSlope,124,28.3,4.6,1.997123931,3.705239204,0.459449661,Y,23.10423247,760,2.92,4.4,11.9,11,"Nil
",Good sign of scad and cod,03:20.3
2315,IGFS2008,FG113,101020101,218.5,226.7,8,1,Groundgear_D,Long,38D9,V,25/09/2008 13:38,30,54.723,-10.45,54.753,-10.423,VIaSlope,110,21,4.9,2.029467329,3.765245508,0.414177006,Y,20.37122395,725,3.16,4,15.7,11,"Nil
","
",03:20.3
2316,IGFS2008,FG151,101020101,260,230,9,1,Groundgear_D,Long,38D9,V,25/09/2008 16:00,30,54.945,-10.199,54.971,-10.164,VIaDeep,123,23.15,4.8,1.973407449,3.661238311,0.450332312,Y,22.90724974,825,3.82,5.1,17,0.2,"Nil
",NA,03:20.3
2317,IGFS2008,FG108,101020101,238.1,231.2,10,1,Groundgear_D,Long,39D9,V,25/09/2008 17:55,30,55.103,-10.049,55.131,-10.021,VIaDeep,121,22,4.7,1.936535949,3.592831074,0.43473256,Y,22.51413801,750,3,4.7,9.8,7,"Nil
",NA,03:20.3
2318,IGFS2008,FG102,101020101,102,106.8,11,1,Groundgear_D,Long,3.80E+01,V,26/09/2008 5:08,31,54.913,-9.698,54.947,-9.703,VIaMedium,105,20.7,4.4,2.047393606,3.798503907,0.39884291,Y,19.40712849,405,2.61,3.8,8.8,15,"Nil
","Door sensor signal poor

",03:20.3
2319,IGFS2008,27,101020101,93,94.5,12,1,Groundgear_D,Long,3.80E+01,V,26/09/2008 7:22,30,54.967,-9.399,54.998,-9.42,VIaMedium,111,20.8,4.5,1.996273841,3.703662042,0.411106487,Y,20.56475805,395,2.87,4.8,6,19,"Nil
",NA,03:20.3
2320,IGFS2008,28,101020101,119.3,115.4,13,1,Groundgear_D,Short,3.90E+01,V,26/09/2008 9:13,29,55.109,-9.555,55.12,-9.5,VIaMedium,97.7,24.6,NA,2.003545235,3.71715257,0.363165806,Y,18.00965266,425,2.45,5.1,5.6,17,No damage but ground very hard at end of tow.,"TS not working, ground got hard at end of tow, but no damage. Good shot of JOD and HOM.",03:20.3
2321,IGFS2008,GD1,101020101,103.7,98.5,14,1,Groundgear_D,Long,3.90E+01,V,26/09/2008 11:14,30,55.088,-9.242,55.059,-9.208,VIaMedium,120,19.9,4.6,2.097223557,3.890952796,0.466914336,Y,22.31800195,425,2.24,4.4,6.8,18,"Nil
",Patchy ground,03:20.3
2322,IGFS2008,mar-04,101020101,91.4,95.3,15,1,Groundgear_D,Long,3.90E+01,V,26/09/2008 13:21,24,55.084,-9.003,55.112,-9.012,VIaMedium,106,20.7,4.3,1.708423415,3.169616725,0.335979373,Y,19.5994811,395,2.45,5.1,5.6,17,"Nil
",Couple of minutes late starting log of tow so cut it short at the end.,03:20.3
2323,IGFS2008,MB43,101020101,66.3,52,16,1,Groundgear_D,Short,3.90E+02,I,26/09/2008 16:08,30,55.062,-8.54,55.089,-8.515,VIaCoast,83,20.35,4.3,1.834548336,3.403614723,0.282500022,Y,23.76038723,300,2.3,4.9,9.5,9,"Alot of damage to wings, belly sheet gone and bag ripped, just at the end of the tow. Predicted door spread from regression data.",NA,03:20.3
2324,IGFS2008,GD2,101020101,87.1,77.1,17,1,Groundgear_D,Long,4.00E+02,V,27/09/2008 5:32,30,55.594,-8.265,55.577,-8.315,VIaMedium,102,17.9,6.1,1.982121337,3.677405078,0.375095318,Y,18.83142227,370,2.77,9.1,4.4,27,"Nil
","DST sensors very unstable. Hard ground. Main winch having hydraulic problems so steaming to shore for spares, repair net form yesterday and check hydraulics.",03:20.3
2325,IGFS2008,10,101020101,24.3,36.6,18,1,Groundgear_D,Short,3.90E+03,V,27/09/2008 13:13,30,55.205,-7.91,55.233,-7.942,VIaCoast,66.2,28.9,4.7,2.0069826,3.72352987,0.246497677,Y,18.74514488,190,0.7,2.6,1.8,16,"Nil
",NA,03:20.3
2326,IGFS2008,MB8,101020101,63.3,69.3,19,1,Groundgear_D,Short,3.90E+03,V,27/09/2008 15:07,31,55.385,-7.918,55.394,-7.975,VIaCoast,77.7,20.25,4.3,2.020514628,3.748635674,0.291268992,Y,22.15939068,300,2.28,8,4.1,12,"Nil
",NA,03:20.3
2327,IGFS2008,9,101020101,78.1,81.1,20,1,Groundgear_D,Short,3.90E+02,V,27/09/2008 17:01,30,55.352,-8.186,55.375,-8.229,VIaCoast,75,20.67,4.4,2.016188778,3.740609977,0.280545748,Y,21.35083196,340,2.51,6.3,5.2,12,"Nil
",NA,03:20.3
2328,IGFS2008,MB41,101020101,94.1,95,21,1,Groundgear_D,Short,3.90E+02,V,28/09/2008 5:19,31,55.282,-8.477,55.317,-8.473,VIaMedium,84.6,21.04,4.2,2.104682121,3.904790577,0.330345283,Y,15.52872883,400,2.86,5.6,8,14,"Nil
",NA,03:20.3
2329,IGFS2008,12,101020101,101.1,101.5,22,1,Groundgear_D,Long,3.90E+02,V,28/09/2008 7:25,30,55.428,-8.583,55.456,-8.608,VIaMedium,104,20.6,4.4,1.884257025,3.495838635,0.363567218,Y,19.21500312,415,2.17,7.4,5.9,11,"Nil
","Small catch, some MAC, JOD & a MON or two",03:20.3
2330,IGFS2008,6A,101020101,92.1,95,23,1,Groundgear_D,Long,4.00E+02,V,28/09/2008 9:33,30,55.664,-8.621,55.666,-8.678,VIaMedium,102,20.8,4.8,1.937162748,3.593993966,0.366587385,Y,18.83142227,380,2.11,6.5,6.5,12,"Nil
",Small catch - HAD & a few POK,03:20.3
2331,IGFS2008,MMMA3,101020101,134.1,147.6,24,1,Groundgear_D,Long,4.00E+02,V,28/09/2008 11:50,30,55.817,-8.366,55.824,-8.323,VIaDeep,106,19.8,4.4,1.512288148,2.805729402,0.297407317,Y,19.5994811,500,2.11,6.5,6.5,14,"Nil
","Good catch 3/4 hopper, medium MAC, HAD, LSD, JOD.",03:20.3
2332,IGFS2008,FG119,101020101,146,142.9,25,1,Groundgear_D,Long,4.10E+02,V,28/09/2008 13:59,30,55.999,-8.389,56.029,-8.415,VIaDeep,112,22.03,4.1,2.001354492,3.713088111,0.415865868,Y,20.75853772,545,2.71,6.8,5.1,19,"Nil
",NA,03:20.3
2333,IGFS2008,MB3,101020101,156.5,161.2,26,1,Groundgear_D,Long,4.10E+02,V,28/09/2008 15:59,29,56.022,-8.171,56,-8.215,VIaDeep,111,22.16,4.1,1.982792121,3.678649576,0.408330103,Y,20.56475805,565,2.34,8,7.7,17,"Nil
","Good mix of HAD, JOD, HKE and MAC.",03:20.3
2334,IGFS2008,mar-05,101020101,110.8,131.4,27,1,Groundgear_D,Short,4.00E+04,V,29/09/2008 5:11,30,55.59,-6.68,55.573,-6.726,VIaMedium,87.2,26,3.1,1.867000439,3.463822707,0.30204534,Y,16.01859823,470,3.06,11,6.4,23,"Nil
","Strong tides
",03:20.3
2335,IGFS2008,COD1,101020101,76.9,73.6,28,1,Groundgear_D,Short,3.90E+04,V,29/09/2008 7:36,30,55.366,-6.824,55.368,-6.881,VIaCoast,74.1,20.64,3.6,1.951798605,3.62114769,0.268327044,Y,21.0823097,340,2.72,7.3,4.1,22,"Nil
",NA,03:20.3
2336,IGFS2008,33,101020101,72.9,79,29,1,Groundgear_D,Short,4.00E+03,V,29/09/2008 9:42,30,55.508,-7.028,55.529,-7.073,VIaCoast,78.5,21.6,4.2,1.983777536,3.680477803,0.288917508,Y,22.39985033,310,2.84,9.8,3.5,27,"Nil
",NA,03:20.3
2337,IGFS2008,GD4,101020101,56.6,51.1,30,1,Groundgear_D,Short,4.00E+03,V,29/09/2008 12:29,30,55.795,-7.122,55.768,-7.156,VIaCoast,74.4,18.9,4.2,1.986839732,3.686159058,0.274250234,Y,21.17176289,275,3.53,9.4,8.6,20,"Nil
",NA,03:20.3
2338,IGFS2008,32,101020101,62,60.4,31,1,Groundgear_D,Short,4.00E+03,V,30/09/2008 15:06,30,55.631,-7.331,55.599,-7.308,VIaCoast,81.6,19.8,4.1,2.073105379,3.84620664,0.313850462,Y,23.33562582,310,6.17,9.6,27.5,26,"Nil
",NA,03:20.3
2339,IGFS2008,31A,101020101,55.9,57.2,32,1,Groundgear_D,Short,4.00E+03,V,30/09/2008 5:25,30,55.878,-7.056,55.846,-7.077,VIaCoast,77.6,18.4,NA,2.04699083,3.797756641,0.294705915,Y,22.1293622,290,6.82,9.4,22.3,9,"Nil
","~ turbot, mac, ple",03:20.3
2340,IGFS2008,SC575,101020101,112.1,113.8,33,1,Groundgear_D,Long,4.00E+03,V,30/09/2008 7:35,30,55.98,-7.208,55.979,-7.266,VIaMedium,103,20.3,NA,1.952477693,3.622407594,0.373107982,Y,19.02310202,435,4.95,12.5,10.2,11,"Nil
","scad, lsd, moderate catch",03:20.3
2341,IGFS2008,FG116,101020101,83.4,95.7,34,1,Groundgear_D,Short,4.10E+03,V,30/09/2008 9:46,30,56.051,-6.99,56.052,-7.049,VIaCoast,78.9,20.1,4.4,1.98242181,3.677962542,0.290191245,Y,22.520236,345,5.55,13.5,8.7,18,"Nil
","poor catch, lsd, dab, whg",03:20.3
2342,IGFS2008,FG142,101020101,89.7,97.5,35,1,Groundgear_D,Short,4.10E+03,V,30/09/2008 12:00,30,56.237,-7.156,56.249,-7.213,VIaCoast,81.8,20.4,4.2,2.036446945,3.778194704,0.309056327,Y,23.39622227,385,3.03,13.3,7.9,14,"Nil
",no,03:20.3
2343,IGFS2008,FG117,101020101,66.9,75,36,1,Groundgear_D,Short,4.10E+04,V,30/09/2008 14:51,30,56.186,-6.746,56.186,-6.805,VIaCoast,77.3,20.5,4.3,1.974612601,3.663474214,0.283186557,Y,22.03931511,305,3.27,10,6.4,25,"Nil
",NA,03:20.3
2344,IGFS2008,SC583,101020101,78,82.2,37,1,Groundgear_D,Short,4.10E+04,V,30/09/2008 16:59,30,56.367,-6.799,56.395,-6.773,VIaCoast,80.1,20.67,4.4,1.89037594,3.507190983,0.280925998,Y,22.88202609,340,3.24,4.9,11.7,19,"Nil
",NA,03:20.3
2345,IGFS2008,FG144,101020101,152,153,38,1,Groundgear_D,Long,4.10E+03,V,01/10/2008 5:22,30,56.335,-7.584,56.342,-7.641,VIaDeep,114,21.1,4.3,1.945994789,3.610379942,0.411583313,Y,21.14684645,565,4.13,14.4,5.9,26,"Nil
","Pescawin laptop would not boot, data saved in hyperterminal.",03:20.3
2346,IGFS2008,GD5,101020101,116.2,116.9,39,1,Groundgear_D,Long,4.10E+03,V,01/10/2008 7:03,30,56.218,-7.604,56.185,-7.607,VIaMedium,104,21.59,4.7,1.983043583,3.67911611,0.382628075,Y,19.21500312,445,4.6,9.5,15.2,25,"Nil
",Wing sensors still intermittent,03:20.3
2347,IGFS2008,FG93,101020101,152.1,160.2,40,1,Groundgear_D,Long,4.10E+03,V,01/10/2008 8:43,30,56.063,-7.638,56.043,-7.686,VIaDeep,114,22.11,4,2.009790097,3.728738583,0.425076199,Y,21.14684645,440,5.78,13.9,11.4,29,"Nil
",NA,03:20.3
2348,IGFS2008,MB6,101020101,138.5,139,41,1,Groundgear_D,Long,4.00E+03,V,01/10/2008 11:14,31,55.854,-7.688,55.854,-7.747,VIaDeep,110,21.93,4.3,1.99162603,3.695039017,0.406454292,Y,20.37122395,510,6.08,14.6,15.8,23,"Nil
",NA,03:20.3
2349,IGFS2008,FG96,101020101,173.5,173.6,42,1,Groundgear_D,Long,4.00E+03,V,01/10/2008 13:36,30,55.915,-7.942,55.928,-7.995,VIaDeep,115,22.36,3.9,1.948947633,3.615858318,0.415823707,Y,21.34138194,610,6.4,15.4,11.6,24,"Nil
",Wings and trawlspeed not working.,03:20.3
2350,IGFS2008,MB25,101020101,102.2,106.8,43,1,Groundgear_D,Long,4.00E+02,V,01/10/2008 15:59,30,55.724,-8.088,55.752,-8.058,VIaMedium,104,21.34,4.1,1.963431293,3.642729671,0.378843886,Y,19.21500312,410,5.37,11.7,19.4,36,"Nil
",NA,03:20.3
2351,IGFS2008,94,101020101,228.6,253.2,44,1,Groundgear_D,Long,4.10E+01,I,02/10/2008 5:47,30,56.176,-9.188,56.208,-9.178,VIaSlope,122,22.9,4.3,1.949419062,3.616732954,0.44124142,Y,22.71055277,750,6.23,15.3,16.9,36,"Liner open on haul back. No damage.
",Liner was open so only otoliths collected.,03:20.3
2352,IGFS2008,FG112,101020101,256,246.2,45,1,Groundgear_D,Long,4.00E+01,V,02/10/2008 8:42,31,55.992,-9.223,56.024,-9.209,VIaSlope,125,23.12,4.3,1.977274283,3.668412398,0.45855155,Y,23.30150455,780,6.41,13.2,23.4,34,"Nil
","Swell increasing rapidly, took a heavy roll.",03:20.3
2353,IGFS2008,FG111,101020101,213.2,274.3,46,1,Groundgear_D,Long,4.00E+01,V,03/10/2008 5:15,30,55.734,-9.328,55.767,-9.325,VIaSlope,124,22.76,4,1.98295771,3.678956791,0.456190642,Y,23.10423247,800,5.9,15.6,9,0.1,Warp added due to increasing depth 705m -> 800m warp,"COD, RBM, station slopes away so warp added.",03:20.3
2354,IGFS2008,FG110,101020101,246.7,253.1,47,1,Groundgear_D,Long,4.00E+01,V,03/10/2008 7:42,30,55.514,-9.468,55.496,-9.515,VIaSlope,120,23.05,3.7,1.931085057,3.582718102,0.429926172,Y,22.31800195,785,5.7,8.8,6.9,14,"Nil
","Monofilament and some wire caught in port wing. Good sign of cod, HKE and RBM, LIN in the catch.",03:20.3
2355,IGFS2008,R210,101020101,134,127,48,1,Groundgear_D,Long,3.90E+01,V,03/10/2008 9:39,29,55.439,-9.254,55.407,-9.252,VIaDeep,110,21.86,4.4,1.921455091,3.564851747,0.392133692,Y,20.37122395,510,3.51,9.8,13.2,8,"Nil
",NA,03:20.3
2356,IGFS2008,FG109,101020101,247.3,252.1,49,1,Groundgear_D,Long,3.90E+01,V,03/10/2008 12:31,29,55.353,-9.832,55.327,-9.868,VIaSlope,126,23.05,4.1,1.987473228,3.687334374,0.464604131,Y,23.4990696,780,3.96,9.7,13.7,9,"Nil
","Marport Pitch/Roll sensors tested on doors & worked ok, scanmar wasn't great, but maybe some conflicts. Catch was HOM, some HKE, HAD, POD.",03:20.3
2357,IGFS2008,62,101010101,36.8,40.4,50,1,Groundgear_A,Short,3.50E+01,I,27/10/2008 7:32,30,53.191,-9.389,53.194,-9.442,VIIbCoast,61.1,14.6,4.7,1.917829524,3.558125277,0.217401454,Y,17.2536217,210,0.97,2.9,2.7,14,Test tow for leg 2,"
",03:20.3
2358,IGFS2008,62,101010101,39,35.2,51,1,Groundgear_A,Short,3.50E+01,V,27/10/2008 9:21,30,53.195,-9.447,53.191,-9.393,VIIbCoast,70,21,4.6,1.960112386,3.636572144,0.25456005,Y,19.86504434,210,0.84,2.1,2.1,11,"Trawlsounder TS 2001 eratic, changing to TS1270
",NA,03:20.3
2359,IGFS2008,59,101010101,70,74.8,52,1,Groundgear_A,Short,3.50E+01,V,27/10/2008 11:46,30,53.032,-9.667,53.051,-9.712,VIIbCoast,75,18.4,4.4,1.986338576,3.685229268,0.276392195,Y,21.35083196,310,2.52,12.3,7.6,15,"Nil
",NA,03:20.3
2360,IGFS2008,56,101010101,109.4,108.6,53,1,Groundgear_A,Long,35D9,V,27/10/2008 15:19,30,53.074,-10.188,53.106,-10.198,VIIbMedium,116,21.3,4.5,1.953168128,3.623688548,0.420347872,Y,21.53617584,435,4.41,11.5,11.7,23,"Nil
",NA,03:20.3
2361,IGFS2008,FG75,101010101,120.6,123.3,54,1,Groundgear_A,Long,35D9,V,27/10/2008 17:33,30,53.298,-10.247,53.317,-10.198,VIIbMedium,114,20,4.1,2.097261172,3.891022583,0.443576574,Y,21.14684645,445,4.32,14,16.2,26,"Nil
",NA,03:20.3
2362,IGFS2008,SC552,101010101,89.3,91.9,55,1,Groundgear_A,Long,3.70E+01,V,28/10/2008 7:30,30,54.483,-9.461,54.483,-9.52,VIIbMedium,104,20,5,2.061160547,3.824045541,0.397700736,Y,19.21500312,370,4.88,11.8,18.5,18,"Nil
",NA,03:20.3
2363,IGFS2008,MB11,101010101,96.5,99.2,56,1,Groundgear_A,Long,3.70E+01,V,28/10/2008 11:44,20,54.502,-9.684,54.499,-9.722,VIIbMedium,105,19.7,4.7,1.339112329,2.484438458,0.260866038,Y,19.40712849,400,7.15,13.3,20,22,"Cut tow short to 20min due to large marks on sounder
",NA,03:20.3
2364,IGFS2008,20,101010101,49.1,51.3,57,1,Groundgear_A,Short,3.70E+01,V,28/10/2008 15:17,30,54.339,-9.623,54.346,-9.678,VIIbCoast,75.5,19.1,4.8,1.973213319,3.660878143,0.2763963,Y,21.50022339,250,5.63,10.6,18.9,9,"Nil
",NA,03:20.3
2365,IGFS2008,25,101010101,46.7,67.4,58,1,Groundgear_A,Short,3.70E+01,V,28/10/2008 17:27,30,54.301,-9.919,54.334,-9.923,VIIbCoast,79.9,19.8,4.8,1.984852214,3.682471641,0.294229484,Y,22.8216612,275,6.94,16.2,10.4,16,"Nil
",NA,03:20.3
2366,IGFS2008,FG83,101010101,50.2,43.5,59,1,Groundgear_A,Short,36D9,V,29/10/2008 8:38,31,53.839,-10.038,53.844,-9.984,VIIbCoast,72.3,18.3,4.8,1.939230659,3.597830536,0.260123148,Y,20.54670959,240,1.84,4.4,5.8,26,"Nil
",NA,03:20.3
2367,IGFS2008,FG80,101010101,87.7,96.8,60,1,Groundgear_A,Long,36D9,V,29/10/2008 11:08,30,53.716,-10.342,53.693,-10.383,VIIbMedium,107,21.04,4.5,2.008394425,3.726149211,0.398697966,Y,19.79206392,370,4.81,9.3,16.7,25,"Nil
","
",03:20.3
2368,IGFS2008,FG82,101010101,124.9,140,61,1,Groundgear_A,Long,36D9,V,29/10/2008 14:19,31,53.874,-10.553,53.897,-10.582,VIIbDeep,111,21.4,5.2,1.720561949,3.192137197,0.354327229,Y,20.56475805,480,6.83,14.4,12.4,23,"Nil
",NA,03:20.3
2369,IGFS2008,21,101010101,180,181.6,62,1,Groundgear_A,Long,37D9,V,29/10/2008 17:28,30,54.133,-10.705,54.162,-10.687,VIIbDeep,126,22.2,4.6,1.851754484,3.435537076,0.432877672,Y,23.4990696,630,6.33,12.5,24.2,31,Nil,NA,03:20.3
2370,IGFS2008,FG152,101010101,328,338.2,63,1,Groundgear_A,Long,37D8,V,30/10/2008 7:28,30,54.263,-11.199,54.291,-11.175,VIIbSlope,128,23.1,4.9,1.879386478,3.486802372,0.446310704,Y,23.89509335,960,4.35,12,19.4,20,"Nil
","Pescawin crashed so starte logging again about 10min late.

",03:20.3
2371,IGFS2008,FG91,101010101,286.7,302.5,64,1,Groundgear_A,Long,37D8,V,30/10/2008 9:49,30,54.228,-11,54.26,-11,VIIbSlope,125,22.9,5,1.919867057,3.561905485,0.445238186,Y,23.30150455,870,6.64,16.1,24.8,22,"Nil
",NA,03:20.3
2372,IGFS2008,FG87,101010101,308,299.3,65,1,Groundgear_A,Long,37D8,V,30/10/2008 12:20,31,54.145,-11.262,54.162,-11.219,VIIbSlope,130,23.6,4.8,1.82570155,3.387201391,0.440336181,Y,24.29233357,915,3.16,11.6,18.9,20,Nil,NA,03:20.3
2373,IGFS2008,FG76,101010101,225.8,222,66,1,Groundgear_A,Long,36D8,V,30/10/2008 14:36,30,53.954,-11.183,53.923,-11.204,VIIbSlope,121,24.1,4.3,2.002830594,3.715826705,0.449615031,Y,22.51413801,740,3.31,9.5,10.7,23,"Nil
",NA,03:20.3
2374,IGFS2008,FG99,101010101,307.2,320.1,67,1,Groundgear_A,Long,36D8,V,30/10/2008 16:46,30,53.956,-11.489,53.954,-11.545,VIIbSlope,125,22.4,4.4,1.985102733,3.682936425,0.460367053,Y,23.30150455,910,4.31,11.9,9.2,23,"Nil
",NA,03:20.3
2375,IGFS2008,MB1,101010101,179.1,179.8,68,1,Groundgear_A,Long,36D8,V,31/10/2008 7:28,31,53.838,-11.046,53.808,-11.071,VIIbDeep,112,20,4.4,2.00662255,3.722861874,0.41696053,Y,20.75853772,630,2.95,8.4,12.5,25,"Nil
",NA,03:20.3
2376,IGFS2008,PO14,101010101,218,224.7,69,1,Groundgear_A,Long,36D8,V,31/10/2008 9:34,30,53.698,-11.352,53.688,-11.405,VIIbSlope,120,21.4,4.5,1.980120196,3.673692386,0.440843086,Y,22.31800195,720,3.8,8.6,16.2,17,"Nil
",NA,03:20.3
2377,IGFS2008,PO24,101010101,217.3,219.2,70,1,Groundgear_A,Long,36D8,V,31/10/2008 11:21,30,53.579,-11.548,53.557,-11.59,VIIbSlope,121,22.1,4.6,1.997813404,3.706518376,0.448488723,Y,22.51413801,720,3.58,6.8,16,12,"Nil
",NA,03:20.3
2378,IGFS2008,PO138,101010101,300.2,335.2,71,1,Groundgear_A,Long,36D8,V,31/10/2008 14:19,30,53.757,-11.91,53.783,-11.947,VIIbSlope,135,23.5,4.2,2.040107425,3.784985946,0.510973103,Y,25.29095847,940,3.41,10.7,8.1,20,Tow slopes steeply so warp extended from 920m-960m,NA,03:20.3
2379,IGFS2008,PO113,101010101,379.6,373.1,72,1,Groundgear_A,Long,36D8,V,31/10/2008 16:52,31,53.951,-11.931,53.95,-11.874,VIIbSlope,132,23.6,4.1,2.017965827,3.743906915,0.494195713,Y,24.69082081,1030,6.2,7.3,21.7,22,"Nil
",NA,03:20.3
2380,IGFS2008,PO22,101010101,273.6,284.9,73,1,Groundgear_A,Long,36D8,V,01/11/2008 7:31,30,53.586,-11.806,53.579,-11.86,VIIbSlope,122,23.25,4.1,1.972902669,3.660301797,0.446556819,Y,22.71055277,840,2.09,5.3,10.8,12,"Nil
",NA,03:20.3
2381,IGFS2008,PO161,101010101,319.5,317.7,74,1,Groundgear_A,Long,35D7,V,01/11/2008 9:34,30,53.49,-12.108,53.46,-12.129,VIIbSlope,121,21.9,4.5,1.950271336,3.618314166,0.437816014,Y,22.51413801,930,2.03,5.8,5.4,12,"Nil
",NA,03:20.3
2382,IGFS2008,PO174,101010101,321,322.8,75,1,Groundgear_A,Long,35D7,V,01/11/2008 11:29,30,53.322,-12.237,53.292,-12.261,VIIbSlope,127,23.56,4.4,1.9955246,3.702271986,0.470188542,Y,23.6969313,945,1.82,5.6,4.6,13,Wing sensor stopped wrking,NA,03:20.3
2383,IGFS2008,FG104,101010101,219.7,220.9,76,1,Groundgear_A,Long,35D8,V,01/11/2008 14:13,31,53.272,-11.906,53.242,-11.931,VIIbSlope,118,21.2,4.8,2.011766861,3.73240605,0.440423914,Y,21.92655208,725,1.82,5.6,4.6,11,"Nil
",NA,03:20.3
2384,IGFS2008,FG175,101010101,211.4,208.5,77,1,Groundgear_A,Long,35D8,V,01/11/2008 16:02,30,53.104,-11.95,53.07,-11.95,VIIbSlope,118,20.6,4.4,2.039462246,3.783788953,0.446487096,Y,21.92655208,710,1.38,4.2,4.6,12,"Nil
",NA,03:20.3
2385,IGFS2008,MB28,101010101,181,182,78,1,Groundgear_A,Long,35D9,V,02/11/2008 7:16,30,53.422,-10.864,53.392,-10.887,VIIbDeep,107,19.6,4.4,1.979485655,3.672515129,0.392959119,Y,19.79206392,520,1.31,3.3,5,12,"Nil
",NA,03:20.3
2386,IGFS2008,89,101010101,147.6,147.6,79,1,Groundgear_A,Long,35D8,V,02/11/2008 9:40,30,53.218,-11.232,53.199,-11.276,VIIbDeep,111,19.9,4.6,1.95185874,3.621259257,0.401959778,Y,20.56475805,540,1.61,3.3,5.2,5,"Nil
",NA,03:20.3
2387,IGFS2008,MB12,101010101,132.1,133,80,1,Groundgear_A,Long,35D9,V,02/11/2008 12:16,30,53.074,-10.928,53.089,-10.977,VIIbDeep,110,20.8,4.6,1.985405789,3.683498682,0.405184855,Y,20.37122395,500,1.78,5.8,3,9,"Nil
",NA,03:20.3
2388,IGFS2008,FG120,101010101,134.7,137,81,1,Groundgear_A,Long,35D8,V,02/11/2008 14:16,30,53.031,-11.232,52.998,-11.237,VIIbDeep,113,20.2,4.9,1.987700375,3.687755798,0.416716405,Y,20.95256612,510,1.22,4.8,3.8,NA,"Nil
",Weather station hung,03:20.3
2389,IGFS2008,50,101010101,134.7,134.3,82,1,Groundgear_A,Long,34D8,V,02/11/2008 16:03,30,52.89,-11.058,52.858,-11.043,VIIbDeep,109,19.6,4.6,1.995130162,3.701540188,0.403467881,Y,20.17793229,510,0.98,4.3,3.6,8,"Nil
",Trwalspeed sensor unstable,03:20.3
2390,IGFS2008,90,101010101,144.1,146.2,83,1,Groundgear_A,Long,34D8,V,03/11/2008 7:30,30,52.76,-11.485,52.734,-11.519,VIIbDeep,112,19.6,4.4,1.99086269,3.693622801,0.413685754,Y,20.75853772,540,1.85,3.4,7.4,3,"Nil
",NA,03:20.3
2391,IGFS2008,FG105,101010101,177.4,175.6,84,1,Groundgear_A,Long,34D8,V,03/11/2008 9:38,30,52.616,-11.766,52.587,-11.74,VIIbDeep,113,21.6,4.8,1.981680579,3.676587346,0.41545437,Y,20.95256612,625,1.07,3.7,3.6,1,"Nil
",NA,03:20.3
2392,IGFS2008,PO39,101010101,253,257,85,1,Groundgear_A,Long,34D7,V,03/11/2008 12:01,30,52.707,-12.057,52.738,-12.075,VIIbSlope,119,20.9,4.6,1.971566417,3.657822666,0.435280897,Y,22.12214112,800,1.5,3.8,4.2,8,"Nil
",NA,03:20.3
2393,IGFS2008,PO238,101010101,366.1,372.9,86,1,Groundgear_A,Long,34D7,V,03/11/2008 14:05,30,52.743,-12.306,52.71,-12.297,VIIbSlope,121,21.5,4.3,2.006306685,3.722275853,0.450395378,Y,22.51413801,1015,1.36,3.5,5.7,11,"Nil
",NA,03:20.3
2394,IGFS2008,PO242,101010101,351.6,342,87,1,Groundgear_A,Long,34D7,V,03/11/2008 16:03,30,52.566,-12.176,52.538,-12.157,VIIbSlope,122,21.6,4.3,1.817398215,3.371796317,0.411359151,Y,22.71055277,990,1.69,4.7,3.1,11,"Nil
",NA,03:20.3
2395,IGFS2008,FG155,101010101,299.6,292.6,88,1,Groundgear_A,Long,33D8,V,04/11/2008 7:24,30,52.445,-11.993,52.422,-11.953,VIIjSlope,120,22.8,4.6,2.013247271,3.735152636,0.448218316,Y,22.31800195,910,1.28,5,3.7,10,"Nil
",Ridgey ground but not hard,03:20.3
2396,IGFS2008,FG171,101010101,185.8,185.2,89,1,Groundgear_A,Long,33D8,V,04/11/2008 9:28,30,52.398,-11.656,52.37,-11.629,VIIjDeep,114,20.3,4.6,1.949901455,3.617627931,0.412409584,Y,21.14684645,645,1.27,3.5,3.6,12,"Nil
",NA,03:20.3
2397,IGFS2008,FG156,101010101,468.5,457.4,90,1,Groundgear_A,Long,33D7,V,04/11/2008 12:05,31,52.288,-12.003,52.258,-11.977,VIIjSlope,123,22.9,4.4,2.037758101,3.780627275,0.465017155,Y,22.90724974,1200,1.62,5.2,3.8,9,"Increased from 1175-1200 due to lift off of trawl possibly due to more buoyant PE bag
","Lift off for 1-2min, reduced speed to 3.7kts temprarily and increased warp to 1200m",03:20.3
2398,IGFS2008,PO497,101010101,749.2,772.9,91,1,Groundgear_A,Long,33D7,A,04/11/2008 14:35,30,52.056,-12.144,52.024,-12.132,VIIjSlope,151,21,4,1.96980113,3.654547552,0.55183668,Y,28.54495218,2100,1.36,3,6,7,Deep tow outside survey area,NA,03:20.3
2399,IGFS2008,FG74,101010101,503,577.5,92,1,Groundgear_A,Long,33D8,V,04/11/2008 17:11,30,52.003,-11.801,51.971,-11.801,VIIjSlope,123,24,4.4,1.919135099,3.560547493,0.437947342,Y,22.90724974,1565,1.63,3.4,6.7,5,Increased depth from 507-577.5m so increased warp from 1515 to 1565 to counteract lift off,70m increase in depth so slowed back and increased warp to 1565 due to lift off.,03:20.3
2400,IGFS2008,71,101010101,56.5,65,93,1,Groundgear_A,Short,33D9,V,05/11/2008 7:33,30,52.021,-10.324,52,-10.366,VIIjCoast,77.6,20.03,5.9,2.000561445,3.711616781,0.288021462,Y,22.1293622,290,0.91,2.8,4.2,10,Warp increased 280-290m due to unstable readings,NA,03:20.3
2401,IGFS2008,71,101010101,58.7,66.1,94,1,Groundgear_A,Short,33D9,A,05/11/2008 9:46,30,52.019,-10.333,52,-10.376,VIIjCoast,77.4,18.8,4.9,1.957303236,3.631360364,0.281067292,Y,22.06932443,290,0.88,2.5,2.1,6,"Repeat intracalibration tow of previous - footrope increased by 65-70kg, bottom bridle adjusted by 3 links",Repeat calibration tow done after additon of 65-70kg of chain to footrope to increase contact & benthis component of catches. Footrope adjusted by 3 links then back to 1 link in subsequent tow.,03:20.3
2402,IGFS2008,FG68,101010101,122,128.4,95,1,Groundgear_A,Long,32D9,V,05/11/2008 12:09,30,51.853,-10.766,51.82,-10.763,VIIjDeep,131,22.7,4.4,1.98219319,3.677538386,0.481757529,Y,24.49141937,760,3.42,6.5,10.8,6,"Nil
",NA,03:20.3
2403,IGFS2008,FG67,101010101,161.2,162.3,96,1,Groundgear_A,Long,32D8,V,05/11/2008 15:22,30,51.852,-11.028,51.877,-11.064,VIIjDeep,110,20,4.5,2.008608226,3.726545873,0.409920046,Y,20.37122395,590,2.02,3.4,5.1,7,Sensor bunjee fouled so hauled back and re-shoot,NA,03:20.3
2404,IGFS2008,38,101010101,140.8,141,97,1,Groundgear_A,Long,33D9,V,05/11/2008 17:13,30,52.014,-10.938,52.046,-10.921,VIIjDeep,110,20,4.8,2.019558987,3.746862685,0.412154895,Y,20.37122395,525,4.28,2.5,10.3,9,"Nil
",NA,03:20.3
2405,IGFS2008,FG73,101010101,222.4,224,98,1,Groundgear_A,Long,32D8,V,06/11/2008 7:29,30,51.783,-11.403,51.751,-11.401,VIIjSlope,118,20.7,4.4,1.920505312,3.563089634,0.420444577,Y,21.92655208,735,3.27,3.8,13.4,25,"Nil
",NA,03:20.3
2406,IGFS2008,FG72,101010101,419.1,435,99,1,Groundgear_A,Long,32D8,V,06/11/2008 9:44,34,51.74,-11.679,51.707,-11.654,VIIjSlope,125,21.9,4.3,2.187124448,4.057744802,0.5072181,Y,23.30150455,1275,4.16,6.4,11.3,22,"Nil
",NA,03:20.3
2407,IGFS2008,FG28,101010101,238.9,235.8,100,1,Groundgear_A,Long,32D8,V,06/11/2008 12:06,30,51.636,-11.396,51.603,-11.387,VIIjSlope,122,21.9,4.4,2.007300444,3.724119562,0.454342587,Y,22.71055277,760,4.77,7.6,13.9,19,"Nil
",NA,03:20.3
2408,IGFS2008,FG157,101010101,248.9,252.7,101,1,Groundgear_A,Long,31D8,V,06/11/2008 14:28,30,51.426,-11.388,51.459,-11.395,VIIjSlope,131,22.7,4.4,1.996235212,3.703590375,0.485170339,Y,24.49141937,760,3.42,6.5,10.8,16,"Nil
",NA,03:20.3
2409,IGFS2008,FG3,101010101,185.4,187.4,102,1,Groundgear_A,Long,32D8,V,06/11/2008 16:51,30,51.594,-11.096,51.622,-11.126,VIIjDeep,116,20.2,4.5,2.01849794,3.744894137,0.43440772,Y,21.53617584,645,3.57,9.2,6.7,21,"Nil
",NA,03:20.3
2410,IGFS2008,64,101010101,102.7,104.4,103,1,Groundgear_A,Long,3.10E+02,V,07/11/2008 7:28,30,51.26,-8.68,51.262,-8.73,VIIgMedium,118,21.2,4.6,1.885012887,3.497240978,0.412674435,Y,21.92655208,425,7.26,25.4,5.7,34,"Nil
",NA,03:20.3
2411,IGFS2008,CC310,101010101,103,106.9,104,1,Groundgear_A,Long,3.10E+02,V,07/11/2008 9:35,30,51.206,-8.532,51.186,-8.573,VIIgMedium,112,19.4,4.2,1.95565239,3.62829757,0.406369328,Y,20.75853772,425,6.21,15.4,9.9,23,"Nil
",NA,03:20.3
2412,IGFS2008,FG16,101010101,107.9,108.7,105,1,Groundgear_A,Long,3.10E+02,V,07/11/2008 12:04,30,51.109,-8.216,51.092,-8.259,VIIgMedium,117,21.7,4.3,1.916963953,3.556519393,0.416112769,Y,21.73123144,430,7.79,15.12,18.8,24,"Nil
",NA,03:20.3
2413,IGFS2008,FG140,101010101,100.8,103.3,106,1,Groundgear_A,Long,3.10E+02,V,07/11/2008 14:03,30,51.035,-8.071,51.022,-8.116,VIIgMedium,116,22.4,4.4,1.871656877,3.472461738,0.402805562,Y,21.53617584,425,6.1,13.8,12.5,23,"Nil
",NA,03:20.3
2414,IGFS2008,FG35,101010101,105.5,107.3,107,1,Groundgear_A,Long,3.00E+03,V,07/11/2008 16:41,30,50.907,-7.75,50.884,-7.785,VIIgMedium,114,20.9,4.5,1.914045255,3.55110437,0.404825898,Y,21.14684645,425,4.72,10.5,6.5,16,"Nil
",NA,03:20.3
2415,IGFS2008,FG36,101010101,92.3,102.2,108,1,Groundgear_A,Long,3.10E+03,V,08/11/2008 7:16,29,51.058,-7.516,51.038,-7.558,VIIgMedium,112,20.3,4.4,1.98956767,3.691220167,0.413416659,Y,20.75853772,400,3.38,10.5,6.5,16,"Nil
",NA,03:20.3
2416,IGFS2008,FG23,101010101,106.3,104.2,109,1,Groundgear_A,Long,3.10E+03,V,08/11/2008 9:30,29,51.182,-7.408,51.158,-7.445,VIIgMedium,115,20.1,4.4,2.004171569,3.718314598,0.427606179,Y,21.34138194,425,2.96,10.1,6.5,25,"Nil
",NA,03:20.3
2417,IGFS2008,FG15,101010101,91.2,90.4,110,1,Groundgear_A,Long,3.10E+03,V,08/11/2008 11:31,30,51.33,-7.427,51.351,-7.469,VIIgMedium,122,23.6,4.6,2.018476552,3.744854456,0.456872244,Y,22.71055277,400,2.96,11.3,8.5,26,"Nil
",NA,03:20.3
2418,IGFS2008,FG37,101010101,91.6,93.3,111,1,Groundgear_A,Long,3.10E+03,V,09/11/2008 13:44,30,51.362,-7.752,51.337,-7.781,VIIgMedium,112,21.9,5,1.852942166,3.437740567,0.385026944,Y,20.75853772,400,3.8,14.5,7.6,35,"Nil
",NA,03:20.3
2419,IGFS2008,FG177,101010101,28.4,34.8,112,1,Groundgear_A,Short,3.30E+03,V,09/11/2008 7:25,30,52.061,-7.481,52.029,-7.497,VIIgCoast,75,17.4,4.9,2.008293746,3.725962423,0.279447182,Y,21.35083196,200,1.59,7.6,5.6,22,"Nil
",NA,03:20.3
2420,IGFS2008,33A,101010101,55.9,59.9,113,1,Groundgear_A,Short,3.30E+04,V,09/11/2008 10:51,30,52.003,-6.755,51.973,-6.736,VIIgCoast,80.6,26.6,4.8,1.931844331,3.584126774,0.288880618,Y,23.033056,275,3.75,9.5,11.4,22,"Nil
",NA,03:20.3
2421,IGFS2008,FG25,101010101,80.8,78.4,114,1,Groundgear_A,Short,3.30E+04,V,09/11/2008 13:43,30,52.015,-6.217,52.005,-6.264,VIIgCoast,84,19.7,4.5,1.839919541,3.413579853,0.286740708,Y,24.0646376,350,4.77,19.5,6.3,19,"Nil
",NA,03:20.3
2422,IGFS2008,53A,101010101,63.2,75.3,115,1,Groundgear_A,Short,3.20E+02,V,10/11/2008 7:23,30,51.639,-8.255,51.606,-8.253,VIIgCoast,78.4,19.1,4.8,1.980392366,3.674197339,0.288057071,Y,22.36977022,285,2.29,6.9,3.8,24,"Nil
",NA,03:20.3
2423,IGFS2008,FG51,101010101,93.8,94.2,116,1,Groundgear_A,Long,3.10E+02,V,10/11/2008 10:13,30,51.348,-8.105,51.353,-8.156,VIIgMedium,117,20.5,4.8,1.938418314,3.596323403,0.420769838,Y,21.73123144,390,3.53,11.3,4.9,22,"Nil
",NA,03:20.3
2424,IGFS2008,FG166,101010101,88.3,89.9,117,1,Groundgear_A,Long,3.10E+03,V,10/11/2008 13:36,30,51.427,-7.586,51.406,-7.626,VIIgMedium,117,20.4,4.7,1.95843698,3.633463784,0.425115263,Y,21.73123144,390,3.53,11.3,4.9,27,"Nil
",NA,03:20.3
2425,IGFS2008,FG178,101010101,80.7,81.9,118,1,Groundgear_A,Long,3.20E+03,V,10/11/2008 16:00,30,51.59,-7.464,51.585,-7.516,VIIgCoast,111,20.88,NA,1.965554758,3.64666931,0.404780293,Y,32.60436411,365,3.1,9.1,4.2,21,"Nil
",Originally flagged as VIIgMedium probably due to old Strata Shapefile,03:20.3
2426,IGFS2008,FG33,101010101,70,72.2,119,1,Groundgear_A,Short,32D9,V,11/11/2008 7:30,30,51.517,-10.025,51.497,-10.067,VIIjCoast,82.5,22.3,4.8,1.977087726,3.668066281,0.302615468,Y,23.60852899,275,2.06,5.6,4.2,19,"Nil
",NA,03:20.3
2427,IGFS2008,FG9,101010101,54.5,48.4,120,1,Groundgear_A,Short,3.10E+01,V,11/11/2008 9:45,30,51.446,-9.69,51.458,-9.64,VIIjCoast,82.5,22.3,4.8,2.00684267,3.723270259,0.307169796,Y,23.60852899,275,2.06,8.9,15.9,19,"Nil
",NA,03:20.3
2428,IGFS2008,FG10,101010101,106.2,111.9,121,1,Groundgear_A,Long,3.10E+01,V,11/11/2008 11:59,30,51.262,-9.788,51.237,-9.821,VIIjMedium,106,20.3,4.7,1.946719086,3.611723721,0.382842714,Y,19.5994811,425,4.32,8.9,15.9,20,"Nil
",NA,03:20.3
2429,IGFS2008,MB20,101010101,122.1,126,122,1,Groundgear_A,Long,3.10E+01,V,11/11/2008 14:04,30,51.132,-9.594,51.098,-9.593,VIIjMedium,108,21.7,4.6,2.03912565,3.783164472,0.408581763,Y,19.98487997,480,4.55,7.8,21.1,14,"Nil
","Not sure why the tide figure is so high. Sodena settings ok though.
",03:20.3
2430,IGFS2008,FG179,101010101,88.1,88.3,123,1,Groundgear_A,Long,3.10E+02,V,12/11/2008 7:21,30,51.44,-8.938,51.44,-8.885,VIIgCoast,107,19.2,4.7,1.986310915,3.68517795,0.394314041,Y,31.29318503,370,9.1,2.4,3.4,8,"Nil
",NA,03:20.3
2431,IGFS2008,FG183,101010101,92.2,92.7,124,1,Groundgear_A,Long,3.10E+02,V,12/11/2008 9:23,30,51.446,-8.548,51.461,-8.501,VIIgMedium,104,21.14,4.6,1.977367849,3.66858599,0.381532943,Y,19.21500312,400,1.04,2.4,2.2,7,"Nil
",NA,03:20.3
2432,IGFS2008,FG185,101010101,98.2,97.5,125,1,Groundgear_A,Long,3.10E+02,V,14/11/2008 7:27,30,51.325,-8.579,51.308,-8.533,VIIgMedium,106,18.9,4.6,2.006820417,3.723228975,0.394662271,Y,19.5994811,385,0.99,4.5,5.4,15,"Nil
",NA,03:20.3
2433,IGFS2008,FG184,101010101,103.9,104.6,126,1,Groundgear_A,Long,3.10E+02,A,14/11/2008 9:55,30,51.142,-8.176,51.145,-8.125,VIIgMedium,103,19.1,4.4,1.9320985,3.58459833,0.369213628,Y,19.02310202,395,0.65,3,2,17,"Nil
",NA,03:20.3
2434,IGFS2008,FG181,101010101,107.4,109,127,1,Groundgear_A,Long,3.10E+02,V,14/11/2008 12:51,30,51.091,-8.611,51.073,-8.655,VIIgMedium,111,19.7,4.6,1.98161706,3.676469498,0.408088114,Y,20.56475805,405,1.46,4.8,3.9,1.4,"Nil
",NA,03:20.3
2435,IGFS2008,FG180,101010101,110.6,111.9,128,1,Groundgear_A,Long,3.10E+02,V,14/11/2008 15:03,30,51.186,-8.854,51.176,-8.904,VIIgMedium,109,19,4.4,1.977563116,3.668948268,0.399915361,Y,20.17793229,410,1.92,6.4,6.3,18,"Nil
",NA,03:20.3
2436,IGFS2008,FG158,101010101,365,364.5,129,1,Groundgear_A,Long,31D8,V,15/11/2008 7:38,30,51.283,-11.475,51.25,-11.464,VIIjSlope,127,22.7,4.2,2.021668489,3.750776418,0.476348605,Y,23.6969313,1150,3.85,7.9,16.5,17,"Nil
",NA,03:20.3
2437,IGFS2008,FG125,101010101,403.4,340.4,130,1,Groundgear_A,Long,31D8,V,15/11/2008 9:45,30,51.108,-11.415,51.085,-11.378,VIIjSlope,127,22.7,4.3,1.963120534,3.642153124,0.462553447,Y,23.6969313,1150,3.85,7.9,16.5,14,Sloping contour - warp adjusted,NA,03:20.3
2438,IGFS2008,FG159,101010101,184.8,185,131,1,Groundgear_A,Long,31D8,V,15/11/2008 12:04,29,51.09,-11.071,51.058,-11.072,VIIjDeep,116,20.1,4.7,1.919206582,3.560680114,0.413038893,Y,21.53617584,610,4.55,6.8,16.8,18,"Nil
",NA,03:20.3
2439,IGFS2008,FG124,101010101,245,235.4,132,1,Groundgear_A,Long,30D8,V,15/11/2008 14:12,30,50.883,-11.11,50.85,-11.106,VIIjSlope,124,22.4,4.4,1.984540342,3.681893028,0.456554735,Y,23.10423247,760,4.09,6.1,13.5,17,"Nil
",NA,03:20.3
2440,IGFS2008,FG6,101010101,178.1,174,133,1,Groundgear_A,Long,30D9,V,15/11/2008 15:55,30,50.846,-10.884,50.845,-10.832,VIIjDeep,114,20.5,NA,1.974937969,3.664077865,0.417704877,Y,21.14684645,580,2.19,6.3,9.5,13,Trawlsounder died - needs charging,NA,03:20.3
2441,IGFS2008,81,101010101,263.8,257.4,134,1,Groundgear_A,Long,30D8,V,16/11/2008 7:36,30,50.743,-11.047,50.716,-11.022,VIIjSlope,115,19.3,4.4,1.877783878,3.483829088,0.400640345,Y,21.34138194,795,2.66,4.6,8.2,8,"Nil
",NA,03:20.3
2442,IGFS2008,FG62,101010101,260.7,259.6,135,1,Groundgear_A,Long,30D9,V,16/11/2008 9:40,30,50.543,-10.922,50.514,-10.898,VIIjSlope,117,28.4,4.3,1.965885131,3.647282246,0.426732023,Y,21.73123144,920,2.02,4.3,10.4,8,"Nil
",NA,03:20.3
2443,IGFS2008,FG61,101010101,240,244.1,136,1,Groundgear_A,Long,29D9,V,16/11/2008 11:34,30,50.381,-10.862,50.352,-10.886,VIIjSlope,117,21.1,NA,1.967307769,3.64992165,0.427040833,Y,21.73123144,730,2.67,6.2,8.4,8,"Nil
",NA,03:20.3
2444,IGFS2008,FG64,101010101,505.5,502.1,137,1,Groundgear_A,Long,29D8,V,16/11/2008 13:39,30,50.272,-11.095,50.241,-11.112,VIIjSlope,128,22.3,4.3,1.970131867,3.655161164,0.467860629,Y,23.89509335,1505,2.24,4.7,7.3,6,"Nil
",NA,03:20.3
2445,IGFS2008,FG30,101010101,161.3,163.9,138,1,Groundgear_A,Long,29D9,V,17/11/2008 7:37,31,50.35,-10.554,50.378,-10.583,VIIjDeep,111,20.3,4.6,2.013766743,3.736116407,0.414708921,Y,20.56475805,540,2.92,6.6,5.8,18,"Nil
",NA,03:20.3
2446,IGFS2008,FG63,101010101,171.4,168.5,139,1,Groundgear_A,Long,30D9,V,17/11/2008 9:56,31,50.576,-10.662,50.58,-10.61,VIIjDeep,116,20.1,4.4,1.999728125,3.710070734,0.430368205,Y,21.53617584,580,2.08,6.4,5.5,20,"Nil
",NA,03:20.3
2447,IGFS2008,FG54,101010101,145.1,141.1,140,1,Groundgear_A,Long,30D9,V,17/11/2008 12:59,30,50.512,-10.067,50.5,-10.019,VIIjMedium,115,20.4,4.7,1.971359374,3.657438541,0.420605432,Y,21.34138194,520,2.19,8.1,8.5,20,"Nil
",NA,03:20.3
2448,IGFS2008,FG161,101010101,127.5,128.4,141,1,Groundgear_A,Long,2.90E+01,V,17/11/2008 15:26,30,50.346,-9.76,50.36,-9.712,VIIjDeep,114,20.6,4.6,2.023595138,3.754350905,0.427996003,Y,21.14684645,470,2.01,5,9,23,"Nil
",NA,03:20.3
2449,IGFS2008,FG55,101010101,129.7,130.2,142,1,Groundgear_A,Long,3.00E+01,V,18/11/2008 7:32,31,50.58,-9.505,50.602,-9.465,VIIjMedium,111,20.1,4.4,2.017646375,3.743314239,0.415507881,Y,20.56475805,455,3.68,6.5,18.8,18,"Nil
",NA,03:20.3
2450,IGFS2008,CC306,101010101,123.6,125.3,143,1,Groundgear_A,Long,3.00E+02,V,18/11/2008 10:28,30,50.623,-8.908,50.601,-8.871,VIIgMedium,109,20,4.6,1.931996737,3.58440953,0.390700639,Y,20.17793229,450,2.83,8.9,7,17,"Nil
",NA,03:20.3
2451,IGFS2008,FG12,101010101,122.8,122,144,1,Groundgear_A,Long,3.00E+02,V,18/11/2008 12:28,30,50.558,-8.614,50.589,-8.595,VIIgMedium,111,21.4,4.6,1.995270769,3.701801055,0.410899917,Y,20.56475805,445,3.15,6.4,12.1,19,"Nil
",NA,03:20.3
2452,IGFS2008,FG14,101010101,124,124.6,145,1,Groundgear_A,Long,3.00E+02,V,18/11/2008 14:53,31,50.624,-8.242,50.642,-8.202,VIIgMedium,111,20.3,4.6,1.868572024,3.466738449,0.384807968,Y,20.56475805,445,1.93,4.8,8.6,20,"Nil
",NA,03:20.3
2453,IGFS2008,FG133,101010101,122.8,121.6,146,1,Groundgear_A,Long,3.00E+02,V,19/11/2008 8:24,30,50.52,-8.062,50.536,-8.02,VIIgMedium,117,21.1,NA,1.870023348,3.469431073,0.405923436,Y,21.73123144,440,1.65,5,7.9,15,"Changed all sensor ID's to solve Pescawin problem, but having TEY problems now. All readings half normal i.e. 2m headline.",NA,03:20.3
2454,IGFS2008,FG53,101010101,113.2,111.8,147,1,Groundgear_A,Long,3.00E+03,V,19/11/2008 10:19,30,50.701,-7.889,50.72,-7.85,VIIgMedium,111,19.7,4.4,1.871485828,3.472144392,0.385408028,Y,20.56475805,415,1.62,3.8,7.2,0.3,"Nil
",NA,03:20.3
2455,IGFS2008,MB30,101010101,110.9,112.4,148,1,Groundgear_A,Long,3.00E+03,V,19/11/2008 12:15,30,50.638,-7.613,50.606,-7.602,VIIgMedium,116,20.8,4.6,1.964025521,3.643832135,0.422684528,Y,21.53617584,415,1.55,4,8,16,"Nil
",NA,03:20.3
2456,IGFS2008,CC307,101010101,107.1,105.9,149,1,Groundgear_A,Long,3.00E+03,V,19/11/2008 14:16,30,50.65,-7.34,50.646,-7.289,VIIgMedium,108,18.9,4.4,1.958964941,3.634443304,0.392519877,Y,19.98487997,410,1.31,4.5,3,18,"Still having TEY problems so am reverting to old sensor ID's.
",NA,03:20.3
2457,IGFS2008,110,101010101,77.3,79.1,150,1,Groundgear_A,Short,3.20E+04,V,20/11/2008 7:29,31,51.61,-6.518,51.579,-6.498,VIIgCoast,78.5,19.4,4.8,2.003511413,3.717089821,0.291791551,Y,22.39985033,340,1.38,3.2,5.1,18,"Nil
",NA,03:20.3
2458,IGFS2008,FG139,101010101,77.3,79.1,151,1,Groundgear_A,Long,3.20E+04,V,20/11/2008 9:27,30,51.585,-6.209,51.617,-6.189,VIIgMedium,110,20.2,4.7,2.059240681,3.820483639,0.4202532,Y,20.37122395,430,0.92,3.9,3.2,14,"Nil
",NA,03:20.3
2459,IGFS2008,FG48,101010101,103.6,100.9,152,1,Groundgear_A,Long,3.10E+04,V,20/11/2008 11:50,30,51.4,-6.015,51.367,-6.012,VIIgMedium,108,21.36,4.3,1.982102857,3.677370793,0.397156046,Y,19.98487997,410,1.35,3.2,3.2,16,"Nil
",NA,03:20.3
2460,IGFS2008,112,101010101,111.2,108.3,153,1,Groundgear_A,Long,3.10E+04,V,20/11/2008 14:30,30,51.218,-6.337,51.25,-6.333,VIIgMedium,105,24.9,NA,1.924786965,3.571033331,0.3749585,Y,19.40712849,415,1.51,2.7,3.5,21,Trawl sounder died from start of tow.,NA,03:20.3
2461,IGFS2008,FG40,101010101,84.7,86,154,1,Groundgear_A,Long,3.10E+04,V,20/11/2008 16:58,30,51.365,-6.675,51.365,-6.727,VIIgMedium,106,23.1,4.5,1.952023489,3.621564915,0.383885881,Y,19.5994811,345,0.84,3.1,2.6,25,"Nil
",NA,03:20.3
2462,IGFS2008,CC425,101010101,136.1,136.2,155,1,Groundgear_A,Long,2.90E+01,C,21/11/2008 12:52,29,50.138,-9.712,50.135,-9.662,VIIjDeep,112,21.7,NA,1.935101292,3.590169373,0.40209897,Y,20.75853772,385,2.96,7.1,12.4,24,"Nil
",NA,03:20.3
2463,IGFS2008,CC425,101010101,142.5,146.2,156,1,Groundgear_A,Long,2.90E+01,A,20/11/2008 12:52,29,50.138,-9.712,50.135,-9.662,VIIjDeep,117,21,4.8,1.935101292,3.590169373,0.420049817,Y,21.73123144,510,2.9,9.3,4,18,"Nil
",NA,03:20.3
2464,IGFS2008,CC436,101010101,123.8,123.6,157,1,Groundgear_A,Long,3.00E+01,C,22/11/2008 10:45,30,50.746,-9.944,50.753,-9.892,VIIjDeep,113,20.6,4.8,2.022115285,3.751605352,0.423931405,Y,20.95256612,450,3.05,7.1,10.3,21,"Nil
",NA,03:20.3
2465,IGFS2008,CC437,101010101,128.5,126.1,158,1,Groundgear_A,Long,3.00E+01,C,22/11/2008 13:49,30,50.752,-9.267,50.756,-9.215,VIIjMedium,114,21.78,4.8,1.992374848,3.69642829,0.421392825,Y,21.14684645,455,1.92,5.8,8.8,21,"Nil
",NA,03:20.3
2466,IGFS2008,CC431,101010101,128.6,133.4,159,1,Groundgear_A,Long,2.90E+01,C,22/11/2008 16:30,30,50.469,-9.36,50.436,-9.361,VIIjDeep,112,20.3,4.8,1.978956599,3.671533579,0.411211761,Y,20.75853772,455,2.37,7,9,19,"Nil
",NA,03:20.3
2467,IGFS2008,CC330,101010101,105.2,103.5,160,1,Groundgear_A,Long,3.10E+02,A,23/11/2008 7:50,31,51.187,-8.569,51.209,-8.527,VIIgMedium,110,20.3,4.7,2.060152666,3.822175632,0.42043932,Y,20.37122395,400,1.63,6.3,4.7,24,"Nil
",NA,03:20.3
2468,IGFS2008,54A,101010101,89.7,88.9,161,1,Groundgear_A,Long,3.10E+02,A,23/11/2008 10:15,30,51.436,-8.515,51.445,-8.464,VIIgMedium,105,20.2,4.6,1.986072501,3.684735623,0.38689724,Y,19.40712849,375,0.98,5.5,2.4,28,"Nil
",NA,03:20.3
2469,IGFS2008,CN205,101010101,78.2,73.6,162,1,Groundgear_A,Long,3.20E+02,C,23/11/2008 13:14,30,51.688,-8.024,51.711,-7.988,VIIgCoast,111,21.9,4.6,1.92411214,3.569781335,0.396245728,Y,32.60436411,335,0.52,2.8,3.7,25,"Nil
",NA,03:20.3
2470,IGFS2008,CN204,101010101,79.7,79.7,163,1,Groundgear_A,Short,3.20E+03,A,23/11/2008 16:07,30,51.621,-7.445,51.636,-7.4,VIIgCoast,105,19.8,NA,1.905261732,3.534808408,0.371154883,Y,30.64443087,350,1.95,6.5,5.4,34,Trawlsounder giving strange readings,NA,03:20.3
2471,IGFS2008,FG46,101010101,74.8,76.3,164,1,Groundgear_A,Short,3.20E+03,C,24/11/2008 15:40,30,51.832,-7.069,51.801,-7.089,VIIgCoast,80.8,19.4,4.6,2.002219953,3.71469379,0.300147258,Y,23.09351533,330,1.03,4.7,4.8,24,"Nil
",NA,03:20.3
2472,IGFS2008,CN307,101010101,85.4,83.9,165,1,Groundgear_A,Long,3.10E+05,C,25/11/2008 8:00,30,51.439,-5.789,51.406,-5.775,VIIgMedium,101,18.7,4.8,2.047344023,3.798411917,0.383639604,Y,18.63996097,350,1.64,6.3,6.3,19,"Nil
",NA,03:20.3
2473,IGFS2008,CN203,101010101,66.2,67.9,166,1,Groundgear_A,Short,3.10E+05,C,25/11/2008 11:02,30,51.449,-5.265,51.416,-5.266,VIIgCoast,80,20.8,4.7,1.979275198,3.672124671,0.293769974,Y,22.85184029,300,8,3.6,2.7,17,"Nil
",NA,03:20.3
2474,IGFS2008,CN201,101010101,72.9,76.4,167,1,Groundgear_A,Short,3.10E+05,C,25/11/2008 13:45,30,51.086,-5.086,51.092,-5.137,VIIgCoast,79.1,26.9,4.9,1.959286525,3.635039935,0.287531659,Y,22.58046815,335,1.11,4.3,2.9,12,"Nil
",NA,03:20.3
2475,IGFS2008,44,101010101,79.4,79.5,168,1,Groundgear_A,Short,3.10E+05,C,25/11/2008 16:21,29,51.25,-5.501,51.277,-5.529,VIIgCoast,79.1,26.9,4.9,1.93159565,3.583665399,0.283467933,Y,22.58046815,335,1.11,4.3,2.9,15,"Nil
",NA,03:20.3
2476,IGFS2008,FG59,101010101,119.9,117.8,169,1,Groundgear_A,Long,3.00E+01,V,26/11/2008 7:50,30,50.977,-9.207,50.982,-9.259,VIIjMedium,105,19.5,4.9,1.991069578,3.694006639,0.387870697,Y,19.40712849,420,1.01,2.9,1.9,11,"Nil
",NA,03:20.3
2477,IGFS2008,FG163,101010101,119.3,119.8,170,1,Groundgear_A,Long,3.00E+01,V,26/11/2008 9:58,30,50.836,-9.543,50.833,-9.595,VIIjDeep,106,20.2,NA,1.982668748,3.678420683,0.389912592,Y,19.5994811,435,1.11,3.5,3,11,"Nil
",NA,03:20.3
2478,IGFS2008,COD5,101010101,125.8,124.3,171,1,Groundgear_A,Long,3.10E+01,V,26/11/2008 13:16,31,51.148,-9.949,51.178,-9.95,VIIjMedium,106,19.6,4.5,1.799330193,3.33827494,0.353857144,Y,19.5994811,460,1.26,3.5,4,9,"Nil
",NA,03:20.3
2479,IGFS2008,FG66,101010101,133.1,131.9,172,1,Groundgear_A,Long,31D9,V,26/11/2008 15:43,30,51.043,-10.233,51.009,-10.233,VIIjDeep,110,19.6,4.6,2.038745106,3.782458452,0.41607043,Y,20.37122395,480,1.12,8.9,4.2,11,"Nil
",NA,03:20.3
2480,IGFS2008,FG4,101010101,166.3,166.8,173,1,Groundgear_A,Long,31D9,V,27/11/2008 7:52,31,51.451,-10.789,51.478,-10.818,VIIjDeep,117,20.1,4.4,1.94975506,3.617356326,0.42323069,Y,21.73123144,575,4.2,10.9,7.2,25,"Nil
",NA,03:20.3
2481,IGFS2008,42,101010101,155.5,157,174,1,Groundgear_A,Long,32D9,V,27/11/2008 9:59,30,51.634,-10.809,51.662,-10.836,VIIjDeep,122,22.6,4.4,1.958102772,3.632843733,0.443206935,Y,22.71055277,785,5.85,11.7,15.4,22,"Nil
",NA,03:20.3
2482,IGFS2008,FG71,101010101,254.8,256.3,175,1,Groundgear_A,Long,32D8,V,27/11/2008 14:51,31,51.893,-11.527,51.926,-11.521,VIIjSlope,122,22.6,4.6,1.991555819,3.694908755,0.450778868,Y,22.71055277,785,5.85,11.7,15.4,23,"Nil
",NA,03:20.3
2483,IGFS2008,70,101010101,102.6,98.2,176,1,Groundgear_A,Long,34D9,V,28/11/2008 7:50,30,52.525,-10.337,52.554,-10.315,VIIbMedium,107,21.34,4.6,1.916443423,3.555553661,0.380444242,Y,19.79206392,405,6.03,6.8,22.2,10,"Nil
",NA,03:20.3
2484,IGFS2008,66,101010101,54.6,62.6,177,1,Groundgear_A,Short,3.40E+01,V,28/11/2008 11:33,30,52.773,-9.622,52.805,-9.608,VIIbCoast,71.4,19.96,4.9,1.985762158,3.684159848,0.263049013,Y,20.27961496,275,5.89,5,22.2,5,"Nil
",NA,03:20.3
2485,IGFS2009,22,101010101,125,118,1,1,Groundgear_A,Long,37D9,V,26/09/2009 8:51,26,54.293,-10.352,54.304,-10.306,VIIbMedium,107,21.73,4.5,1.743930054,3.235491751,0.346197617,Y,19.79206392,500,2.03,5.3,11.4,13,test tow -  Door spread 107 meters,Tesr tow,03:20.3
2486,IGFS2009,MB11,101020101,99,98,2,1,Groundgear_D,Short,3.80E+01,V,26/09/2009 11:49,30,54.502,-9.711,54.506,-9.66,VIaMedium,90,20,4.6,1.796867362,3.333705681,0.300033511,Y,16.54749928,400,2.78,6.9,10.6,20,Shoot position in VIIb but should count as VIa,Shoot position in VIIb but haul should be allocated to VIa,03:20.3
2487,IGFS2009,26,101020101,100,101,3,1,Groundgear_D,Long,3.80E+01,V,26/09/2009 14:12,30,54.774,-9.635,54.801,-9.604,VIaMedium,99.9,21,NA,1.944213899,3.60707588,0.36034688,Y,18.4296024,395,3.43,5.5,19.3,23,Nill,NA,03:20.3
2488,IGFS2009,27,101020101,94,90,4,1,Groundgear_D,Long,3.90E+01,V,26/09/2009 16:51,30,55.001,-9.423,54.968,-9.398,VIaMedium,104,21.17,4.4,2.15985944,4.007160371,0.416744679,Y,19.21500312,104,8.46,6.1,18.9,21,Nill     -,NA,03:20.3
2489,IGFS2009,14,101020101,33,44,5,1,Groundgear_D,Short,3.80E+02,V,27/09/2009 5:41,30,54.584,-8.345,54.568,-8.395,VIaCoast,79,18.96,4.4,1.989687984,3.691443385,0.291624027,Y,22.55034879,242,0.56,2.3,1.4,12,Nill,not sure about door sensor reading. might be spurious,03:20.3
2490,IGFS2009,15,101020101,57,63,6,1,Groundgear_D,Short,3.80E+02,V,27/09/2009 7:11,30,54.519,-8.52,54.517,-8.575,VIaCoast,80,18.9,4.5,1.92352634,3.568694508,0.285495561,Y,22.85184029,280,1.44,7.1,5.1,16,Nil,NA,03:20.3
2491,IGFS2009,MB9,101020101,85,86,7,1,Groundgear_D,Long,3.80E+02,V,27/09/2009 9:10,30,54.555,-8.823,54.538,-8.868,VIaCoast,108,20.9,NA,1.871928155,3.472965037,0.375080224,Y,31.61923712,366,3.5,7.1,11.7,18,Nil,NA,03:20.3
2492,IGFS2009,MB44,101020101,70,71,8,1,Groundgear_D,Short,3.80E+02,V,27/09/2009 12:07,30,54.858,-8.83,54.872,-8.774,VIaCoast,85,21.8,4.1,2.112296722,3.918917852,0.333108017,Y,24.36961121,300,3.72,7.7,11.4,20,Hard ground at NE end of tow. Tow track too short,Hard ground at NE end of station. track too short for towing at 4knots. ,03:20.3
2493,IGFS2009,MB43,101020101,65,61,9,1,Groundgear_D,Short,3.90E+02,I,27/09/2009 14:22,27,55.066,-8.536,55.085,-8.518,VIaCoast,89,20.9,4.4,1.297618157,2.407454836,0.21426348,Y,25.59701948,300,4.65,6.8,21.2,20,"Tow was too short, ger reckons there is hard ground on either side.",NA,03:20.3
2494,IGFS2009,mar-04,101020101,88,94,10,1,Groundgear_D,Long,3.90E+01,V,27/09/2009 17:22,30,55.084,-9.001,55.113,-9.013,VIaMedium,120,21.6,4.2,1.788442357,3.318074875,0.398168985,Y,22.31800195,380,5.45,11.2,13.4,23,"Nil
",NA,03:20.3
2495,IGFS2009,28,101020101,116,121,11,1,Groundgear_D,Long,3.90E+01,V,28/09/2009 5:41,30,55.118,-9.51,55.109,-9.56,VIaMedium,120,20.5,4.4,1.802568347,3.344282648,0.401313918,Y,22.31800195,420,3.22,9.7,9.9,22,"Nil
",NA,03:20.3
2496,IGFS2009,FG108,101020101,241,240,12,1,Groundgear_D,Long,39D9,V,28/09/2009 9:09,30,55.075,-10.074,55.103,-10.049,VIaDeep,120,20.9,4.2,1.887619839,3.502077623,0.420249315,Y,22.31800195,784,4.18,7.3,24.1,20,"Nil
",NA,03:20.3
2497,IGFS2009,FG109,101020101,251,247,13,1,Groundgear_D,Long,3.90E+01,V,28/09/2009 11:31,30,55.334,-9.857,55.359,-9.823,VIaSlope,121,22.8,4.22,1.897950402,3.521243788,0.426070498,Y,22.51413801,827,3.21,7,19,23,"Nil
",NA,03:20.3
2498,IGFS2009,FG110,101020101,250,241,14,1,Groundgear_D,Long,4.00E+01,I,28/09/2009 13:50,30,55.504,-9.492,55.522,-9.45,VIaSlope,120,22.4,4.3,1.792227171,3.325096793,0.399011615,Y,22.31800195,806,3.36,7.7,3.6,27,Tore starboard wing 5 mins before end of tow,NA,03:20.3
2499,IGFS2009,SC545,101020101,250,132,15,1,Groundgear_D,Long,3.90E+01,V,28/09/2009 17:36,29,55.407,-9.251,55.436,-9.252,VIaDeep,113,22.9,4.5,1.740553812,3.229227852,0.364902747,Y,20.95256612,482,3.24,9.5,9.8,25,"Nil
",was dark 20min into the tow,03:20.3
2500,IGFS2009,6,101020101,106,109,16,1,Groundgear_D,Long,4.00E+02,V,29/09/2009 5:38,29,55.632,-8.875,55.649,-8.913,VIaMedium,107,21.9,4.4,1.644455188,3.050937269,0.326450288,Y,19.79206392,425,2.8,10,6,22,"Nil
",NA,03:20.3
2501,IGFS2009,R213,101020101,111,111,17,1,Groundgear_D,Long,4.00E+01,V,29/09/2009 8:09,30,55.584,-9.166,55.616,-9.165,VIaMedium,109,21.5,4.3,1.920598713,3.563262918,0.388395658,Y,20.17793229,455,2.74,6.7,8.7,18,"Nil
",NA,03:20.3
2502,IGFS2009,FG111,101020101,212,270,18,1,Groundgear_D,Long,4.00E+01,V,29/09/2009 10:11,30,55.734,-9.328,55.766,-9.325,VIaSlope,116,22.3,4.3,1.923028001,3.567769946,0.413861314,Y,21.53617584,710,2.82,4.2,9,20,"Nil
",NA,03:20.3
2503,IGFS2009,FG112,101020101,243,235,19,1,Groundgear_D,Long,4.10E+01,V,29/09/2009 12:24,30,56.004,-9.216,56.035,-9.204,VIaSlope,125,23.6,4.3,1.903639582,3.531798853,0.441474857,Y,23.30150455,790,196,5.5,14.8,20,"Nil
",NA,03:20.3
2504,IGFS2009,MB23,101020101,135,137,20,1,Groundgear_D,Long,4.00E+02,V,29/09/2009 14:57,30,55.997,-8.82,56.009,-8.871,VIaDeep,113,22,4.4,1.860051813,3.450931008,0.389955204,Y,20.95256612,537,2.96,9.5,7.3,19,"Nil
",NA,03:20.3
2505,IGFS2009,FG118,101020101,129,127,21,1,Groundgear_D,Long,4.10E+02,V,29/09/2009 16:40,30,56.146,-8.804,56.16,-8.751,VIaDeep,108,21.6,4.2,1.964110599,3.64398998,0.393550918,Y,19.98487997,500,2.85,5.8,12.5,23,"Nil
",NA,03:20.3
2506,IGFS2009,2,101020101,148,128,22,1,Groundgear_D,Long,4.10E+02,V,30/09/2009 5:19,29,56.311,-8.369,56.315,-8.313,VIaDeep,107,20.3,4.6,1.883377126,3.49420617,0.37388006,Y,19.79206392,537,2.03,3,9.1,19,"Nil
",hauled a bit early to avoid unknown mark on sodena,03:20.3
2507,IGFS2009,MB48,101020101,172,171,23,1,Groundgear_D,Long,4.10E+02,V,30/09/2009 6:55,31,56.292,-8.101,56.284,-8.045,VIaDeep,122,22.5,4,1.929912187,3.580542092,0.436826135,Y,22.71055277,642,2.07,4.2,12.5,14,"Nil
",NA,03:20.3
2508,IGFS2009,MB2,101020101,94,113,24,1,Groundgear_D,Long,4.10E+03,V,30/09/2009 8:57,30,56.19,-7.79,56.215,-7.746,VIaMedium,109,22.7,4.3,2.101858699,3.899552318,0.425051203,Y,20.17793229,425,1.93,4.8,8.5,15,"Nil
",NA,03:20.3
2509,IGFS2009,FG144,101020101,153,154,25,1,Groundgear_D,Long,4.10E+03,V,30/09/2009 11:01,30,56.339,-7.616,56.332,-7.558,VIaDeep,109,22.3,4.1,1.978705145,3.671067059,0.400146309,Y,20.17793229,560,1.47,4.1,7,11,"Nil
",NA,03:20.3
2510,IGFS2009,FG142,101020101,95,90,26,1,Groundgear_D,Long,4.10E+03,V,30/09/2009 13:29,30,56.243,-7.19,56.232,-7.135,VIaMedium,99.5,19.9,4.5,1.953222993,3.62379034,0.360567139,Y,18.35317231,395,1.47,3.6,5.1,18,"Nil
",NA,03:20.3
2511,IGFS2009,SC583,101020101,78,82,27,1,Groundgear_D,Short,4.10E+04,V,30/09/2009 15:44,30,56.372,-6.794,56.402,-6.767,VIaCoast,77,20.7,4.3,2.01242992,3.733636215,0.287489989,Y,21.94932527,336,0.92,2.5,3.8,22,"Nil
",NA,03:20.3
2512,IGFS2009,FG117,101020101,72,75,28,1,Groundgear_D,Short,4.10E+04,V,01/10/2009 5:13,30,56.199,-6.778,56.186,-6.828,VIaCoast,64,18,4.8,1.846084915,3.425018396,0.219201177,Y,18.10019181,310,1.71,5.6,3.3,13,"Nil
","Towed this with a funny dogleg like in 2006, which wasnt really neccesary. 
Caught one old pot in the bridles",03:20.3
2513,IGFS2009,FG116,101020101,96,84,29,1,Groundgear_D,Short,4.10E+03,V,01/10/2009 7:13,30,56.052,-7.054,56.052,-6.994,VIaCoast,79,20.3,4.2,2.015072108,3.738538234,0.29534452,Y,22.55034879,425,1.38,4.2,5.4,13,"Nil
",NA,03:20.3
2514,IGFS2009,SC573,101020101,47,59,30,1,Groundgear_D,Short,4.00E+04,V,01/10/2009 9:13,30,55.922,-6.673,55.89,-6.683,VIaCoast,75,19.5,4.7,1.949758902,3.617363455,0.271302259,Y,21.35083196,274,1.77,3.4,7,13,"Nil
",NA,03:20.3
2515,IGFS2009,31A,101020101,53,56,31,1,Groundgear_D,Short,4.00E+03,V,01/10/2009 11:12,30,55.868,-7.064,55.839,-7.085,VIaCoast,76,18.9,4.3,1.879180982,3.486421116,0.264968005,Y,21.64976842,280,1.76,4.1,8.4,17,"Nil
","pescawin crashed , missed first 2 minutes of tow",03:20.3
2516,IGFS2009,SC575,101020101,113,115,32,1,Groundgear_D,Long,4.00E+03,V,01/10/2009 13:21,30,55.979,-7.213,55.979,-7.272,VIaMedium,111,19.8,4.7,1.985228282,3.683169354,0.408831798,Y,20.56475805,440,1.74,4.5,6.7,18,"Nil
",NA,03:20.3
2517,IGFS2009,FG93,101020101,156,161,33,1,Groundgear_D,Long,4.10E+03,V,01/10/2009 15:45,30,56.057,-7.652,56.038,-7.701,VIaDeep,110,21.1,NA,2.002239466,3.714729993,0.408620299,Y,20.37122395,507,2.04,4.8,6.4,19,"Nil
",NA,03:20.3
2518,IGFS2009,MB24,101020101,255,153,34,1,Groundgear_D,Long,4.10E+02,V,02/10/2009 5:22,30,56.041,-8.03,56.025,-8.081,VIaDeep,111,21.2,NA,1.964338049,3.644411964,0.404529728,Y,20.56475805,550,2.13,9.2,5.8,24,"Nil
",NA,03:20.3
2519,IGFS2009,FG119,101020101,140,147,35,1,Groundgear_D,Long,4.10E+02,V,02/10/2009 7:47,30,56.023,-8.41,55.994,-8.382,VIaDeep,107,20.3,4.2,1.978693113,3.671044737,0.392801787,Y,19.79206392,520,2.28,6.2,11.2,25,"Small tear in bottom of wing, stones in bag
",NA,03:20.3
2520,IGFS2009,MMMA3,101020101,137,149,36,1,Groundgear_D,Long,4.00E+02,V,02/10/2009 10:09,30,55.818,-8.365,55.826,-8.308,VIaDeep,106,20.2,4.2,1.984637516,3.682073313,0.390299771,Y,19.5994811,500,2.48,5.6,12.5,20,"Nil
",NA,03:20.3
2521,IGFS2009,FG96,101020101,174,169,37,1,Groundgear_D,Long,4.00E+03,V,02/10/2009 12:20,30,55.924,-7.971,55.91,-7.92,VIaDeep,116,21.4,4.1,1.913145949,3.549435898,0.411734564,Y,21.53617584,600,2.06,7.2,7.4,23,"Nil
",NA,03:20.3
2522,IGFS2009,MB6,101020101,136,133,38,1,Groundgear_D,Long,4.00E+03,V,02/10/2009 14:05,30,55.876,-7.662,55.861,-7.607,VIaDeep,107,20.8,4.3,2.06269766,3.826897328,0.409478014,Y,19.79206392,510,1.75,6.9,5.7,33,"Nil
",NA,03:20.3
2523,IGFS2009,31,101020101,58,57,39,1,Groundgear_D,Short,4.00E+03,V,02/10/2009 16:38,30,55.695,-7.198,55.665,-7.219,VIaCoast,78,20,4.2,1.936001989,3.591840426,0.280163553,Y,22.24951462,280,2.92,7.5,9.5,25,"Nil
",NA,03:20.3
2524,IGFS2009,COD2,101020101,79,75,40,1,Groundgear_D,Short,3.90E+04,V,04/10/2009 5:22,30,55.368,-6.828,55.368,-6.88,VIaCoast,77,20.9,4,1.777174099,3.297169014,0.253882014,Y,21.94932527,340,3.72,11.4,6,13,"Nil
",Strong tide against,03:20.3
2525,IGFS2009,33,101020101,75,80,41,1,Groundgear_D,Short,4.00E+03,V,04/10/2009 7:44,30,55.508,-7.028,55.528,-7.072,VIaCoast,78,20.7,3.9,1.919536874,3.561292903,0.277780846,Y,22.24951462,320,1.93,6.6,3,9,"Small tear in pt wing
",Still strong tide,03:20.3
2526,IGFS2009,FG100,101020101,57,57,42,1,Groundgear_D,Short,4.00E+03,V,04/10/2009 9:29,30,55.502,-7.363,55.502,-7.421,VIaCoast,79,20,4.4,1.97552961,3.665175529,0.289548867,Y,22.55034879,274,2.15,7,9.2,10,"Nil
","Hard but even ground, no damage
Door and headline sensors unstable",03:20.3
2527,IGFS2009,FG114,101020101,69,69,43,1,Groundgear_D,Short,4.00E+03,V,04/10/2009 11:04,30,55.616,-7.537,55.616,-7.594,VIaCoast,72,20.1,4.4,1.935856033,3.591569634,0.258593014,Y,20.45762651,310,2.88,5.7,10.4,20,"Nil
",NA,03:20.3
2528,IGFS2009,MB7,101020101,67,65,44,1,Groundgear_D,Short,4.00E+03,V,04/10/2009 12:34,30,55.534,-7.748,55.504,-7.773,VIaCoast,80,20.1,4.3,1.99132721,3.69448462,0.29555877,Y,22.85184029,310,3.27,4.5,7,14,"Couple of small tears in wing
",NA,03:20.3
2529,IGFS2009,MB8,101020101,69,64,45,1,Groundgear_D,Short,3.90E+03,V,04/10/2009 14:27,30,55.396,-7.98,55.386,-7.924,VIaCoast,69,21,4.3,2.004688245,3.719273183,0.25662985,Y,19.56958606,320,1.25,5.9,8.5,24,"Nil
",NA,03:20.3
2530,IGFS2009,FG115,101020101,21,19,46,1,Groundgear_D,Short,3.90E+03,V,04/10/2009 16:32,30,55.246,-7.583,55.214,-7.589,VIaCoast,63,17.1,4.9,1.931175274,3.582885481,0.225721785,Y,17.80781937,162,0.68,3.6,3.4,11,"Nil
",NA,03:20.3
2531,IGFS2009,10,101020101,26,39,47,1,Groundgear_D,Short,3.90E+03,V,05/10/2009 5:13,30,55.205,-7.909,55.233,-7.942,VIaCoast,66,17.4,NA,2.025949654,3.75871921,0.248075468,Y,18.68641224,195,0.48,1.8,1.4,9,"Nil
",NA,03:20.3
2532,IGFS2009,9,101020101,79,76,48,1,Groundgear_D,Short,3.90E+02,V,05/10/2009 7:03,30,55.356,-8.193,55.378,-8.236,VIaCoast,74,19.4,NA,1.975500007,3.665120607,0.271218925,Y,21.05250394,336,1.11,2.9,3.1,14,"Nil
",NA,03:20.3
2533,IGFS2009,GD2,101020101,86,85,49,1,Groundgear_D,Long,4.00E+02,V,05/10/2009 9:24,30,55.593,-8.267,55.576,-8.319,VIaMedium,105,19,4.1,2.040742845,3.786164833,0.397547307,Y,19.40712849,366,1.51,2,6,19,"Nil
",NA,03:20.3
2534,IGFS2009,6A,101020101,93,95,50,1,Groundgear_D,Long,4.00E+02,V,05/10/2009 11:21,30,55.665,-8.629,55.673,-8.685,VIaMedium,104,20.4,4.4,1.959061345,3.634622161,0.378000705,Y,19.21500312,400,1.34,3.7,1.7,24,"Few small stones
",NA,03:20.3
2535,IGFS2009,12,101020101,103,102,51,1,Groundgear_D,Long,3.90E+02,V,05/10/2009 13:45,30,55.45,-8.602,55.421,-8.575,VIaMedium,104,20.1,4.3,1.969002743,3.653066313,0.379918897,Y,19.21500312,410,1.2,2.6,2.9,22,"Small teras in wings
",NA,03:20.3
2536,IGFS2009,MB106,101020101,99,101,52,1,Groundgear_D,Long,3.90E+02,V,05/10/2009 15:48,30,55.273,-8.707,55.272,-8.766,VIaMedium,102,19.6,4.4,2.022152314,3.751674052,0.382670753,Y,18.83142227,400,1.97,4.8,6.7,25,"Nil
","New tow based on SBS backscatter info. Soft, flat ground, but hard to east and west of tow",03:20.3
2537,IGFS2009,FG151,101020101,236,258,53,1,Groundgear_D,Long,38D9,V,06/10/2009 5:22,30,54.969,-10.166,54.943,-10.201,VIaDeep,127,23,4.8,1.973443797,3.661305746,0.46498583,Y,23.6969313,690,1.38,3.8,6,21,"Nil
","Station is assigned to VIaDeep but actual depth is 236-258.
Briefly lost bottom contact towards end of tow. Headline increased steadily from 3.6 to 5.5 during tow, wings and doors stayed constant.",03:20.3
2538,IGFS2009,FG101,101020101,117,115,54,1,Groundgear_D,Long,38D9,I,06/10/2009 7:15,30,54.784,-10.071,54.754,-10.097,VIaMedium,106,20,4.1,2.013367047,3.735374855,0.395949735,Y,19.5994811,460,0.83,3.9,5.4,20,"6 ft tear in belly, behind footrope, no major damage but possibly afftected the catch.",NA,03:20.3
2539,IGFS2009,FG113,101020101,218,211,55,1,Groundgear_D,Long,38D9,V,06/10/2009 9:24,30,54.743,-10.431,54.714,-10.459,VIaSlope,118,22.2,4.1,1.993252498,3.698056583,0.436370677,Y,21.92655208,760,1.11,2.7,5,18,"Nil
",headline and TEY quite wobbly,03:20.3
2540,IGFS2009,FG149,101020101,226,234,56,1,Groundgear_D,Long,38D9,V,06/10/2009 11:03,30,54.604,-10.584,54.576,-10.615,VIaSlope,124,22.8,3.9,1.997264667,3.70550031,0.459482038,Y,23.10423247,738,1.76,5.4,4.7,16,"Nil
",NA,03:20.3
2541,IGFS2009,62,101010101,38,40.5,57,1,Groundgear_A,Short,3.50E+01,I,29/10/2009 16:27,17,53.191,-9.394,53.193,-9.427,VIIbCoast,77.3,19.24,5.1,1.194903462,2.216889539,0.171365561,Y,22.03931511,226,7.9,2.3,2.7,18,"No damage, test tow only.","First Test Tow for Leg3
",03:20.3
2542,IGFS2009,62,101010101,40,36.9,58,1,Groundgear_A,Short,3.50E+01,V,29/10/2009 17:28,30,53.195,-9.452,53.193,-9.396,VIIbCoast,71.9,19.1,5,2.020939075,3.749423145,0.269583524,Y,20.42794364,226,6.9,1.9,4.1,15,"Nil
","1st tow of leg 2. Trawlspeed just back from repair for 2 new batteries. Looks like low charge, lost signal. Changing wing sensor mounting also.

",03:20.3
2543,IGFS2009,20,101010101,53.2,50.4,59,1,Groundgear_A,Short,3.70E+01,V,30/10/2009 7:18,30,54.34,-9.627,54.347,-9.683,VIIbCoast,73.6,19.91,4.7,2.007431978,3.724363596,0.274113161,Y,20.93334047,242,9.3,1.4,2.7,32,Wing sensors bit dodgy,"Wing sensors bit dodgy. 1/3 of a hopper, MAC and some rays",03:20.3
2544,IGFS2009,25,101010101,45.4,67.1,60,1,Groundgear_A,Short,3.70E+01,V,30/10/2009 9:44,31,54.304,-9.907,54.336,-9.921,VIIbCoast,74.4,19.59,4.8,1.981690032,3.676604883,0.273539403,Y,21.17176289,274,1.85,3,4,24,New version of to from Michael Munly. Wing sensor not working properly,New version of to from Michael Munly. Wing sensor not working properly,03:20.3
2545,IGFS2009,22,101010101,118.7,127.4,61,1,Groundgear_A,Long,37D9,V,30/10/2009 12:15,30,54.302,-10.315,54.288,-10.367,VIIbMedium,107,19.4,4.6,2.008958708,3.727196119,0.398809985,Y,19.79206392,451,3.74,9.9,4.8,26,"Nil
","Boarfish, 2 lifts",03:20.3
2546,IGFS2009,21,101010101,180.6,181.8,62,1,Groundgear_A,Long,37D9,V,30/10/2009 15:12,31,54.152,-10.694,54.184,-10.673,VIIbDeep,123,22,4.2,2.057255889,3.816801278,0.469466557,Y,22.90724974,620,3.9,9.6,16.2,23,"Nil
",NA,03:20.3
2547,IGFS2009,FG186,101010101,220.8,219.1,63,1,Groundgear_A,Long,37D9,I,30/10/2009 17:14,29,54.401,-10.676,54.432,-10.674,VIIbSlope,132,25.5,4.3,1.861240875,3.45313706,0.455814092,Y,24.69082081,715,3.17,8.1,15.9,23,"Tore both wings badly to the Karflex at 120, then alot of holes in the bad. Many large stones, new tow. Trawl sent ashore.",NA,03:20.3
2548,IGFS2009,SC554,101010101,67.2,66.8,64,1,Groundgear_A,Short,3.70E+02,V,31/10/2009 10:46,31,54.462,-8.82,54.463,-8.879,VIIbCoast,80.3,20.37,4,2.063063928,3.82757686,0.307354422,Y,22.94241782,310,2.42,6.5,3,18,Wing sensor still playing up,NA,03:20.3
2549,IGFS2009,MM1,101010101,45,40.4,65,1,Groundgear_A,Short,3.70E+01,V,31/10/2009 13:26,30,54.321,-9.265,54.329,-9.32,VIIbCoast,75.1,19.58,3.9,1.987642272,3.687648001,0.276942365,Y,21.38069803,242,1.03,3.1,2.2,15,"Nil
",NA,03:20.3
2550,IGFS2009,MM2,101010101,97.2,93.4,66,1,Groundgear_A,Long,3.70E+01,V,31/10/2009 16:11,30,54.479,-9.67,54.468,-9.617,VIIbMedium,109,20.5,4.1,1.966062903,3.647612066,0.397589715,Y,20.17793229,395,2.77,6.2,12.5,24,"Nil
",NA,03:20.3
2551,IGFS2009,FG83,101010101,45.5,49.6,67,1,Groundgear_A,Short,3.60E+01,V,01/11/2009 7:21,30,53.844,-9.984,53.839,-10.039,VIIbCoast,79.8,19.6,4.2,1.974290753,3.662877093,0.292297592,Y,22.7914888,250,3.05,9.9,4.9,10,Wings probably need charging,NA,03:20.3
2552,IGFS2009,FG80,101010101,89.3,100.9,68,1,Groundgear_A,Long,36D9,V,01/11/2009 9:37,30,53.713,-10.348,53.69,-10.389,VIIbMedium,109,21.07,4.3,2.008469371,3.726288259,0.40616542,Y,20.17793229,400,3.86,9.3,6.9,11,No wings data again!,NA,03:20.3
2553,IGFS2009,FG82,101010101,126.1,143,69,1,Groundgear_A,Long,36D9,V,01/11/2009 12:10,30,53.878,-10.557,53.904,-10.592,VIIbDeep,111,21.74,3.9,1.992827227,3.697267582,0.410396702,Y,20.56475805,455,4.69,6.7,15.9,22,"Nil
",NA,03:20.3
2554,IGFS2009,95,101010101,156.8,159,70,1,Groundgear_A,Long,36D9,V,01/11/2009 14:53,30,53.716,-10.875,53.748,-10.862,VIIbDeep,113,20.6,4.2,1.974614989,3.663478643,0.413973087,Y,20.95256612,560,3.63,5.8,13.2,20,"Nil
",NA,03:20.3
2555,IGFS2009,MB1,101010101,180.9,180.7,71,1,Groundgear_A,Long,36D8,V,01/11/2009 16:50,30,53.81,-11.019,53.839,-11.044,VIIbDeep,122,22.44,3.8,1.952981993,3.623343215,0.442047872,Y,22.71055277,630,7.04,7.1,11.8,21,"Nil
",NA,03:20.3
2556,IGFS2009,FG91,101010101,284.2,298.4,72,1,Groundgear_A,Long,37D8,V,02/11/2009 7:30,30,54.219,-11.001,54.252,-11,VIIbSlope,126,23.9,3.9,1.980172015,3.673788525,0.462897354,Y,23.4990696,869,3.4,10.1,22.4,17,"Nil
",NA,03:20.3
2557,IGFS2009,FG87,101010101,304.2,310.1,73,1,Groundgear_A,Long,37D8,V,02/11/2009 9:54,29,54.154,-11.24,54.135,-11.289,VIIbSlope,130,23.1,3.6,2.068373891,3.837428369,0.498865688,Y,24.29233357,900,4.95,11.4,16.6,11,"Nil
",NA,03:20.3
2558,IGFS2009,FG76,101010101,221.4,222.7,74,1,Groundgear_A,Long,36D8,V,02/11/2009 12:13,29,53.948,-11.187,53.918,-11.207,VIIbSlope,130,22.6,4.1,1.934046801,3.588212989,0.466467689,Y,24.29233357,740,5.47,10.6,25,14,"Nil
",NA,03:20.3
2559,IGFS2009,FG99,101010101,312.3,324.2,75,1,Groundgear_A,Long,36D8,V,02/11/2009 14:40,30,53.955,-11.52,53.953,-11.576,VIIbSlope,131,23.1,3.8,1.985150055,3.683024221,0.482476173,Y,24.49141937,909,5.23,10.7,8.4,15,"Warp even, but pressure > Stbd side.","Warp even, but pressure > Stbd side. Very poor catch ~ 2 boxes.",03:20.3
2560,IGFS2009,PO113,101010101,375.1,382.1,76,1,Groundgear_A,Long,36D8,V,02/11/2009 16:56,30,53.95,-11.887,53.951,-11.942,VIIbSlope,135,22.7,3.8,1.947223726,3.612659974,0.487709096,Y,25.29095847,1035,4.81,15.1,11.4,20,Warp on port side 20m longer than stbd,"Warp on port side 20m longer than stbd
",03:20.3
2561,IGFS2009,43,101010101,88.8,83.8,77,1,Groundgear_A,Long,32D9,V,03/11/2009 8:32,30,51.683,-10.456,51.667,-10.5,VIIjMedium,111,21.1,4.3,1.900534482,3.526038,0.391390218,Y,20.56475805,400,9.4,22.4,17.6,28,"Nil
",NA,03:20.3
2562,IGFS2009,FG33,101010101,71.7,70.7,78,1,Groundgear_A,Short,31D9,V,03/11/2009 11:42,30,51.507,-10.048,51.485,-10.089,VIIjCoast,84.5,20.6,4,2.023818911,3.754766068,0.317277733,Y,24.21703314,328,6.37,15.4,18,26,"Nil
",NA,03:20.3
2563,IGFS2009,FG9,101010101,49,54.8,79,1,Groundgear_A,Short,3.10E+01,V,03/11/2009 14:21,31,51.46,-9.626,51.45,-9.675,VIIjCoast,83.4,19.8,4.1,1.931260827,3.583044206,0.298825887,Y,23.88200147,274,4.6,11.3,4.9,29,"Nil
",NA,03:20.3
2564,IGFS2009,FG56,101010101,67.3,66.2,80,1,Groundgear_A,Short,3.10E+01,V,03/11/2009 16:01,29,51.413,-9.415,51.424,-9.365,VIIjCoast,85.7,20.9,4.3,1.987420446,3.687236449,0.315996164,Y,24.58353047,305,3.39,8.7,5,27,"Nil
",NA,03:20.3
2565,IGFS2009,FG177,101010101,31.7,37.4,81,1,Groundgear_A,Short,3.30E+03,V,04/11/2009 7:11,30,52.057,-7.483,52.025,-7.498,VIIgCoast,74.4,18.3,4.4,1.997723658,3.706351869,0.275752579,Y,21.17176289,210,3.7,3.4,4.1,17,"Nil
",Mostly whiting and flats. Mine Head.,03:20.3
2566,IGFS2009,FG138,101010101,61.3,64.6,82,1,Groundgear_A,Short,3.20E+03,V,04/11/2009 8:46,30,51.926,-7.393,51.899,-7.424,VIIgCoast,84.1,20.19,4.6,1.985939673,3.68448919,0.309865541,Y,24.09510219,290,2.65,11.4,8.6,28,"Nil
",NA,03:20.3
2567,IGFS2009,FG46,101010101,72,74.1,83,1,Groundgear_A,Short,3.20E+03,I,04/11/2009 11:09,29,51.843,-7.061,51.811,-7.081,VIIgCoast,84.7,20.3,4.3,2.057965894,3.818118542,0.32339464,Y,24.27804236,336,4.58,12.4,8.6,18,"Large tear around footrope. Probably a stone, beam trawlers in area, clear tow historically.",Just otoliths taken,03:20.3
2568,IGFS2009,33A,101010101,54.4,59.7,84,1,Groundgear_A,Short,3.30E+04,V,04/11/2009 14:46,30,52.005,-6.756,51.974,-6.737,VIIgCoast,79.1,19.2,4.3,1.987811234,3.687961473,0.291717753,Y,22.58046815,274,3.58,6,14.6,19,"Nil
",NA,03:20.3
2569,IGFS2009,CN207,101010101,74.8,75.6,85,1,Groundgear_A,Short,3.20E+04,V,04/11/2009 16:43,29,51.796,-6.683,51.772,-6.719,VIIgCoast,82.1,20.59,4.4,1.965857711,3.647231376,0.299437696,Y,23.48716898,336,3.73,12.9,5.3,18,"Nil
",NA,03:20.3
2570,IGFS2009,69,101010101,72.6,65.2,86,1,Groundgear_A,Short,3.20E+04,V,05/11/2009 7:03,30,51.833,-6.503,51.805,-6.474,VIIgCoast,80.6,19.6,4.3,1.995348017,3.701944374,0.298376717,Y,23.033056,320,4.34,6.3,15.9,22,"Nil
",NA,03:20.3
2571,IGFS2009,FG25,101010101,79.1,83.8,87,1,Groundgear_A,Short,3.30E+04,V,05/11/2009 9:21,28,52.008,-6.249,52.019,-6.202,VIIgCoast,88.9,19.8,4.4,1.860205591,3.451216309,0.30681313,Y,25.56618314,351,1.86,6.5,4.8,29,"Nil
",NA,03:20.3
2572,IGFS2009,FG26,101010101,111.2,112.3,88,1,Groundgear_A,Long,3.20E+04,V,05/11/2009 11:41,30,51.835,-6.079,51.8,-6.073,VIIgMedium,115,21.3,3.9,2.110806611,3.916153267,0.450357626,Y,21.34138194,453,3.7,7.5,13.3,28,"Nil
",NA,03:20.3
2573,IGFS2009,40,101010101,113.4,118.7,89,1,Groundgear_A,Long,3.20E+05,V,05/11/2009 13:28,30,51.736,-5.893,51.757,-5.849,VIIgMedium,116,21.2,3.6,2.066137911,3.833279984,0.444660478,Y,21.53617584,453,2.8,8.3,9.5,28,"Nil
",NA,03:20.3
2574,IGFS2009,FG136,101010101,90.4,88,90,1,Groundgear_A,Long,3.20E+05,V,05/11/2009 16:00,30,51.514,-5.816,51.49,-5.778,VIIgMedium,111,21.1,4.4,2.023386637,3.753964076,0.416690012,Y,20.56475805,380,2.79,9.6,13.9,29,"Nil
",NA,03:20.3
2575,IGFS2009,MB32,101010101,77,75.1,91,1,Groundgear_A,Short,3.10E+05,V,06/11/2009 7:13,30,51.48,-5.532,51.461,-5.488,VIIgCoast,83.8,20,3.8,2.003452334,3.716980212,0.311482942,Y,24.00373011,336,1.94,4.8,10.5,10,"Nil
","Good haul. Whg, rays and 2 bass.",03:20.3
2576,IGFS2009,44,101010101,75.3,78.3,92,1,Groundgear_A,Short,3.10E+05,V,06/11/2009 9:22,30,51.271,-5.522,51.243,-5.492,VIIgCoast,80.7,19.6,3.9,2.02320887,3.753634267,0.302918285,Y,23.06328227,345,2.06,4,8.7,22,"Nil
",NA,03:20.3
2577,IGFS2009,113,101010101,87.4,85.5,93,1,Groundgear_A,Long,3.10E+05,V,06/11/2009 12:05,29,51.086,-5.8,51.053,-5.782,VIIgMedium,109,19.4,4.2,2.092388852,3.881983027,0.42313615,Y,20.17793229,380,2.3,4.1,9.9,14,"Nil
",NA,03:20.3
2578,IGFS2009,FG49,101010101,92.4,92.5,94,1,Groundgear_A,Long,3.10E+05,V,06/11/2009 14:32,30,51.216,-5.951,51.244,-5.919,VIIgMedium,110,19.5,3.9,2.066544455,3.83403424,0.421743766,Y,20.37122395,396,2.43,7.6,8.1,24,"Nil
",NA,03:20.3
2579,IGFS2009,FG48,101010101,100.4,102.1,95,1,Groundgear_A,Long,3.10E+04,V,06/11/2009 16:35,30,51.362,-6.011,51.396,-6.015,VIIgMedium,118,20.5,3.8,2.044387179,3.792926121,0.447565282,Y,21.92655208,410,2.77,6.3,8.9,24,"Nil
",NA,03:20.3
2580,IGFS2009,110,101010101,81.5,79.9,96,1,Groundgear_A,Long,3.20E+04,V,07/11/2009 7:07,30,51.58,-6.499,51.612,-6.519,VIIgCoast,108,20.9,4.1,2.059268902,3.820535996,0.412617888,Y,31.61923712,351,3.72,7.2,13.2,26,"Nil
","Confusion over bridles, long used in coastal strata. Wing sensors not reading properly.",03:20.3
2581,IGFS2009,111,101010101,116.4,125.1,97,1,Groundgear_A,Long,3.10E+04,V,07/11/2009 9:35,30,51.41,-6.361,51.379,-6.379,VIIgMedium,119,20.6,3.8,1.977818772,3.669422582,0.436661287,Y,22.12214112,453,4.88,12.6,14.5,22,"Nil
","1/3 of a hopper, whiting, a few herring & prawns
",03:20.3
2582,IGFS2009,112,101010101,109.8,111.3,98,1,Groundgear_A,Long,3.10E+04,V,07/11/2009 11:26,30,51.246,-6.327,51.212,-6.338,VIIgMedium,123,21.5,3.9,2.080454748,3.859841834,0.474760546,Y,22.90724974,453,6.04,10,19.3,20,"Nil
",NA,03:20.3
2583,IGFS2009,FG39,101010101,108.9,107.6,99,1,Groundgear_A,Long,3.10E+04,V,07/11/2009 13:46,30,51.216,-6.603,51.188,-6.637,VIIgMedium,123,21.4,4,2.1117937,3.917984601,0.481912106,Y,22.90724974,440,6.28,14.4,12.2,28,"Nil
",NA,03:20.3
2584,IGFS2009,FG187,101010101,112.8,110,100,1,Groundgear_A,Long,3.10E+04,V,07/11/2009 16:35,31,51.317,-6.92,51.347,-6.891,VIIgMedium,121,21.6,3.9,2.103133641,3.901917701,0.472132042,Y,22.51413801,453,6.89,8.9,35.6,33,"Nil
",NA,03:20.3
2585,IGFS2009,FG36,101010101,95.3,103.2,101,1,Groundgear_A,Long,3.10E+03,V,08/11/2009 7:36,30,51.059,-7.514,51.039,-7.556,VIIgMedium,117,20.8,3.8,1.989540519,3.691169795,0.431866866,Y,21.73123144,410,5.71,15.2,10.7,20,"Nil
",NA,03:20.3
2586,IGFS2009,FG35,101010101,107.7,105.5,102,1,Groundgear_A,Long,3.00E+03,V,08/11/2009 9:41,30,50.906,-7.751,50.881,-7.79,VIIgMedium,116,20.5,4,2.105842787,3.906943946,0.453205498,Y,21.53617584,425,5.06,13.3,15.7,20,"Nil
",NA,03:20.3
2587,IGFS2009,FG53,101010101,111.6,113,103,1,Groundgear_A,Long,3.00E+03,V,08/11/2009 11:33,29,50.722,-7.844,50.702,-7.888,VIIgMedium,125,21.51,3.9,2.060099674,3.822077318,0.477759665,Y,23.30150455,450,2.55,12.4,11.5,12,"Nil
",NA,03:20.3
2588,IGFS2009,FG133,101010101,119.6,121.3,104,1,Groundgear_A,Long,3.00E+02,V,08/11/2009 13:22,30,50.533,-8.028,50.516,-8.074,VIIgMedium,126,22.1,4.2,2.032300199,3.770501297,0.475083163,Y,23.4990696,465,6.02,16.9,12.8,11,"Nil
",NA,03:20.3
2589,IGFS2009,FG14,101010101,125.7,125.2,105,1,Groundgear_A,Long,3.00E+02,V,08/11/2009 15:21,31,50.624,-8.243,50.643,-8.199,VIIgMedium,118,21.9,3.9,2.028087365,3.762685278,0.443996863,Y,21.92655208,282,3.63,6.4,14.8,14,"Nil
",NA,03:20.3
2590,IGFS2009,FG61,101010101,244.3,241.1,106,1,Groundgear_A,Long,29D9,V,09/11/2009 7:30,30,50.357,-10.881,50.387,-10.866,VIIjSlope,124,21.4,4,1.888415068,3.503553001,0.434440572,Y,23.10423247,784,3.34,4.3,13.8,13,"Nil
",NA,03:20.3
2591,IGFS2009,FG62,101010101,252.8,306.2,107,1,Groundgear_A,Long,30D9,V,09/11/2009 9:16,31,50.526,-10.908,50.554,-10.932,VIIjSlope,125,21.2,3.8,1.912954279,3.549080295,0.443635037,Y,23.30150455,806,2.65,5.5,6.4,20,"Nil
",NA,03:20.3
2592,IGFS2009,81,101010101,251.8,261.1,108,1,Groundgear_A,Long,30D8,V,09/11/2009 11:22,30,50.719,-11.023,50.748,-11.052,VIIjSlope,122,21.3,3.9,2.059455759,3.820882669,0.466147686,Y,22.71055277,780,2.36,8.2,4.4,24,"Nil
",NA,03:20.3
2593,IGFS2009,FG124,101010101,240,240,109,1,Groundgear_A,Long,30D8,V,09/11/2009 13:25,30,50.86,-11.107,50.893,-11.113,VIIjSlope,115,22.99,3.8,1.991780153,3.695324959,0.42496237,Y,21.34138194,750,2.48,4.9,7.4,14,"Nil
",Good scad catch. Wing sensor broken on drum.,03:20.3
2594,IGFS2009,FG159,101010101,184.8,185.5,110,1,Groundgear_A,Long,31D8,V,09/11/2009 15:13,40,51.046,-11.072,51.078,-11.071,VIIjDeep,117,20.9,3.9,1.919202813,3.560673123,0.416598755,Y,21.73123144,642,2.26,4.8,8.9,17,"Nil
",NA,03:20.3
2595,IGFS2009,FG6,101010101,178,175.1,111,1,Groundgear_A,Long,30D9,V,09/11/2009 17:39,18,50.846,-10.897,50.846,-10.865,VIIjDeep,123,20.4,4,1.214773174,2.25375357,0.277211689,Y,22.90724974,630,1.51,4.5,4.9,20,"Nil
",NA,03:20.3
2596,IGFS2009,FG30,101010101,159.6,163,112,1,Groundgear_A,Long,29D9,V,10/11/2009 7:16,30,50.347,-10.55,50.374,-10.58,VIIjDeep,118,22.2,3.8,1.986080546,3.68475055,0.434800565,Y,21.92655208,565,3.51,10.2,6.3,14,"Nil
",NA,03:20.3
2597,IGFS2009,FG63,101010101,170.9,168.6,113,1,Groundgear_A,Long,30D9,V,10/11/2009 9:47,30,50.577,-10.648,50.58,-10.596,VIIjDeep,119,22.33,4.1,1.993405129,3.698339758,0.440102431,Y,22.12214112,616,2.99,6.3,8.7,12,"Nil
",Replacement wing sensor not programmed properly.,03:20.3
2598,IGFS2009,FG188,101010101,162.9,161.3,114,1,Groundgear_A,Long,30D9,V,10/11/2009 11:39,30,50.718,-10.537,50.746,-10.51,VIIjDeep,119,20.4,3.7,1.968328875,3.651816094,0.434566115,Y,22.12214112,590,3.35,5.1,17.6,10,"Nil
",NA,03:20.3
2599,IGFS2009,FG130,101010101,140.7,142.4,115,1,Groundgear_A,Long,30D9,V,10/11/2009 13:42,30,50.775,-10.275,50.743,-10.282,VIIjDeep,116,20.1,4.1,1.937112131,3.593900057,0.416892407,Y,21.53617584,525,3.9,5.8,20.4,9,"Nil
",NA,03:20.3
2600,IGFS2009,FG54,101010101,147.8,143.4,116,1,Groundgear_A,Long,30D9,V,10/11/2009 15:57,30,50.517,-10.087,50.505,-10.038,VIIjMedium,117,22.05,3.7,2.006822666,3.723233146,0.435618278,Y,21.73123144,576,4.47,9,10.4,7,"Nil
",NA,03:20.3
2601,IGFS2009,MB29,101010101,114.7,120.4,117,1,Groundgear_A,Long,3.00E+01,V,11/11/2009 7:23,30,50.501,-9.682,50.522,-9.642,VIIjMedium,111,21.56,4.3,1.98093916,3.6752118,0.40794851,Y,20.56475805,453,2.18,3.3,7.6,14,"Nil
",NA,03:20.3
2602,IGFS2009,CC431,101010101,134.1,128,118,1,Groundgear_A,Long,2.90E+01,V,11/11/2009 9:52,30,50.454,-9.356,50.487,-9.355,VIIjDeep,116,20.3,3.9,1.97896247,3.671544472,0.425899159,Y,21.53617584,510,3.4,4.5,9.8,18,"Nil
",NA,03:20.3
2603,IGFS2009,85,101010101,128.4,125.9,119,1,Groundgear_A,Long,3.00E+01,V,11/11/2009 12:19,30,50.751,-9.267,50.756,-9.215,VIIjMedium,118,21.3,4,2.000499435,3.711501735,0.437957205,Y,21.92655208,496,2.5,5.6,5.3,18,"Nil
",NA,03:20.3
2604,IGFS2009,CC306,101010101,125.9,123.5,120,1,Groundgear_A,Long,3.00E+02,V,11/11/2009 14:29,30,50.628,-8.913,50.603,-8.879,VIIgMedium,121,21.1,4.2,1.982231733,3.677609894,0.444990797,Y,22.51413801,482,2.77,6.6,7.8,20,"Nil
",NA,03:20.3
2605,IGFS2009,FG12,101010101,122.3,123.5,121,1,Groundgear_A,Long,3.00E+02,V,11/11/2009 16:24,30,50.561,-8.612,50.592,-8.594,VIIgMedium,113,20.4,3.8,1.981692956,3.676610307,0.415456965,Y,20.95256612,482,2.56,6.5,10.6,21,"Nil
",NA,03:20.3
2606,IGFS2009,FG141,101010101,111.2,111.6,122,1,Groundgear_A,Long,3.10E+02,V,12/11/2009 7:38,30,51.1,-8.858,51.1,-8.803,VIIgMedium,117,27,4.1,2.076533706,3.852567173,0.450750359,Y,21.73123144,440,4.12,9.9,12.7,26,"Nil
",NA,03:20.3
2607,IGFS2009,64,101010101,105.4,103.7,123,1,Groundgear_A,Long,3.10E+02,V,12/11/2009 9:33,30,51.262,-8.733,51.261,-8.682,VIIgMedium,121,20.5,4.3,1.919733646,3.561657971,0.430960615,Y,22.51413801,425,5.01,11.2,24,21,"Nil
",NA,03:20.3
2608,IGFS2009,54,101010101,92.7,92.3,124,1,Groundgear_A,Long,3.10E+02,I,12/11/2009 11:30,30,51.434,-8.531,51.442,-8.477,VIIgMedium,114,19.7,3.9,2.079958356,3.858920884,0.439916981,Y,21.14684645,396,3.73,10.3,13.4,27,"Starboard wing and belly badly torn, alot of stone in bag.",NA,03:20.3
2609,IGFS2009,53A,101010101,72.5,60.1,125,1,Groundgear_A,Short,3.20E+02,V,14/11/2009 10:01,31,51.61,-8.252,51.644,-8.255,VIIgCoast,84.6,20.52,4.1,2.042027782,3.788548762,0.320511225,Y,24.24753409,350,6.3,10.3,14.8,34,"Nil
",NA,03:20.3
2610,IGFS2009,CN205,101010101,71.9,77.1,126,1,Groundgear_A,Short,3.20E+03,V,14/11/2009 12:08,30,51.706,-7.998,51.681,-8.034,VIIgCoast,93.9,19.4,4.3,2.01194774,3.732741633,0.350504439,Y,27.11804438,335,7.08,13.9,15.2,22,"Nil
",NA,03:20.3
2611,IGFS2009,CN204,101010101,81.1,82.1,127,1,Groundgear_A,Short,3.20E+03,V,14/11/2009 15:19,30,51.637,-7.403,51.617,-7.448,VIIgCoast,83,23.7,3.9,2.063870854,3.829073941,0.317813137,Y,23.76038723,350,8.13,16.5,12,18,"Nil
",NA,03:20.3
2612,IGFS2009,MB31,101010101,76.7,78.7,128,1,Groundgear_A,Short,3.20E+03,I,15/11/2009 7:25,30,51.675,-7.249,51.641,-7.25,VIIgCoast,87.9,20.64,4.3,2.03930745,3.783501762,0.332569805,Y,25.25825389,350,9.3,9.7,3.9,18,Bad tear all down wing and belly section. Stones.,NA,03:20.3
2613,IGFS2009,FG15,101010101,87.9,87.8,129,1,Groundgear_A,Long,3.10E+03,V,15/11/2009 11:00,30,51.345,-7.457,51.325,-7.416,VIIgMedium,102,22.6,4,1.951996964,3.621515702,0.369394602,Y,18.83142227,385,4.48,6.9,19.3,13,"Nil
",NA,03:20.3
2614,IGFS2009,FG37,101010101,92.3,93.4,130,1,Groundgear_A,Long,3.10E+03,V,15/11/2009 13:16,30,51.356,-7.756,51.33,-7.788,VIIgMedium,111,21.14,4,1.968564108,3.652252519,0.40540003,Y,20.56475805,387,5.91,12.1,13.3,24,"Nil
",NA,03:20.3
2615,IGFS2009,FG52,101010101,101.2,100.8,131,1,Groundgear_A,Long,3.10E+02,V,15/11/2009 15:30,30,51.249,-8.056,51.228,-8.097,VIIgMedium,109,19.5,3.9,1.991892686,3.695533739,0.402813178,Y,20.17793229,410,4.72,11.3,11,23,"Nil
",NA,03:20.3
2616,IGFS2009,FG11,101010101,115.7,121.2,132,1,Groundgear_A,Long,3.00E+02,V,16/11/2009 7:14,30,50.871,-8.893,50.838,-8.9,VIIgMedium,116,21.58,3.8,1.996480558,3.704045562,0.429669285,Y,21.53617584,460,4.02,10.3,13.7,17,"Nil
","Moderate catch, small gadoids.",03:20.3
2617,IGFS2009,FG34,101010101,115.5,116,133,1,Groundgear_A,Long,3.10E+01,I,16/11/2009 10:10,30,51.117,-9.239,51.117,-9.292,VIIjMedium,119,20.2,4.1,2.00028945,3.711112153,0.441622346,Y,22.12214112,460,3.84,11.3,12.5,25,Large bal of discarded gill net in trawl.,NA,03:20.3
2618,IGFS2009,FG34A,101010101,118.1,117.2,134,1,Groundgear_A,Long,3.10E+01,V,16/11/2009 11:38,30,51.117,-9.31,51.117,-9.362,VIIjMedium,114,19.4,4,1.962548139,3.641091168,0.415084393,Y,21.14684645,460,4.17,16.8,11.2,24,"Nil
",NA,03:20.3
2619,IGFS2009,MB20A,101010101,122.5,122.5,135,1,Groundgear_A,Long,3.10E+01,V,16/11/2009 13:33,30,51.114,-9.597,51.104,-9.647,VIIjMedium,115,21.5,3.7,1.980356952,3.674131636,0.422525138,Y,21.34138194,482,4.81,14.7,10.6,20,Rotated MB20 tow due to weather,ALternative MB20 tow due to weather,03:20.3
2620,IGFS2009,COD5A,101010101,125.9,128.9,136,1,Groundgear_A,Long,3.10E+01,V,16/11/2009 15:56,30,51.164,-9.938,51.141,-9.976,VIIjMedium,124,22,3.6,1.988927226,3.69003196,0.457563963,Y,23.10423247,482,4.43,14.3,11.2,20,Rotated COD5 tow due to weather,NA,03:20.3
2621,IGFS2009,FG125,101010101,370.5,367.1,137,1,Groundgear_A,Long,31D8,V,17/11/2009 7:25,30,51.098,-11.396,51.12,-11.436,VIIjSlope,142,25,4.1,2.005029713,3.719906704,0.528226752,Y,26.70308426,1050,4.19,13.2,11,25,"Nil
",NA,03:20.3
2622,IGFS2009,FG158,101010101,362,360.4,138,1,Groundgear_A,Long,31D8,V,17/11/2009 9:23,31,51.269,-11.472,51.302,-11.483,VIIjSlope,125,24,3.6,2.021639887,3.750723352,0.468840419,Y,23.30150455,1020,4.33,10.4,14,18,"Nil
",NA,03:20.3
2623,IGFS2009,FG28,101010101,240,253.3,139,1,Groundgear_A,Long,32D8,V,17/11/2009 12:10,30,51.604,-11.387,51.637,-11.396,VIIjSlope,121,18.6,3.8,2.007299542,3.724117889,0.450618265,Y,22.51413801,770,4.74,8.5,12.9,22,"Nil
",NA,03:20.3
2624,IGFS2009,FG72,101010101,436.7,420.7,140,1,Groundgear_A,Long,32D8,V,17/11/2009 14:33,29,51.714,-11.66,51.741,-11.681,VIIjSlope,132,22.7,3.8,1.798179326,3.336139751,0.440370447,Y,24.69082081,1120,4.69,12.3,20.4,26,Speed slow - 3.7kts avg,NA,03:20.3
2625,IGFS2009,FG71,101010101,254.8,257.2,141,1,Groundgear_A,Long,32D8,V,17/11/2009 16:34,29,51.891,-11.522,51.923,-11.524,VIIjSlope,131,23.1,3.8,1.920542305,3.563158266,0.466773733,Y,24.49141937,816,4.23,10.6,14.2,30,"Nil
",NA,03:20.3
2626,IGFS2009,FG129,101010101,160.2,158.1,142,1,Groundgear_A,Long,31D9,V,18/11/2009 7:55,29,51.132,-10.535,51.101,-10.516,VIIjDeep,137,19.8,3.8,1.992404173,3.696482695,0.506418129,Y,25.69270179,691,5.68,16.8,24,23,"Nil
",NA,03:20.3
2627,IGFS2009,FG190,101010101,119,126,143,1,Groundgear_A,Long,31D9,V,18/11/2009 14:01,30,51.376,-10.249,51.354,-10.288,VIIjMedium,109,21.5,4,1.970737749,3.656285249,0.398535092,Y,20.17793229,450,6.4,19.6,16.1,32,"Nil
",NA,03:20.3
2628,IGFS2009,FG4,101010101,167.8,167,144,1,Groundgear_A,Long,31D9,V,20/11/2009 7:30,30,51.463,-10.802,51.49,-10.83,VIIjDeep,120,22.3,3.9,1.92899038,3.578831875,0.429459825,Y,22.31800195,615,4.89,10.9,20,15,"Nil
",NA,03:20.3
2629,IGFS2009,FG3,101010101,186.2,188.1,145,1,Groundgear_A,Long,32D8,V,20/11/2009 9:39,30,51.6,-11.102,51.627,-11.131,VIIjDeep,119,22.5,3.9,1.947818689,3.613763801,0.430037892,Y,22.12214112,654,4.58,10.3,16.8,18,"Nil
",NA,03:20.3
2630,IGFS2009,37,101010101,152.6,149.9,146,1,Groundgear_A,Long,32D9,V,20/11/2009 12:09,30,51.898,-10.986,51.932,-10.984,VIIjDeep,118,23.8,4.1,2.040404661,3.785537404,0.446693414,Y,21.92655208,560,5.74,11.8,21,12,"Nil
",NA,03:20.3
2631,IGFS2009,39,101010101,153.8,156,147,1,Groundgear_A,Long,33D8,V,20/11/2009 14:13,30,52.046,-11.162,52.062,-11.208,VIIjDeep,120,19.3,3.9,1.952780567,3.622969512,0.434756341,Y,22.31800195,564,8.13,10.9,30.8,13,"Nil
",NA,03:20.3
2632,IGFS2009,FG1,101010101,160.4,157.7,148,1,Groundgear_A,Long,33D8,V,20/11/2009 16:01,30,52.173,-11.342,52.205,-11.363,VIIjDeep,118,21.9,4,2.069431397,3.839390348,0.453048061,Y,21.92655208,590,5.43,10.9,24.8,17,"Nil
",NA,03:20.3
2633,IGFS2009,70,101010101,100.9,10.2,149,1,Groundgear_A,Long,34D9,V,21/11/2009 7:51,30,52.548,-10.32,52.518,-10.343,VIIbMedium,114,21.31,3.9,1.986300564,3.685158745,0.420108097,Y,21.14684645,425,3.11,9.1,8.9,23,"Nil
",NA,03:20.3
2634,IGFS2009,FG122,101010101,117.8,119.7,150,1,Groundgear_A,Long,34D9,V,21/11/2009 10:07,30,52.681,-10.558,52.678,-10.614,VIIbMedium,117,21.61,4.1,2.049359137,3.802150532,0.444851612,Y,21.73123144,450,5.05,13.3,13.9,21,"Nil
",NA,03:20.3
2635,IGFS2009,53,101010101,112.1,114,151,1,Groundgear_A,Long,34D9,V,21/11/2009 12:16,29,52.903,-10.429,52.922,-10.389,VIIbMedium,114,19.6,4.3,1.844588759,3.422242595,0.390135656,Y,21.14684645,482,2.83,9,11.6,24,"Nil
",NA,03:20.3
2636,IGFS2009,56A,101010101,107.2,107.6,152,1,Groundgear_A,Long,35D9,V,21/11/2009 14:24,30,53.1,-10.196,53.067,-10.192,VIIbMedium,120,20.4,3.9,1.984741766,3.682266728,0.441872007,Y,22.31800195,442,4.26,12.5,12.2,25,"Nil
",NA,03:20.3
2637,IGFS2009,58,101010101,93.2,93.5,153,1,Groundgear_A,Long,3.50E+01,V,21/11/2009 16:23,30,53.118,-9.927,53.098,-9.882,VIIbCoast,111,19.4,3.9,2.019345059,3.746465787,0.415857702,Y,32.60436411,390,4.35,7.4,19.4,32,"Nil
",NA,03:20.3
2638,IGFS2009,FG78,101010101,136.9,130.8,154,1,Groundgear_A,Long,35D9,V,26/11/2009 11:58,30,53.318,-10.88,53.304,-10.931,VIIbDeep,117,21.9,3.8,2.015541749,3.739409554,0.437510918,Y,21.73123144,510,6.03,15.4,12.8,21,"Nil
",NA,03:20.3
2639,IGFS2009,89,101010101,147.3,147.9,155,1,Groundgear_A,Long,35D8,I,26/11/2009 14:11,31,53.223,-11.22,53.204,-11.267,VIIbDeep,124,22.05,3.8,2.040377293,3.785486629,0.469400342,Y,23.10423247,558,4.77,12.6,15.8,22,Picked up dumped gill nets. No damage.,NA,03:20.3
2640,IGFS2009,89,101010101,149.2,146.7,156,1,Groundgear_A,Long,35D8,V,26/11/2009 15:42,30,53.192,-11.277,53.211,-11.23,VIIbDeep,121,17.9,3.6,2.040768232,3.786211933,0.458131644,Y,22.51413801,558,5.42,11.1,18.3,24,"Nil
",NA,03:20.3
2641,IGFS2009,PO14,101010101,218.6,226.5,157,1,Groundgear_A,Long,36D8,V,27/11/2009 8:02,30,53.697,-11.36,53.687,-11.413,VIIbSlope,118,21,3.9,1.980162782,3.673771396,0.433505025,Y,21.92655208,710,6.11,10.8,13.5,22,"Nil
",NA,03:20.3
2642,IGFS2009,PO24,101010101,219,219.7,158,1,Groundgear_A,Long,36D8,V,27/11/2009 9:50,30,53.574,-11.557,53.553,-11.6,VIIbSlope,130,24.3,3.8,1.986304889,3.68516677,0.47907168,Y,24.29233357,710,6.67,12.3,23.4,9,"TS not working, headline estimated.",NA,03:20.3
2643,IGFS2009,PO12,101010101,295.3,299.5,159,1,Groundgear_A,Long,36D8,V,27/11/2009 12:04,30,53.749,-11.69,53.778,-11.664,VIIbSlope,133,23.9,3.9,1.969975143,3.654870394,0.486097762,Y,24.89054181,890,4.73,12.3,16.3,12,"TS Not working, headline estimated.",NA,03:20.3
2644,IGFS2009,PO138,101010101,333.3,301.4,160,1,Groundgear_A,Long,36D8,I,27/11/2009 14:43,30,53.776,-11.936,53.75,-11.898,VIIbSlope,130,24.3,3.6,2.063339697,3.828088491,0.497651504,Y,24.29233357,982,4.8,7.9,19,17,"Bad Tear, belly and wings.",NA,03:20.3
2645,IGFS2009,PO16,101010101,298.1,NA,161,1,Groundgear_A,Long,36D8,I,27/11/2009 17:11,0,53.624,-11.866,53.624,-11.866,VIIbSlope,129.5839791,23.41,NA,0,0,0,N,999,NA,NA,NA,NA,NA,"Footrope broke on shooting due to very poor chain, hauled back after couple of min on bottom.",NA,03:20.3
2646,IGFS2009,PO22,101010101,270.6,281.6,162,1,Groundgear_A,Long,36D8,V,28/11/2009 7:56,30,53.587,-11.796,53.579,-11.849,VIIbSlope,121,22.9,3.6,1.951892786,3.621322422,0.438180013,Y,22.51413801,840,4.24,10.8,15.2,5,"Nil
",NA,03:20.3
2647,IGFS2009,PO161,101010101,317,319,163,1,Groundgear_A,Long,35D7,V,28/11/2009 10:00,30,53.484,-12.112,53.455,-12.134,VIIbSlope,136,24.1,3.8,1.909573901,3.542808721,0.481821986,Y,25.49166224,925,4.53,8.1,14.5,6,"Nil
",NA,03:20.3
2648,IGFS2009,PO174,101010101,324.5,324.2,164,1,Groundgear_A,Long,35D7,V,28/11/2009 11:54,30,53.315,-12.242,53.284,-12.266,VIIbSlope,122,20.6,3.8,2.049846544,3.803054813,0.463972687,Y,22.71055277,950,4.62,7.5,10.8,4,"Nil
",NA,03:20.3
2649,IGFS2009,FG104,101010101,221.9,223.5,165,1,Groundgear_A,Long,35D8,V,28/11/2009 14:21,30,53.273,-11.905,53.243,-11.931,VIIbSlope,122,18.3,4.1,2.028092304,3.762694441,0.459048722,Y,22.71055277,743,3.22,9.2,13,2,"Nil
",NA,03:20.3
2650,IGFS2009,FG175,101010101,212.3,208.7,166,1,Groundgear_A,Long,35D8,V,28/11/2009 16:08,30,53.105,-11.95,53.07,-11.95,VIIbSlope,121,21.6,3.8,2.099446611,3.8950772,0.471304341,Y,22.51413801,726,3.99,10.9,12,2,"Nil
",NA,03:20.3
2651,IGFS2009,PO189,101010101,319,320.7,167,1,Groundgear_A,Long,35D7,V,29/11/2009 8:02,30,53.148,-12.317,53.115,-12.326,VIIbSlope,127,23.4,3.8,2.005945514,3.721605778,0.472643934,Y,23.6969313,930,NA,NA,NA,18,"Seapath GPS probs with DPS so no Heave, Pitch, Roll.",NA,03:20.3
2652,IGFS2009,PO34,101010101,238.2,239.4,168,1,Groundgear_A,Long,34D7,V,29/11/2009 10:08,30,52.987,-12.081,52.955,-12.08,VIIbSlope,127,22.9,3.9,1.919797749,3.561776899,0.452345666,Y,23.6969313,784,3.17,7.6,16.9,24,"Nil
",NA,03:20.3
2653,IGFS2009,PO238,101010101,366.4,374.6,169,1,Groundgear_A,Long,34D7,V,29/11/2009 12:35,30,52.743,-12.305,52.71,-12.298,VIIbSlope,130,23.81,3.8,1.995703468,3.702603837,0.481338499,Y,24.29233357,1017,3.53,9.3,16.4,24,"Nil
",NA,03:20.3
2654,IGFS2009,PO39,101010101,258.4,252.3,170,1,Groundgear_A,Long,34D7,V,29/11/2009 15:01,30,52.726,-12.068,52.694,-12.05,VIIbSlope,128,23.14,3.8,2.028289112,3.763059576,0.481671626,Y,23.89509335,827,4.44,10.3,12.2,23,"Nil
",NA,03:20.3
2655,IGFS2009,PO242,101010101,352.1,348.5,171,1,Groundgear_A,Long,34D7,V,29/11/2009 16:58,30,52.577,-12.182,52.546,-12.161,VIIbSlope,128,23.74,3.9,2.011560239,3.732022706,0.477698906,Y,23.89509335,1001,3.36,11.4,14.8,28,"Nil
",NA,03:20.3
2656,IGFS2009,90,101010101,145.3,142.5,172,1,Groundgear_A,Long,34D8,V,30/11/2009 7:52,30,52.732,-11.521,52.758,-11.487,VIIbDeep,118,21.1,3.8,1.990897497,3.693687379,0.435855111,Y,21.92655208,547,5.55,9.2,14.1,18,"Nil
",NA,03:20.3
2657,IGFS2009,FG191,101010101,137,137.6,173,1,Groundgear_A,Long,34D8,V,30/11/2009 9:54,31,52.891,-11.261,52.924,-11.264,VIIbDeep,110,21.3,4,1.982405421,3.677932135,0.404572535,Y,20.37122395,507,3.65,12.3,8.9,9,"Nil
",NA,03:20.3
2658,IGFS2009,50,101010101,134.5,135.7,174,1,Groundgear_A,Long,34D8,V,30/11/2009 12:11,30,52.866,-11.046,52.898,-11.062,VIIbDeep,105,21.87,4.1,2.005308246,3.720423463,0.390644464,Y,19.40712849,507,4.96,8.7,10,8,"Nil
",NA,03:20.3
2659,IGFS2009,51,101010101,135.2,134.4,175,1,Groundgear_A,Long,35D9,V,30/11/2009 14:01,30,53.045,-10.912,53.069,-10.873,VIIbDeep,112,20.9,4.1,2.014692324,3.737833625,0.418637366,Y,20.75853772,523,4.08,7.1,14.1,2,"Nil
",NA,03:20.3
2660,IGFS2009,52,101010101,127.4,126,176,1,Groundgear_A,Long,35D9,V,30/11/2009 15:46,21,53.159,-10.727,53.176,-10.698,VIIbDeep,119,20.4,4.1,1.460359277,2.709386413,0.322416983,Y,22.12214112,502,2.77,5.9,7.7,1,"Nil
",NA,03:20.3
2661,IGFS2010,FG149,101020101,225,220,2,1,Groundgear_D,Long,38D9,V,26/09/2010 6:22,31,54.579,-10.612,54.608,-10.58,VIaSlope,110,22.1,5.1,2.066528211,3.834004102,0.421740451,Y,20.37122395,NA,2.65,3.2,3.4,15,"Nil
","Small catch, mostlyWHB",03:20.3
2662,IGFS2010,FG101,101020101,108,109,3,1,Groundgear_D,Long,38D9,V,26/09/2010 9:09,30,54.759,-10.094,54.793,-10.066,VIaMedium,104,20.6,5,2.25941064,4.191856476,0.435953073,Y,19.21500312,NA,2.81,3.1,4.9,15,"Nil
","


",03:20.3
2663,IGFS2010,FG151,101020101,255,227,4,1,Groundgear_D,Long,38D9,V,26/09/2010 11:13,31,54.944,-10.199,54.971,-10.164,VIaDeep,114,22.2,4.8,2.021185707,3.749880719,0.427486402,Y,21.14684645,NA,1.7,3.2,5.2,13.5,"Nil
","
",03:20.3
2664,IGFS2010,FG108,101020101,230,225.2,5,1,Groundgear_D,Long,39D9,V,26/09/2010 12:59,30,55.089,-10.061,55.118,-10.033,VIaDeep,110,22.1,5.1,1.988973243,3.690117334,0.405912907,Y,20.37122395,NA,1.77,3.7,3.8,16,"Nil
",NA,03:20.3
2665,IGFS2010,R210,101020101,126,133,6,1,Groundgear_D,Long,3.90E+01,V,26/09/2010 16:21,31,55.406,-9.251,55.439,-9.252,VIaDeep,110,20.2,4.9,1.980543805,3.674478302,0.404192613,Y,20.37122395,NA,1.6,1.8,5.5,16,"Nil
",NA,03:20.3
2666,IGFS2010,FG111,101020101,258,270,7,1,Groundgear_D,Long,4.00E+01,V,27/09/2010 6:15,30,55.74,-9.327,55.773,-9.324,VIaSlope,113,21.7,4.9,1.982958856,3.678958917,0.415722358,Y,20.95256612,NA,2.32,3.9,5.5,14,"Nil
",NA,03:20.3
2667,IGFS2010,SC544,101020101,132.6,138.6,8,1,Groundgear_D,Long,4.00E+02,V,27/09/2010 8:18,30,55.793,-8.992,55.825,-8.993,VIaDeep,105,21.9,4.8,1.920661299,3.563379033,0.374154798,Y,19.40712849,NA,1.94,2.8,4.1,14,"Nil
",NA,03:20.3
2668,IGFS2010,FG112,101020101,249.7,247,9,1,Groundgear_D,Long,4.10E+01,V,27/09/2010 10:25,30,55.987,-9.225,56.019,-9.211,VIaSlope,116,21.9,5,1.977287233,3.668436425,0.425538625,Y,21.53617584,NA,2.86,5.5,11.7,17,"Nil
",NA,03:20.3
2669,IGFS2010,94,101020101,229,249.8,10,1,Groundgear_D,Long,4.10E+01,V,27/09/2010 12:13,30,56.178,-9.187,56.21,-9.176,VIaSlope,114,21.9,5.2,1.955438034,3.627899878,0.413580586,Y,21.14684645,NA,2.02,4.2,6.4,24,"Nil
",NA,03:20.3
2670,IGFS2010,FG118,101020101,125.5,127.8,11,1,Groundgear_D,Long,4.10E+02,V,27/09/2010 14:55,30,56.157,-8.763,56.143,-8.817,VIaDeep,107,22.1,4.7,1.994566837,3.700495059,0.395952971,Y,19.79206392,NA,2.67,8.7,4.5,24,"Nil
",NA,03:20.3
2671,IGFS2010,FG119,101020101,141.8,147.8,12,1,Groundgear_D,Long,4.10E+02,V,27/09/2010 17:12,31,56.024,-8.41,55.995,-8.383,VIaDeep,108,20.7,4.9,1.962908436,3.641759621,0.393310039,Y,19.98487997,NA,1.98,2.2,5.3,17,"Nil
",NA,03:20.3
2672,IGFS2010,2,101020101,149,156,13,1,Groundgear_D,Long,4.10E+02,V,28/09/2010 6:17,30,56.311,-8.372,56.316,-8.314,VIaDeep,107,21.1,4.9,1.957837714,3.632351975,0.388661661,Y,19.79206392,NA,1.8,6.1,4.4,22,"Nil
",NA,03:20.3
2673,IGFS2010,MB48,101020101,178,172,14,1,Groundgear_D,Long,4.10E+02,V,28/09/2010 8:07,30,56.295,-8.116,56.286,-8.062,VIaDeep,118,25.3,4.9,1.881555892,3.490827257,0.411917616,Y,21.92655208,NA,3.12,4,5.3,22,"Nil
",NA,03:20.3
2674,IGFS2010,FG144,101020101,157,152,15,1,Groundgear_D,Long,4.10E+03,V,28/09/2010 10:21,30,56.341,-7.632,56.334,-7.575,VIaDeep,107,21.1,4.9,1.946043297,3.61046994,0.386320284,Y,19.79206392,NA,2.59,5,7.8,25,"Nil
",NA,03:20.3
2675,IGFS2010,FG143,101020101,107,107,16,1,Groundgear_D,Long,4.10E+03,V,28/09/2010 12:57,30,56.066,-7.447,56.043,-7.405,VIaMedium,107,21,4.8,1.973491839,3.661394877,0.391769252,Y,19.79206392,NA,1.88,3.6,3.4,19,"Nil
",NA,03:20.3
2676,IGFS2010,31A,101020101,54.7,55.8,17,1,Groundgear_D,Short,4.00E+03,V,28/09/2010 15:10,30,55.88,-7.056,55.85,-7.076,VIaCoast,75.3,19.96,4.9,1.922713552,3.567186553,0.268609147,Y,21.44044847,NA,1.56,2,1.7,26.1,"Nil
",NA,03:20.3
2677,IGFS2010,SC573,101020101,59.4,56.4,18,1,Groundgear_D,Short,4.00E+04,V,29/09/2010 6:12,30,55.894,-6.68,55.929,-6.669,VIaCoast,75.5,20.13,5.4,2.132906847,3.957155561,0.298765245,Y,21.50022339,NA,3.88,3,5.2,1,"Nil
",NA,03:20.3
2678,IGFS2010,FG117,101020101,68.6,73.1,19,1,Groundgear_D,Short,4.10E+04,V,29/09/2010 8:43,30,56.204,-6.741,56.204,-6.8,VIaCoast,72,18.6,5.3,1.973688264,3.661759303,0.26364667,Y,20.45762651,NA,3.01,7.3,3,3,"Nil
","Good shot of small WHG
",03:20.3
2679,IGFS2010,SC583,101020101,77,80.4,20,1,Groundgear_D,Short,4.10E+04,V,29/09/2010 10:22,30,56.368,-6.8,56.397,-6.773,VIaCoast,74.3,20.64,5,1.958963944,3.634441454,0.270039,Y,21.14193916,NA,1.43,4.2,6.7,4,"Nil
",NA,03:20.3
2680,IGFS2010,FG192,101020101,88.1,94.9,21,1,Groundgear_D,Short,4.10E+03,V,29/09/2010 12:07,30,56.324,-7.028,56.301,-7.071,VIaCoast,77.3,19.2,5.1,1.990703622,3.693327684,0.28549423,Y,22.03931511,NA,2.4,3.5,4.4,7,"Nil
",NA,03:20.3
2681,IGFS2010,93,101020101,93.4,91.2,22,1,Groundgear_D,Long,4.10E+03,V,29/09/2010 14:37,30,56.212,-7.294,56.219,-7.235,VIaMedium,90.9,18.9,5.3,2.017326067,3.742719976,0.340213246,Y,16.71780936,NA,3.09,6.9,4.1,NA,"Nil
",NA,03:20.3
2682,IGFS2010,GD5,101020101,111.9,114.6,23,1,Groundgear_D,Long,4.10E+03,V,29/09/2010 16:40,31,56.224,-7.607,56.189,-7.607,VIaMedium,101,19.1,4.9,2.100534366,3.897095298,0.393606625,Y,18.63996097,NA,4.2,3.3,9.7,NA,"Nil
",Good shot of mackerel,03:20.3
2683,IGFS2010,MB24,101020101,153.3,153.2,24,1,Groundgear_D,Long,4.10E+02,V,30/09/2010 6:12,30,56.04,-8.028,56.026,-8.082,VIaDeep,103,22.12,5.1,1.999542631,3.709726587,0.382101838,Y,19.02310202,NA,3.49,5.5,5,17,Wing sensors playing up.,"Wing sensors playing up. Massive marks on sounder, but little showing on TEY. Good catch of mainly HER and WHG.",03:20.3
2684,IGFS2010,FG95,101020101,159.9,152.4,25,1,Groundgear_D,Long,4.00E+03,V,30/09/2010 8:10,30,55.869,-7.979,55.864,-7.921,VIaDeep,107,22.2,4.9,1.98010826,3.673670242,0.393082716,Y,19.79206392,NA,2.81,4.5,6,14,"Nil
",NA,03:20.3
2685,IGFS2010,FG93,101020101,163.7,157.7,26,1,Groundgear_D,Long,4.10E+03,V,30/09/2010 10:17,30,56.031,-7.716,56.052,-7.666,VIaDeep,107,22.25,4.7,2.099918359,3.895952428,0.41686691,Y,19.79206392,NA,3.32,4.4,7.4,20,"Nil
",Mostly hake,03:20.3
2686,IGFS2010,MB6,101020101,137.3,131,27,1,Groundgear_D,Long,4.00E+03,V,30/09/2010 12:23,30,55.875,-7.657,55.86,-7.6,VIaDeep,101,21.91,5.3,2.123668472,3.940015719,0.397941588,Y,18.63996097,NA,2.7,6.4,5.2,16,"Nil
",NA,03:20.3
2687,IGFS2010,SC575,101020101,113.4,110.2,28,1,Groundgear_D,Long,4.00E+03,V,30/09/2010 14:20,30,55.98,-7.263,55.98,-7.205,VIaMedium,101,21.54,5.1,1.951529993,3.620649337,0.365685583,Y,18.63996097,NA,3.81,6.7,4.3,20,"Nil
",NA,03:20.3
2688,IGFS2010,31,101020101,56.8,56,29,1,Groundgear_D,Short,4.00E+03,V,30/09/2010 16:43,31,55.694,-7.203,55.661,-7.22,VIaCoast,80,20.04,4.8,2.062527472,3.826581582,0.306126527,Y,22.85184029,NA,3.04,2.2,10,24,Having some sensor problems still. Wings bad all day.,"Having some sensor problems still. Wings bad all day.Good small mix HKE, LEM, ray, PLE",03:20.3
2689,IGFS2010,10,101020101,23.7,31.5,30,1,Groundgear_D,Short,3.90E+03,V,01/10/2010 6:50,22,55.206,-7.91,55.225,-7.929,VIaCoast,61.6,18.3,5.6,1.313294789,2.436539497,0.150090833,Y,17.39929953,NA,0.69,1.6,1.8,18,"Nil
",Hauled early in Sheephaven due to pots ahead and to port.,03:20.3
2690,IGFS2010,MB8,101020101,69.7,65.1,31,1,Groundgear_D,Short,3.90E+03,V,01/10/2010 8:23,30,55.396,-7.988,55.387,-7.93,VIaCoast,70.1,20.45,5.3,2.053353591,3.809561394,0.267050254,Y,19.89462032,NA,1.19,3.1,3.4,24,"Nil
",NA,03:20.3
2691,IGFS2010,MB7,101020101,65.5,68.4,32,1,Groundgear_D,Short,4.00E+03,I,01/10/2010 9:57,30,55.507,-7.77,55.537,-7.747,VIaCoast,73.3,19.3,5.3,1.963164868,3.642235377,0.266975853,Y,20.84403007,NA,2.28,3.4,3.6,19,"Couple of fathoms tear down (starboard?) wing, just behind and below the V.",NA,03:20.3
2692,IGFS2010,FG114,101020101,66.1,68,33,1,Groundgear_D,Short,4.00E+03,V,01/10/2010 11:53,30,55.651,-7.583,55.651,-7.524,VIaCoast,93.8,20.34,5.6,2.001995527,3.714277416,0.348399222,Y,27.08680006,NA,1.41,4.6,3.1,NA,"Nil
",NA,03:20.3
2693,IGFS2010,FG100,101020101,56.8,57.8,34,1,Groundgear_D,Short,4.00E+03,I,01/10/2010 13:35,30,55.503,-7.401,55.502,-7.344,VIaCoast,68.8,20.04,5.6,1.942371336,3.603657395,0.247931629,Y,19.51055962,NA,1.08,3.2,4.7,19,Hit pots,NA,03:20.3
2694,IGFS2010,COD1,101020101,60.5,77.9,35,1,Groundgear_D,Short,3.90E+04,V,01/10/2010 15:38,31,55.369,-6.906,55.368,-6.849,VIaCoast,71.5,17.9,5.3,1.94895567,3.615873228,0.258534936,Y,20.30926931,NA,0.42,1.2,3.3,18,"Nil
","LSD, Ray, few scallops, poor catch",03:20.3
2695,IGFS2010,FG45,101020101,173.5,171.1,36,1,Groundgear_D,Long,3.90E+04,V,02/10/2010 6:19,30,55.343,-6.322,55.375,-6.304,VIaMedium,108,20.3,4.4,2.016399178,3.74100033,0.404028036,Y,19.98487997,NA,1.94,1.9,9.2,15,"Nil
",NA,03:20.3
2696,IGFS2010,mar-05,101020101,115.9,127.6,37,1,Groundgear_D,Long,4.00E+04,V,02/10/2010 8:47,30,55.559,-6.766,55.576,-6.718,VIaMedium,99.5,21.58,4.9,1.924788039,3.571035323,0.355318015,Y,18.35317231,NA,3.17,7.2,10.8,15,"Alot of tope, bull huss",NA,03:20.3
2697,IGFS2010,COD4,101020101,49.1,48.7,38,1,Groundgear_D,Short,3.90E+04,I,02/10/2010 11:15,30,55.41,-7.033,55.386,-6.991,VIaCoast,94.5,19.75,5.2,2.032582366,3.771024798,0.356361843,Y,27.30569412,NA,2.32,3.6,5,16,Broken fishing line - oops! No previous reference on Sodena.,NA,03:20.3
2698,IGFS2010,33,101020101,76.1,81.3,39,1,Groundgear_D,Short,4.00E+03,V,02/10/2010 14:41,30,55.51,-7.033,55.531,-7.078,VIaCoast,75.8,20.62,4.7,1.98371779,3.680366957,0.278971815,Y,21.58993189,NA,4.72,6.7,5,15,"Nil
",NA,03:20.3
2699,IGFS2010,FG115,101020101,21.1,17.2,40,1,Groundgear_D,Short,3.90E+03,V,02/10/2010 17:57,30,55.257,-7.582,55.225,-7.586,VIaCoast,58,18.07,NA,1.925076013,3.571569598,0.207151037,Y,16.35293825,NA,1.17,2.3,3.1,20,Sensors poor as drop keel up.,Sensors poor as drop keel up. Swilly. Mostly small mackerel.,03:20.3
2700,IGFS2010,9,101020101,76.3,80.7,41,1,Groundgear_D,Short,3.90E+02,I,03/10/2010 6:18,31,55.353,-8.189,55.375,-8.231,VIaCoast,102,20.63,5.3,1.950287902,3.618344901,0.36907118,Y,29.67935387,NA,3.93,9.8,7.6,20,"Tear in Starboard wing, big TEY spike during tow.",NA,03:20.3
2701,IGFS2010,12,101020101,102.1,102.6,42,1,Groundgear_D,Long,3.90E+02,V,03/10/2010 8:49,30,55.419,-8.575,55.449,-8.601,VIaMedium,101,21.33,4.9,2.006935356,3.723442218,0.376067664,Y,18.63996097,NA,4.12,8.4,8.9,23,"Nil
",Good MAC haul,03:20.3
2702,IGFS2010,6A,101020101,94,97.6,43,1,Groundgear_D,Long,4.00E+02,V,03/10/2010 10:58,30,55.664,-8.623,55.672,-8.68,VIaMedium,108,20.1,4.9,1.992008919,3.695749386,0.399140934,Y,19.98487997,NA,3.59,10.5,6.2,21,"Nil
",NA,03:20.3
2703,IGFS2010,MMMA3,101020101,135.3,146,44,1,Groundgear_D,Long,4.00E+02,V,03/10/2010 12:58,30,55.816,-8.388,55.823,-8.33,VIaDeep,103,21.88,5.2,2.004124424,3.718227131,0.382977395,Y,19.02310202,NA,3.27,6.5,10.2,11,"Nil
",NA,03:20.3
2704,IGFS2010,MB23,101020101,135.7,138.9,45,1,Groundgear_D,Long,4.10E+02,V,03/10/2010 15:33,31,55.997,-8.823,56.011,-8.877,VIaDeep,109,21.1,5.1,2.00077529,3.712013524,0.404609474,Y,20.17793229,NA,4.87,8.2,5.1,24,"Nil
",NA,03:20.3
2705,IGFS2010,MB106,101020101,97.9,99.3,46,1,Groundgear_D,Long,3.90E+02,V,04/10/2010 6:19,30,55.273,-8.711,55.271,-8.768,VIaMedium,98.4,21.25,5.4,1.956453322,3.629783529,0.357170699,Y,18.14316333,NA,4.53,12.5,8.1,28,"Nil
",NA,03:20.3
2706,IGFS2010,mar-04,101020101,94.1,89.4,47,1,Groundgear_D,Long,3.90E+01,V,04/10/2010 8:35,29,55.114,-9.012,55.081,-9.003,VIaMedium,102,22.6,5.4,2.004213514,3.71839242,0.379276027,Y,18.83142227,NA,3.75,6.9,17.2,25,Broken bungee on TSP sensor,NA,03:20.3
2707,IGFS2010,SC546,101020101,113,108,48,1,Groundgear_D,Long,3.90E+01,V,04/10/2010 11:12,30,55.136,-9.375,55.106,-9.363,VIaMedium,101,21.7,5.6,1.846832305,3.426405019,0.346066907,Y,18.63996097,NA,5.16,14.9,14.5,43,Rough weather,Rough weather,03:20.3
2708,IGFS2010,27,101020101,96.7,96.2,49,1,Groundgear_D,Long,3.80E+01,V,04/10/2010 14:32,31,54.998,-9.42,54.968,-9.396,VIaMedium,108,21.9,5.5,1.981470682,3.676197927,0.397029376,Y,19.98487997,NA,5.15,13.8,14.1,32,"Nil
",NA,03:20.3
2709,IGFS2010,26,101020101,103.4,101.4,50,1,Groundgear_D,Long,3.80E+01,V,04/10/2010 16:43,30,54.799,-9.607,54.772,-9.638,VIaMedium,104,20.8,4.9,1.944242781,3.607129463,0.375141464,Y,19.21500312,NA,4.47,14.5,12.6,NA,"Nil
",NA,03:20.3
2710,IGFS2010,15,101020101,56.6,61.9,51,1,Groundgear_D,Short,3.80E+02,V,05/10/2010 6:16,32,54.52,-8.517,54.518,-8.573,VIaCoast,74.2,20.03,5.4,1.958316988,3.633241165,0.269586494,Y,21.11212144,NA,7.56,14.9,11.8,NA,"Nil
",NA,03:20.3
2711,IGFS2010,MB49,101020101,83.6,88.3,52,1,Groundgear_D,Short,3.80E+02,I,05/10/2010 8:34,30,54.619,-8.805,54.63,-8.858,VIaCoast,80.2,20.9,5.8,1.959639057,3.635693983,0.291582657,Y,22.91221859,NA,10.75,20.3,8,25,Bad damage. Belly pulled out.,NA,03:20.3
2712,IGFS2010,MB44,101020101,73,69.5,53,1,Groundgear_D,Short,3.80E+02,V,05/10/2010 13:30,30,54.872,-8.775,54.859,-8.824,VIaCoast,86,19.2,5.4,1.866593756,3.463068192,0.297823865,Y,24.67532192,NA,11.53,20.7,22.2,31,"Nil
",Poor weather and very poos catch.,03:20.3
2713,IGFS2010,62,101010101,35,43,54,1,Groundgear_A,Short,3.50E+01,V,15/11/2010 14:52,30,53.194,-9.424,53.197,-9.479,VIIbCoast,69,19.08,4.7,1.989437001,3.690977739,0.254677464,Y,19.56958606,220,0.72,3.2,1.5,11,"Nil
",NA,03:20.3
2714,IGFS2010,59,101010101,75,70,55,1,Groundgear_A,Short,3.50E+01,V,15/11/2010 17:05,30,53.051,-9.715,53.032,-9.667,VIIbCoast,71,18,4.6,2.076099696,3.85176196,0.273475099,Y,20.16105414,340,1.57,4.6,4.9,11,"Nil
",NA,03:20.3
2715,IGFS2010,50,101010101,135,134,56,1,Groundgear_A,Long,34D8,V,16/11/2010 7:31,30,52.896,-11.061,52.865,-11.045,VIIbDeep,106,19,4.2,1.947977911,3.614059205,0.383090276,Y,19.5994811,510,3.9,7.8,15.7,20,"Nil
",NA,03:20.3
2716,IGFS2010,MB14,101010101,130,130,57,1,Groundgear_A,Long,34D9,V,16/11/2010 9:27,30,52.774,-10.876,52.751,-10.913,VIIbDeep,108,20,4.1,1.927585201,3.576224863,0.386232285,Y,19.98487997,510,3.57,11.1,8.4,32,"Nil
",NA,03:20.3
2717,IGFS2010,FG122,101010101,120,117,58,1,Groundgear_A,Long,34D9,V,16/11/2010 11:40,30,52.679,-10.592,52.681,-10.536,VIIbMedium,103,21,4.1,2.044942462,3.793956331,0.390777502,Y,19.02310202,470,3.66,7.4,14.5,26,"Nil
",NA,03:20.3
2718,IGFS2010,70,101010101,100,104,59,1,Groundgear_A,Long,34D9,V,16/11/2010 14:00,30,52.549,-10.316,52.519,-10.341,VIIbMedium,101,20,4.2,2.018361619,3.744641223,0.378208764,Y,18.63996097,400,4.23,12.2,8.7,31,"Nil
",NA,03:20.3
2719,IGFS2010,MB17,101010101,89,93,60,1,Groundgear_A,Long,34D9,V,16/11/2010 16:45,30,52.585,-10.074,52.575,-10.124,VIIbMedium,103,19,4.3,1.922798718,3.567344561,0.36743649,Y,19.02310202,400,3.38,11.8,5.7,33,"Nil
",NA,03:20.3
2720,IGFS2010,71,101010101,56,69,61,1,Groundgear_A,Short,33D9,V,19/11/2010 7:31,30,52.02,-10.326,52,-10.369,VIIjCoast,69,18,4.7,1.992800633,3.697218242,0.255108059,Y,19.56958606,280,1.76,5.4,4.9,7,"Nil
",NA,03:20.3
2721,IGFS2010,MB18,101010101,92,95,62,1,Groundgear_A,Long,32D9,V,19/11/2010 9:05,30,51.927,-10.549,51.913,-10.599,VIIjMedium,101,20,4.3,2.035410234,3.776271305,0.381403402,Y,18.63996097,400,3.22,6.3,13.8,11,"Nil
",NA,03:20.3
2722,IGFS2010,36,101010101,108,118,63,1,Groundgear_A,Long,32D9,V,19/11/2010 10:25,30,51.887,-10.717,51.878,-10.769,VIIjMedium,105,19,4.3,2.003997809,3.717992224,0.390389183,Y,19.40712849,440,3.74,8.4,15.2,12,"Nil
",NA,03:20.3
2723,IGFS2010,42,101010101,158,158,64,1,Groundgear_A,Long,32D9,V,19/11/2010 12:32,30,51.659,-10.834,51.63,-10.805,VIIjDeep,106.3,19.6,4,2.048223179,3.800043003,0.403944571,Y,19.65723164,590,3.56,6.8,13.3,17,"Nil
",NA,03:20.3
2724,IGFS2010,41,101010101,156,152,65,1,Groundgear_A,Long,31D9,V,19/11/2010 14:50,30,51.431,-10.616,51.423,-10.566,VIIjDeep,105.9,19.8,4.3,1.934828598,3.589663448,0.380145359,Y,19.58023553,575,2.54,4.8,8,18,"Nil
",NA,03:20.3
2725,IGFS2010,FG128,101010101,140,136,66,1,Groundgear_A,Long,31D9,V,19/11/2010 16:33,30,51.326,-10.384,51.308,-10.339,VIIjDeep,102.7,19.8,4.2,2.006145157,3.721976172,0.382246953,Y,18.96557499,537,1.89,5.7,7.5,19,"Nil
",NA,03:20.3
2726,IGFS2010,FG159,101010101,186,185,67,1,Groundgear_A,Long,31D8,V,20/11/2010 7:40,30,51.082,-11.072,51.049,-11.072,VIIjDeep,111,19.9,4,1.97879546,3.67123462,0.407507043,Y,20.56475805,645,1.91,5.4,7.6,17,"Nil
",NA,03:20.3
2727,IGFS2010,FG6,101010101,177,172,68,1,Groundgear_A,Long,30D9,V,20/11/2010 9:54,30,50.846,-10.893,50.844,-10.84,VIIjDeep,111,20.3,3.9,2.015581806,3.739483869,0.41508271,Y,20.56475805,630,1.91,6.3,7.6,18,"Nil
",NA,03:20.3
2728,IGFS2010,FG62,101010101,299,253,69,1,Groundgear_A,Long,30D9,I,20/11/2010 12:26,30,50.553,-10.931,50.523,-10.906,VIIjSlope,119,23.42,3.7,2.036669742,3.778608055,0.449654359,Y,22.12214112,800,2.32,5.7,6.6,16,"Nil
",TS and TEY readings were dodgy for first 13 minutes of tow and then both returned to normal (at the same time) doors normal but a blip at 13 minutes. Catch worked up fully but haul flagged as invalid.,03:20.3
2729,IGFS2010,FG63,101010101,170,168,70,1,Groundgear_A,Long,30D9,V,20/11/2010 14:28,30,50.577,-10.643,50.581,-10.59,VIIjDeep,112.4,20.7,4.1,2.037593884,3.780322605,0.424908261,Y,20.83611905,615,2.42,8.3,10.4,13,"Nil
",NA,03:20.3
2730,IGFS2010,FG30,101010101,164,160,71,1,Groundgear_A,Long,29D9,V,20/11/2010 16:39,30,50.369,-10.574,50.342,-10.546,VIIjDeep,111.5,21.7,NA,1.942707352,3.604280802,0.401877309,Y,20.66161699,590,2.49,7.9,6.1,9,"Nil
",Tide measurements taken 10nm to the N of actual position (no data S of 50 30'),03:20.3
2731,IGFS2010,FG130,101010101,140,142,72,1,Groundgear_A,Long,30D9,V,21/11/2010 7:34,30,50.785,-10.275,50.751,-10.281,VIIjDeep,113,21.95,4.2,2.051381096,3.805901848,0.430066909,Y,20.95256612,530,2.38,6.8,8.4,6,"Nil
",NA,03:20.3
2732,IGFS2010,FG54,101010101,147,142,73,1,Groundgear_A,Long,30D9,V,21/11/2010 9:59,30,50.516,-10.085,50.504,-10.037,VIIjMedium,103,19.3,4.1,1.971215199,3.657171055,0.376688619,Y,19.02310202,565,1.86,6.5,4.9,20,"Nil
",The back chain on the doors was taken in one link to try to get a better spread.,03:20.3
2733,IGFS2010,FG161,101010101,128,128,74,1,Groundgear_A,Long,2.90E+01,V,21/11/2010 12:11,30,50.347,-9.758,50.36,-9.709,VIIjDeep,119,19.3,4.3,2.034832217,3.775198918,0.449248671,Y,22.12214112,500,2.03,5.9,6.5,18,"Nil
","









",03:20.3
2734,IGFS2010,FG55,101010101,130,130,75,1,Groundgear_A,Long,3.00E+01,V,21/11/2010 14:32,30,50.584,-9.497,50.605,-9.458,VIIjMedium,108,23,4.1,1.949588568,3.617047437,0.390641123,Y,19.98487997,500,5.06,6.6,8,14,"Nil
",Door sensors bit wobbly,03:20.3
2735,IGFS2010,CC431,101010101,129,135,76,1,Groundgear_A,Long,2.90E+01,V,21/11/2010 16:18,30,50.482,-9.355,50.448,-9.357,VIIjDeep,100,19.2,4.3,2.039984288,3.784757491,0.378475749,Y,18.44871523,500,2.27,6.4,10,20,"Nil
","Door sensors still wobbly, will take back a link on the chain",03:20.3
2736,IGFS2010,FG132,101010101,130,127,77,1,Groundgear_A,Long,3.00E+01,V,22/11/2010 7:26,30,50.518,-9.145,50.521,-9.092,VIIjDeep,108,20.4,3.9,2.033947323,3.773557185,0.407544176,Y,19.98487997,510,1.12,3.8,4.3,11,"Nil
",Adjusted doors again; moved towing point to fwd position.,03:20.3
2737,IGFS2010,CC306,101010101,122,125,78,1,Groundgear_A,Long,3.00E+02,V,22/11/2010 9:23,30,50.624,-8.908,50.598,-8.872,VIIgMedium,103,19.5,3.9,2.077664351,3.854664844,0.397030479,Y,19.02310202,475,1.27,3.4,2.7,11,"Nil
",NA,03:20.3
2738,IGFS2010,FG12,101010101,121,122,79,1,Groundgear_A,Long,3.00E+02,V,22/11/2010 11:13,30,50.56,-8.614,50.591,-8.594,VIIgMedium,107,20.2,4,2.009456712,3.72812006,0.398908846,Y,19.79206392,480,1.35,2.7,4.4,12,"Nil
",NA,03:20.3
2739,IGFS2010,62A,101010101,116,115,80,1,Groundgear_A,Long,3.00E+02,V,22/11/2010 12:46,30,50.704,-8.497,50.73,-8.46,VIIgMedium,107,19.9,4.1,2.100971936,3.897907117,0.417076062,Y,19.79206392,450,0.91,2.2,3.6,11,"Nil
",NA,03:20.3
2740,IGFS2010,FG14,101010101,127,124,81,1,Groundgear_A,Long,3.00E+02,V,22/11/2010 14:45,30,50.629,-8.232,50.646,-8.189,VIIgMedium,116,21.6,4.2,1.930627543,3.581869283,0.415496837,Y,21.53617584,490,0.74,2.4,3.6,15,"Nil
",NA,03:20.3
2741,IGFS2010,FG133,101010101,124,123,82,1,Groundgear_A,Long,3.00E+02,V,22/11/2010 16:39,30,50.518,-8.068,50.535,-8.022,VIIgMedium,112,20.7,4.1,2.032236084,3.770382345,0.422282823,Y,20.75853772,482,0.83,2.7,3.8,14,"Nil
",NA,03:20.3
2742,IGFS2010,CC307,101010101,109,109,83,1,Groundgear_A,Long,3.00E+03,V,23/11/2010 7:23,30,50.646,-7.295,50.651,-7.348,VIIgMedium,110,21.46,4,2.042571525,3.789557559,0.416851332,Y,20.37122395,440,0.66,2.6,3.7,8,"Nil
",NA,03:20.3
2743,IGFS2010,MB30,101010101,112,110,84,1,Groundgear_A,Long,3.00E+03,V,23/11/2010 9:06,30,50.612,-7.604,50.645,-7.615,VIIgMedium,104,20.8,3.9,2.022631001,3.752562154,0.390266464,Y,19.21500312,440,0.77,1.7,3.3,7,"Nil
",NA,03:20.3
2744,IGFS2010,FG53,101010101,110,111,85,1,Groundgear_A,Long,3.00E+03,V,23/11/2010 10:58,30,50.703,-7.885,50.723,-7.842,VIIgMedium,100,19.6,3.9,2.029237264,3.764818672,0.376481867,Y,18.44871523,440,0.6,1.3,2.7,6,"Nil
",NA,03:20.3
2745,IGFS2010,FG35,101010101,106,105,86,1,Groundgear_A,Long,3.00E+03,V,23/11/2010 12:43,30,50.885,-7.783,50.91,-7.746,VIIgMedium,97,18.5,4.1,2.053202158,3.809280441,0.369500203,Y,17.87624306,425,0.49,1.1,3.3,3,"Nil
",NA,03:20.3
2746,IGFS2010,FG23,101010101,105,106,87,1,Groundgear_A,Long,3.10E+03,V,23/11/2010 15:01,30,51.16,-7.441,51.184,-7.404,VIIgMedium,103,19.5,4.2,2.004129935,3.718237356,0.382978448,Y,19.02310202,435,0.39,0.9,3.1,6,"Nil
",NA,03:20.3
2747,IGFS2010,FG15,101010101,91,91,88,1,Groundgear_A,Long,3.10E+03,V,23/11/2010 16:38,30,51.329,-7.425,51.349,-7.466,VIIgMedium,94,18.7,4.2,1.951891727,3.621320458,0.340404123,Y,17.3056099,390,0.48,1.1,3.9,9,"Nil
",NA,03:20.3
2748,IGFS2010,CN304,101010101,109,106,89,1,Groundgear_A,Long,3.10E+04,I,24/11/2010 7:32,30,51.174,-6.136,51.143,-6.15,VIIgMedium,92,24.7,3.2,1.932404207,3.585165504,0.329835226,Y,16.926173,440,0.64,1.5,3.7,11,No damage but gear must have been tangled up a bit,"symmetry way out and headline very low, something must have been tangled up",03:20.3
2749,IGFS2010,113,101010101,87,88,90,1,Groundgear_A,Long,3.10E+05,V,24/11/2010 9:47,30,51.058,-5.785,51.09,-5.805,VIIgMedium,97,18.5,4.3,2.062219022,3.826009316,0.371122904,Y,17.87624306,380,0.73,2.2,2.9,20,"Nil
",NA,03:20.3
2750,IGFS2010,44,101010101,75,75,91,1,Groundgear_A,Short,3.10E+05,V,24/11/2010 12:03,30,51.245,-5.495,51.274,-5.525,VIIgCoast,72,17.9,4.2,2.073210654,3.846401956,0.276940941,Y,20.45762651,336,0.76,1.2,3,7,"Nil
",NA,03:20.3
2751,IGFS2010,MB32,101010101,70,72,92,1,Groundgear_A,Short,3.10E+05,V,24/11/2010 13:52,30,51.463,-5.493,51.483,-5.537,VIIgCoast,78,19.1,3.8,2.038081055,3.781226447,0.294935663,Y,22.24951462,320,0.65,0.9,3.4,3,"Nil
",NA,03:20.3
2752,IGFS2010,FG136,101010101,87,91,93,1,Groundgear_A,Long,3.20E+05,V,24/11/2010 15:39,30,51.494,-5.785,51.517,-5.823,VIIgMedium,109,20,3.8,1.981102307,3.675514485,0.400631079,Y,20.17793229,366,0.75,0.8,3.3,10,"Nil
",Took back chain on doors up another link. Doors spread better now but peaky ground so a bit unstable.,03:20.3
2753,IGFS2010,42A,101010101,51,48,94,1,Groundgear_A,Short,3.30E+03,V,25/11/2010 7:32,30,52.033,-7.364,52.03,-7.419,VIIgCoast,63,19.82,4.6,2.042470444,3.789370025,0.238730312,Y,17.80781937,250,0.4,0.6,5.6,15,"Nil
",Poor Spread - Unknow cause,03:20.3
2754,IGFS2010,FG138,101010101,64,66,95,1,Groundgear_A,Short,3.20E+03,V,25/11/2010 9:00,30,51.916,-7.404,51.892,-7.439,VIIgCoast,66,17,4.4,1.938418167,3.596323131,0.237357327,Y,18.68641224,300,0.66,2,3.7,16,Dogleg in this tow,dogleg in this tow!,03:20.3
2755,IGFS2010,FG18,101010101,84,84,96,1,Groundgear_A,Long,3.20E+03,V,25/11/2010 11:28,30,51.629,-7.809,51.617,-7.857,VIIgMedium,94,18,4.6,1.930840884,3.582265091,0.336732919,Y,17.3056099,366,1.02,2.9,2.3,13,"Nil
",NA,03:20.3
2756,IGFS2010,CN205,101010101,71,75,97,1,Groundgear_A,Short,3.20E+02,V,25/11/2010 13:15,30,51.71,-7.989,51.686,-8.027,VIIgCoast,74,18.3,4.4,2.019131614,3.746069784,0.277209164,Y,21.05250394,336,0.62,1.6,1.8,15,"Nil
",NA,03:20.3
2757,IGFS2010,53A,101010101,63,77,98,1,Groundgear_A,Short,3.20E+02,V,25/11/2010 14:56,30,51.637,-8.255,51.604,-8.251,VIIgCoast,74,18.3,4.4,1.984609222,3.68202082,0.272469541,Y,21.05250394,336,0.62,1.6,1.8,15,"Small tear in wing, some stones in bag. Nothing major",NA,03:20.3
2758,IGFS2010,FG17A,101010101,87,88,99,1,Groundgear_A,Long,3.10E+02,V,25/11/2010 16:34,30,51.501,-8.105,51.481,-8.149,VIIgMedium,93,17.4,4.2,2.03755889,3.780257681,0.351563964,Y,17.11579472,375,1.38,3.9,3,17,Nil,NA,03:20.3
2759,IGFS2010,CN204,101010101,81,81,100,1,Groundgear_A,Short,3.20E+03,I,26/11/2010 7:32,30,51.618,-7.444,51.639,-7.4,VIIgCoast,72,18,4.4,2.069504384,3.839525759,0.276445855,Y,20.45762651,360,1.11,3.1,3.1,22,"Longish tear in belly, probably a stone, 1hr mending",NA,03:20.3
2760,IGFS2010,FG46A,101010101,75,76,101,1,Groundgear_A,Short,3.20E+03,V,26/11/2010 9:53,30,51.772,-7.046,51.796,-7.08,VIIgCoast,68,17,4.5,1.915961219,3.554659033,0.241716814,Y,19.2746684,350,0.96,1.6,3.3,20,"Nil
","Tried an alternative to FG46, from sodena tracks (green isle)",03:20.3
2761,IGFS2010,CN207,101010101,73,72,102,1,Groundgear_A,Short,3.20E+04,V,26/11/2010 11:57,30,51.774,-6.715,51.799,-6.678,VIIgCoast,71,17.6,4.4,2.035095335,3.775687079,0.268073783,Y,20.16105414,336,1.92,4.6,4.4,30,"Nil
",NA,03:20.3
2762,IGFS2010,69,101010101,67,71,103,1,Groundgear_A,Short,3.20E+04,V,26/11/2010 13:39,30,51.81,-6.479,51.838,-6.51,VIIgCoast,68,17.4,4.5,2.036390688,3.778090331,0.256910142,Y,19.2746684,300,1.03,3.4,2.9,18,"Nil
",NA,03:20.3
2763,IGFS2010,33A,101010101,58,53,104,1,Groundgear_A,Short,3.20E+04,V,26/11/2010 15:41,30,51.975,-6.739,52.007,-6.758,VIIgCoast,65,16.4,4.4,2.044005439,3.792217883,0.246494162,Y,18.39305272,600,6.8,1.3,2.4,26,"Nil
",NA,03:20.3
2764,IGFS2010,FG25,101010101,79,83,105,1,Groundgear_A,Short,3.30E+04,V,27/11/2010 7:29,30,52.006,-6.258,52.018,-6.207,VIIgCoast,68,16.9,4.4,2.01994063,3.747570742,0.25483481,Y,19.2746684,336,0.83,1.9,1.9,20,"Nil
",NA,03:20.3
2765,IGFS2010,FG26,101010101,114,114,106,1,Groundgear_A,Long,3.20E+04,V,27/11/2010 9:21,30,51.833,-6.079,51.799,-6.072,VIIgMedium,99,19.2,3.8,2.055554377,3.813644484,0.377550804,Y,18.25768221,455,0.7,3.7,2.8,23,small tear in wing,NA,03:20.3
2766,IGFS2010,40,101010101,120,116,107,1,Groundgear_A,Long,3.20E+05,V,27/11/2010 11:11,30,51.755,-5.856,51.734,-5.901,VIIgMedium,104,18.8,3.6,2.095831051,3.888369297,0.404390407,Y,19.21500312,482,0.61,2.9,2.4,16,"Nil
",NA,03:20.3
2767,IGFS2010,FG139,101010101,111,114,108,1,Groundgear_A,Long,3.20E+04,V,27/11/2010 13:12,30,51.613,-6.192,51.58,-6.212,VIIgMedium,96,18.5,4.1,2.115262347,3.924419938,0.376744314,Y,17.68583135,450,0.89,4.4,3,25,"Nil
",Speed a bit high to avoid curious beam trawler,03:20.3
2768,IGFS2010,110,101010101,77,77,109,1,Groundgear_A,Short,3.20E+04,V,27/11/2010 15:02,30,51.578,-6.498,51.611,-6.518,VIIgCoast,73,18,4.1,2.115273298,3.924440257,0.286484139,Y,20.75477265,350,2.32,7.4,5,22,"Nil
",NA,03:20.3
2769,IGFS2010,FG48,101010101,102,101,110,1,Groundgear_A,Long,3.10E+04,V,28/11/2010 7:50,30,51.398,-6.015,51.365,-6.011,VIIgMedium,93,21.2,3.9,1.984587427,3.681980383,0.342424176,Y,17.11579472,425,0.5,1.3,1.3,4,"Nil
",NA,03:20.3
2770,IGFS2010,112,101010101,112,113,111,1,Groundgear_A,Long,3.10E+04,V,28/11/2010 10:02,30,51.244,-6.332,51.211,-6.338,VIIgMedium,98,18.4,4.1,1.991703722,3.695183158,0.36212795,Y,18.06685909,450,0.49,1.4,1.7,4,"Nil
",Fin whales,03:20.3
2771,IGFS2010,FG39,101010101,110,110,112,1,Groundgear_A,Long,3.10E+04,V,28/11/2010 11:47,30,51.216,-6.602,51.189,-6.635,VIIgMedium,98,18.3,4.2,2.041270692,3.78714414,0.371140126,Y,18.06685909,440,0.53,1.4,1.3,8,"Nil
",NA,03:20.3
2772,IGFS2010,FG187,101010101,111,110,113,1,Groundgear_A,Long,3.10E+04,V,28/11/2010 13:54,30,51.325,-6.912,51.354,-6.885,VIIgMedium,99,21.7,3.8,2.01311406,3.734905491,0.369755644,Y,18.25768221,460,0.48,1.2,2.2,13,"Nil
",NA,03:20.3
2773,IGFS2010,FG168,101010101,87,89,114,1,Groundgear_A,Long,3.10E+03,V,28/11/2010 15:44,30,51.298,-7.187,51.29,-7.239,VIIgMedium,108,18.1,4.5,2.013037675,3.734763776,0.403354488,Y,19.98487997,380,0.51,2,1.5,18,"Nil
",NA,03:20.3
2774,IGFS2010,FG178,101010101,80,81,115,1,Groundgear_A,Short,3.20E+03,V,29/11/2010 7:38,30,51.59,-7.464,51.585,-7.519,VIIgCoast,71,18.2,4.4,2.076383623,3.852288726,0.2735125,Y,20.16105414,350,0.82,3.5,3,21,"Nil
",NA,03:20.3
2775,IGFS2010,FG37,101010101,93,94,116,1,Groundgear_A,Long,3.10E+03,V,29/11/2010 9:48,30,51.361,-7.753,51.334,-7.785,VIIgMedium,95,17.9,4.4,2.016321382,3.740855997,0.35538132,Y,17.49562121,390,1.65,5.5,5.1,22,"Few stones, no damage",NA,03:20.3
2776,IGFS2010,FG52,101010101,101,101,117,1,Groundgear_A,Long,3.10E+02,V,29/11/2010 11:37,30,51.247,-8.061,51.225,-8.102,VIIgMedium,99,18.3,4.4,2.030397517,3.766971275,0.372930156,Y,18.25768221,425,2.06,8.2,7.4,28,"Nil
",NA,03:20.3
2777,IGFS2010,FG16,101010101,107,108,118,1,Groundgear_A,Long,3.10E+02,V,29/11/2010 13:12,30,51.108,-8.217,51.092,-8.264,VIIgMedium,105,19.2,4.3,2.017253897,3.74258608,0.392971538,Y,19.40712849,440,1.84,9.4,7.4,28,"Nil
",Went off the track a bit. Oops. No harm done.,03:20.3
2778,IGFS2010,FG140,101010101,101,104,119,1,Groundgear_A,Long,3.10E+02,V,29/11/2010 15:43,30,51.034,-8.072,51.021,-8.122,VIIgMedium,101,19.5,4.2,2.045099529,3.794247734,0.383219021,Y,18.63996097,425,2.06,8.9,7.5,25,"Nil
",NA,03:20.3
2779,IGFS2010,FG51,101010101,94,94,120,1,Groundgear_A,Long,3.10E+02,V,30/11/2010 7:36,30,51.348,-8.108,51.354,-8.16,VIIgMedium,95,18.1,4.2,1.985490992,3.683656757,0.349947392,Y,17.49562121,390,1.07,4.5,5.2,18,"Few stones, no damage",NA,03:20.3
2780,IGFS2010,FG134,101010101,91,90,121,1,Groundgear_A,Long,3.10E+02,V,30/11/2010 9:06,30,51.422,-8.289,51.436,-8.338,VIIgMedium,93,17.7,4.1,2.019608212,3.746954011,0.348466723,Y,17.11579472,390,1.13,4,5.1,12,"Stones in bag, small mesh chafed a good bit and some small holes. 1 hr of mending. Valid tow.",NA,03:20.3
2781,IGFS2010,FG183,101010101,95,95,122,1,Groundgear_A,Long,3.10E+02,V,30/11/2010 11:16,30,51.46,-8.505,51.445,-8.553,VIIgMedium,97,18,4.4,2.010840603,3.730687574,0.361876695,Y,17.87624306,390,1.33,5,4.8,22,"Nil
",NA,03:20.3
2782,IGFS2010,64,101010101,104,106,123,1,Groundgear_A,Long,3.10E+02,V,30/11/2010 13:12,30,51.261,-8.687,51.262,-8.741,VIIgMedium,101,18.9,4.3,2.032552032,3.770968519,0.38086782,Y,18.63996097,425,1.8,6.3,10.7,26,"Nil
",NA,03:20.3
2783,IGFS2010,FG179,101010101,90,87,124,1,Groundgear_A,Short,3.10E+02,I,30/11/2010 15:29,30,51.445,-8.89,51.439,-8.944,VIIgCoast,83,19.7,4.4,2.055436973,3.813426666,0.316514413,Y,23.76038723,380,1.99,7.6,8.7,25,Big tear in belly and some damage to wings. Replaced net with E3,NA,03:20.3
2784,IGFS2010,FG9,101010101,55,49,125,1,Groundgear_A,Short,3.10E+01,V,01/12/2010 7:38,30,51.446,-9.693,51.457,-9.642,VIIjCoast,72,18.2,4.6,2.021527626,3.750515075,0.270037085,Y,20.45762651,275,1.07,3.9,3.5,12,"Nil
",NA,03:20.3
2785,IGFS2010,FG33,101010101,73,74,126,1,Groundgear_A,Short,32D9,V,01/12/2010 11:51,30,51.513,-10.034,51.493,-10.075,VIIjCoast,71,17.5,4.4,1.947574926,3.613311551,0.25654512,Y,20.16105414,336,1.11,7.3,1.8,14,"Nil
",NA,03:20.3
2786,IGFS2010,FG190,101010101,124,128,127,1,Groundgear_A,Long,31D9,V,01/12/2010 13:29,30,51.372,-10.254,51.349,-10.293,VIIjMedium,98,18,4.4,2.01147808,3.731870278,0.365723287,Y,18.06685909,482,1.52,9.5,3.3,13,"Nil
",NA,03:20.3
2787,IGFS2010,FG4,101010101,167,167,128,1,Groundgear_A,Long,31D9,V,01/12/2010 16:04,30,51.458,-10.796,51.487,-10.826,VIIjDeep,102,22.29,4.4,2.070424384,3.841232623,0.391805728,Y,18.83142227,600,1.54,4.3,4.2,17,"Nil
",NA,03:20.3
2788,IGFS2010,66,101010101,54,59,129,1,Groundgear_A,Short,3.40E+01,I,02/12/2010 7:48,30,52.762,-9.628,52.794,-9.613,VIIbCoast,76,18.5,4.3,1.995428207,3.702093149,0.281359079,Y,21.64976842,274,0.63,2.5,0.9,15,"Invalid, lifeline got wrapped around cod-end",NA,03:20.3
2789,IGFS2010,66,101010101,55,60,130,1,Groundgear_A,Short,3.40E+01,V,02/12/2010 9:16,30,52.763,-9.628,52.795,-9.612,VIIbCoast,75,19.97,4.4,2.005674633,3.721103214,0.279082741,Y,21.35083196,274,0.51,2.5,1,14,"Nil
",NA,03:20.3
2790,IGFS2010,52,101010101,124,125,131,1,Groundgear_A,Long,35D9,V,04/12/2010 8:18,30,53.174,-10.701,53.152,-10.739,VIIbMedium,109,19.3,4.4,1.902158695,3.529051382,0.384666601,Y,20.17793229,482,2.5,10.8,6.4,9,"Reduced the length of the nose chain on both doors by 2 links on last tow of leg 2.
",Reduced the length of the nose chain on both doors by 2 links on last tow of leg 2.,03:20.3
2791,IGFS2010,MB12,101010101,132.3,133.3,132,1,Groundgear_A,Long,35D9,V,04/12/2010 9:50,30,53.079,-10.945,53.094,-10.993,VIIbDeep,112,20.7,4.4,1.953099595,3.623561401,0.405838877,Y,20.75853772,510,2.37,8.1,7.3,8,"Nil
",NA,03:20.3
2792,IGFS2010,FG120,101010101,137.6,138.2,133,1,Groundgear_A,Long,35D8,V,04/12/2010 11:39,31,53.003,-11.237,53.036,-11.231,VIIbDeep,114.2,20.8,4.2,1.991316984,3.694465647,0.421907977,Y,21.18573303,537,2.44,4.9,6.6,15,"Nil
",NA,03:20.3
2793,IGFS2010,89,101010101,149.9,149.9,134,1,Groundgear_A,Long,35D8,I,04/12/2010 14:45,4,53.203,-11.265,53.203,-11.265,VIIbDeep,117.2784345,22.08,NA,0,0,0,N,999,NA,NA,NA,NA,NA,Big dip in headline and ships speed dropped 0.5kts. Hauled back but no damage. Dumped gill nets on this tow last year.,Bog dip in headline and speed slowed by 0.5kts,03:20.3
2794,IGFS2010,89A,101010101,147.9,149.5,135,1,Groundgear_A,Long,35D8,V,04/12/2010 15:45,30,53.219,-11.212,53.2,-11.257,VIIbDeep,114.3,20,4.2,1.981174942,3.675649242,0.420126708,Y,21.20518016,540,2.48,12.8,5.8,12,"Nil
",NA,03:20.3
2795,IGFS2010,PO113,101010101,372,362.6,136,1,Groundgear_A,Long,36D8,V,05/12/2010 8:06,30,53.95,-11.904,53.95,-11.849,VIIbSlope,127.7,21.9,4.1,1.946322613,3.61098815,0.461123187,Y,23.83561297,1049,3.2,7.3,14.1,14,"Nil
",NA,03:20.3
2796,IGFS2010,FG99,101010101,315,301.5,137,1,Groundgear_A,Long,36D8,V,05/12/2010 9:59,30,53.954,-11.54,53.955,-11.482,VIIbSlope,130,22.2,4.1,2.053141392,3.809167703,0.495191801,Y,24.29233357,950,6.8,21.7,21.7,14,"Lost door sensor readings, flat battery. Charge sensors next tow.",NA,03:20.3
2797,IGFS2010,MB1,101010101,178.6,178,138,1,Groundgear_A,Long,36D8,V,05/12/2010 12:21,30,53.827,-11.054,53.798,-11.08,VIIbDeep,115.9,20.8,4.4,1.969483096,3.653957506,0.423493675,Y,21.51668472,642,2.24,6.3,13,9,"Nil
",NA,03:20.3
2798,IGFS2010,95,101010101,157.5,154.1,139,1,Groundgear_A,Long,36D9,V,05/12/2010 14:18,30,53.738,-10.865,53.707,-10.88,VIIbDeep,115,20.6,4.4,1.934774517,3.589563112,0.412799758,Y,21.34138194,590,2.71,6,11.5,11,"Nil
",NA,03:20.3
2799,IGFS2010,90,101010101,143,146.2,140,1,Groundgear_A,Long,34D8,V,06/12/2010 9:27,30,52.748,-11.499,52.723,-11.534,VIIbDeep,114.2,21,4.5,1.96781881,3.650869777,0.416929329,Y,21.18573303,537,3.76,5.8,12.5,16,"Nil
",NA,03:20.3
2800,IGFS2010,FG105,101010101,174.1,177,141,1,Groundgear_A,Long,34D8,V,06/12/2010 11:29,29,52.597,-11.748,52.626,-11.775,VIIbDeep,115.6,20.8,4.4,1.999327188,3.709326879,0.428798187,Y,21.45822706,590,2.88,5.9,7.3,14,"Nil
",NA,03:20.3
2801,IGFS2010,PO39,101010101,253,256.4,142,1,Groundgear_A,Long,34D7,V,06/12/2010 13:28,30,52.702,-12.054,52.734,-12.073,VIIbSlope,124,21.9,4.3,2.040316899,3.785374581,0.469386448,Y,23.10423247,804,3.52,6.8,5.9,22,"Nil
",NA,03:20.3
2802,IGFS2010,PO238,101010101,370.1,380,143,1,Groundgear_A,Long,34D7,V,06/12/2010 15:24,30,52.738,-12.304,52.707,-12.304,VIIbSlope,124.5,22.1,4.8,1.859394906,3.449712255,0.429489176,Y,23.20283212,1016,3.08,4.1,5.9,18,"Nil
",NA,03:20.3
2803,IGFS2010,FG28,101010101,235,239.1,144,1,Groundgear_A,Long,32D8,V,07/12/2010 8:14,30,51.61,-11.388,51.578,-11.381,VIIjSlope,120.8,21.4,4.5,1.936735795,3.593201847,0.434058783,Y,22.47488861,761,2.99,7.8,8.2,19,"Nil
",NA,03:20.3
2804,IGFS2010,FG126,101010101,300.6,307,145,1,Groundgear_A,Long,31D8,I,07/12/2010 10:03,5,51.391,-11.461,51.387,-11.461,VIIjSlope,129.7334705,23.43,NA,0.239867322,0.445022861,0.05773436,N,999,NA,NA,NA,NA,NA,"Hauled  back due to dip in headline, doors in. No damage but coral on footrope.
","Hauled  back due to dip in headline, doors in. No damage but coral on footrope.",03:20.3
2805,IGFS2010,FG157,101010101,250,255.7,146,1,Groundgear_A,Long,31D8,V,07/12/2010 11:15,30,51.44,-11.391,51.471,-11.398,VIIjSlope,120.8,21,4.4,1.877400385,3.483117598,0.420760606,Y,22.47488861,784,3.31,8.1,6.5,17,"Nil
",NA,03:20.3
2806,IGFS2010,FG125,101010101,378,356,147,1,Groundgear_A,Long,31D8,V,07/12/2010 14:11,30,51.114,-11.427,51.094,-11.389,VIIjSlope,123.8,21.6,4.6,1.869830167,3.469072665,0.429471196,Y,23.06481289,1050,2.65,8.2,16.1,21,Warp increased from 1050 - 1120m as depth increased from 378m to 402m then rose to 356m at haul back. ,"Warp increased from 1050 - 1120m as depth increased from 378m to 402m then rose to 356m at haul back. Off bottom at 14:26 for 2-3min approx, more warp paid out to 1120m. Depth increased, but trawl stabalised.",03:20.3
2807,IGFS2010,FG124,101010101,228.1,249.9,148,1,Groundgear_A,Long,30D8,V,07/12/2010 16:26,30,50.906,-11.115,50.873,-11.11,VIIjSlope,119.2,21,4.1,1.987801398,3.687943225,0.439602832,Y,22.16129143,750,2.22,7.1,6.1,27,"Nil
",NA,03:20.3
2808,IGFS2010,FG124,101010101,240.6,234.2,149,1,Groundgear_A,Long,30D8,A,07/12/2010 17:49,41,50.856,-11.107,50.9,-11.114,VIIjSlope,125.7481309,23,NA,2.651639157,4.919553167,0.618624615,N,999,NA,NA,NA,NA,NA,"Warp trial: 625 - 700m Depth 240 - 234m (IBTS 750m; 3:1 675m) Preferred 700
",NA,03:20.3
2809,IGFS2010,FG6,101010101,178.9,175,150,1,Groundgear_A,Long,30D9,A,07/12/2010 20:05,27,50.845,-10.895,50.844,-10.851,VIIjDeep,120.4442031,22.42,NA,1.671442547,3.101006581,0.373498267,N,999,NA,NA,NA,NA,35,"Warp trial: warp 475-550m Depth 178.9 - 175m (IBTS 616m 3:1 525m) Preferred warp 550m
",NA,03:20.3
2810,IGFS2010,FG11,101010101,121,117.2,151,1,Groundgear_A,Long,3.00E+02,V,08/12/2010 8:07,30,50.848,-8.898,50.88,-8.891,VIIgMedium,118.7,22.4,4.2,1.937064682,3.593812027,0.426585488,Y,22.06343602,482,2.71,8.3,4.7,22,"Nil
",Door sensors unstable Frankie to change for the next tow.,03:20.3
2811,IGFS2010,FG181,101010101,110.6,108.7,152,1,Groundgear_A,Long,3.10E+02,V,08/12/2010 10:40,30,51.075,-8.649,51.093,-8.605,VIIgMedium,113.2,20.1,4.1,1.981557167,3.676358381,0.416163769,Y,20.99140193,420,1.55,6.7,3.4,24,"Nil
",Wing sensors not reading at start of the tow.,03:20.3
2812,IGFS2010,FG166,101010101,87.4,87.5,153,1,Groundgear_A,Short,3.10E+03,V,08/12/2010 15:32,31,51.409,-7.619,51.431,-7.579,VIIgCoast,65.1,16.2,4.3,1.997439426,3.705824539,0.241249177,Y,18.42236606,380,0.96,3.6,2.1,22,"Nil
",Having problems with door sensors,03:20.3
2813,IGFS2010,FG166,101010101,87.7,89.5,154,1,Groundgear_A,Short,3.10E+03,A,08/12/2010 16:34,38,51.427,-7.586,51.401,-7.635,VIIgCoast,83.580874,20.9,NA,2.409798357,4.470868937,0.373679133,N,999,NA,NA,NA,NA,16,"Warp/Depth ratio trial. Warp 250m-380m. (IBTS 380m, 3:1 250m, Preferred 275m) Depth 87.7m-89.5m",NA,03:20.3
2814,IGFS2010,FG141,101010101,113.7,113.4,155,1,Groundgear_A,Long,3.10E+02,V,09/12/2010 7:59,30,51.099,-8.785,51.099,-8.837,VIIgMedium,111.6,21.54,4.1,1.963310583,3.642505719,0.406503638,Y,20.68099618,453,0.68,2.9,2.4,7,"Wing sensor not working, will change for next tow. Trawl speed giving false reading probably fouled in netting.
",NA,03:20.3
2815,IGFS2010,FG34A,101010101,117.7,117.7,156,1,Groundgear_A,Long,3.10E+01,V,09/12/2010 10:17,30,51.116,-9.328,51.117,-9.381,VIIjMedium,112.8,22.1,4.4,2.001209619,3.712819329,0.41880602,Y,20.91374039,482,0.6,1.9,1.9,9,"Wing sensor took a while to give a good reading but settled into the role towards the end of the tow.
",NA,03:20.3
2816,IGFS2010,FG169,101010101,122.1,122.2,157,1,Groundgear_A,Long,3.00E+01,V,09/12/2010 12:09,30,50.921,-9.301,50.888,-9.3,VIIjMedium,91.1,22,4.1,1.979103817,3.671806711,0.334501591,Y,16.75567665,482,0.78,2.5,2.8,6,"Nil
Bouncy ground here! Hard ground.",NA,03:20.3
2817,IGFS2010,FG163,101010101,120.1,122.3,158,1,Groundgear_A,Long,3.00E+01,V,09/12/2010 13:50,30,50.835,-9.561,50.832,-9.614,VIIjDeep,115,20.7,4.3,2.020528906,3.748662164,0.431096149,Y,21.34138194,482,0.94,3.4,2.3,6,"Nil
Door Sensors not working properly, will change them for next tow.",NA,03:20.3
2818,IGFS2010,MB20,101010101,123.1,116.7,159,1,Groundgear_A,Long,3.10E+01,V,09/12/2010 16:05,30,51.128,-9.593,51.145,-9.594,VIIjMedium,111.9,21.2,4.4,1.020089735,1.892559806,0.211777442,Y,20.73914861,482,1.05,2.3,2.5,8,"Nil
",NA,03:20.3
2819,IGFS2010,FG129,101010101,161,160.4,160,1,Groundgear_A,Long,31D9,V,10/12/2010 8:06,30,51.121,-10.528,51.09,-10.51,VIIjDeep,113.1,20.3,4.4,1.97918577,3.671958757,0.415298535,Y,20.97198276,590,0.8,3.1,3.4,9,"Nil
",NA,03:20.3
2820,IGFS2010,FG66,101010101,131.3,133.4,161,1,Groundgear_A,Long,31D9,V,10/12/2010 10:02,30,51.014,-10.233,51.048,-10.235,VIIjDeep,107.9,20.4,4.4,2.040148903,3.785062899,0.408408287,Y,19.96558778,500,9.2,3.2,2.5,8,"Nil
",NA,03:20.3
2821,IGFS2010,COD5A,101010101,126.4,123.1,162,1,Groundgear_A,Long,3.10E+01,V,10/12/2010 11:54,30,51.146,-9.968,51.169,-9.93,VIIjMedium,109.2,20.2,4.2,1.988816461,3.689826459,0.402929049,Y,20.21657138,482,1.24,2.7,3.9,1,"Nil
Marks seen going into net from trawl eye and sure enough, on hauling we had three lifts of boarfish...",NA,03:20.3
2822,IGFS2010,FG58,101010101,94.9,84,163,1,Groundgear_A,Long,3.10E+01,V,10/12/2010 14:49,30,51.329,-9.828,51.353,-9.795,VIIjMedium,91.4,22.8,4.3,1.899332606,3.523808175,0.322076067,Y,16.81249171,425,0.66,2.4,3.5,5,"Nil
",NA,03:20.3
2823,IGFS2010,FG56,101010101,66.3,64.5,164,1,Groundgear_A,Short,3.10E+01,A,10/12/2010 16:47,35,51.412,-9.419,51.424,-9.364,VIIjCoast,80.69403974,20.35,NA,2.18420069,4.05232039,0.326998103,N,999,175-300m,0.48,1.4,2.1,2,"Warp Ratio test tow. Warp: IBTS 300m, 3:1 195m, Prefered 225m. Depth 65m
",NA,03:20.3
2824,IGFS2010,FG2,101010101,78.1,82.2,165,1,Groundgear_A,Short,32D9,V,11/12/2010 8:11,30,51.69,-10.204,51.68,-10.253,VIIjCoast,84.1,19.2,4.2,1.922486677,3.566765635,0.29996499,Y,24.09510219,840,1.81,4.9,9.9,6,"Nil
",NA,03:20.3
2825,IGFS2010,43,101010101,91.2,97.9,166,1,Groundgear_A,Long,32D9,V,11/12/2010 10:14,30,51.68,-10.462,51.664,-10.509,VIIjMedium,107.2,19.3,4.2,1.997986797,3.706840068,0.397373255,Y,19.83060838,370,3.07,4.9,12.9,10,"Nil
",NA,03:20.3
2826,IGFS2010,FG3,101010101,186.5,187,167,1,Groundgear_A,Long,32D8,V,11/12/2010 13:17,30,51.606,-11.109,51.636,-11.127,VIIjDeep,116.2,19.2,4.2,1.920458627,3.563003019,0.414020951,Y,21.57516591,642,3.46,7.6,8.7,13,We had to turn northward as we were running out of clear ground due to delay sorting a twist in the wing on shooting.,NA,03:20.3
2827,IGFS2010,FG72,101010101,435.3,424.6,168,1,Groundgear_A,Long,32D8,V,11/12/2010 16:01,30,51.701,-11.649,51.731,-11.673,VIIjSlope,120.1,20.9,4.4,2.008997496,3.727268083,0.447644897,Y,22.33760311,1150,2.36,8.6,9.4,15,"Nil
",NA,03:20.3
2828,IGFS2010,38,101010101,143.8,142.7,169,1,Groundgear_A,Long,33D9,V,12/12/2010 8:30,31,52.012,-10.939,52.044,-10.922,VIIjDeep,120,21,4.5,2.019567101,3.746877738,0.449625329,Y,22.31800195,537,1.93,5.6,8.4,13,"Nil
Dark morning hence later start.",NA,03:20.3
2829,IGFS2010,FG1,101010101,159.3,158.5,170,1,Groundgear_A,Long,33D8,V,12/12/2010 10:58,30,52.184,-11.35,52.215,-11.369,VIIjDeep,117.1,20.4,4.3,1.986709718,3.685917845,0.43162098,Y,21.75075152,590,2.05,7.9,5,17,"Nil
",NA,03:20.3
2830,IGFS2010,FG74,101010101,489.4,530.1,171,1,Groundgear_A,Long,32D8,V,12/12/2010 13:52,30,52.019,-11.801,51.987,-11.802,VIIjSlope,140.8,23,3.9,1.919497268,3.561219422,0.501419695,Y,26.45978866,1250,2.56,11.9,5.1,29,"Nil
",Towing into weather with 1.5 engines hence slow speed and shorter tow length.,03:20.3
2831,IGFS2010,PO497,101010101,763.1,741,172,1,Groundgear_A,Long,33D7,A,12/12/2010 16:37,31,52.034,-12.136,52.066,-12.147,VIIjSlope,146.4092646,25.24,NA,1.961783543,3.639672622,0.532881792,N,999,1650-2000m,3,10.5,16.3,22,"Nil
Warp Ratio Test. IBST off the scale! 2.5:1 warp 1875m Preffered warp 1750m. Depth 741m",NA,03:20.3
2832,IGFS2010,FG171,101010101,186.5,188.2,173,1,Groundgear_A,Long,33D8,V,13/12/2010 8:34,30,52.371,-11.631,52.401,-11.659,VIIjDeep,119.1,20.8,4.3,2.072047599,3.844244153,0.457849479,Y,22.14171491,647,3.55,11.3,13,25,"Nil
",NA,03:20.3
2833,IGFS2010,PO461,101010101,522.6,531,174,1,Groundgear_A,Long,33D7,V,13/12/2010 11:32,30,52.354,-12.154,52.359,-12.209,VIIjSlope,141.2,23.1,3.6,2.041888572,3.788290487,0.534906617,Y,26.54082981,1300,5.84,9.8,36.3,22,"Nil
",NA,03:20.3
2834,IGFS2010,PO242,101010101,348.8,350.6,175,1,Groundgear_A,Long,34D7,V,13/12/2010 13:47,30,52.53,-12.152,52.562,-12.172,VIIbSlope,124.8,21.4,3.9,2.053921246,3.810614556,0.475564697,Y,23.26202681,990,3.94,12.8,13.9,25,"Nil
",NA,03:20.3
2835,IGFS2010,PO34,101010101,238,239,176,1,Groundgear_A,Long,34D7,V,13/12/2010 16:35,30,52.959,-12.08,52.976,-12.081,VIIbSlope,124.5,21.2,3.9,1.020353343,1.893048874,0.235684585,Y,23.20283212,784,3,8.7,11.9,19,"Nil
",NA,03:20.3
2836,IGFS2010,PO174,101010101,320.4,321.4,177,1,Groundgear_A,Long,35D7,V,14/12/2010 8:38,30,53.296,-12.257,53.325,-12.234,VIIbSlope,126.1,22,4,1.925884722,3.573069986,0.450564125,Y,23.51884236,947,2.18,6.3,9.2,6,"Nil
",NA,03:20.3
2837,IGFS2010,PO161,101010101,319,317,178,1,Groundgear_A,Long,35D7,V,14/12/2010 10:18,30,53.453,-12.134,53.485,-12.111,VIIbSlope,126.4,21.8,3.9,2.088702322,3.875143455,0.489818133,Y,23.57817848,947,2.37,6.9,11.3,7,"Nil
",NA,03:20.3
2838,IGFS2010,PO22,101010101,284.2,272.9,179,1,Groundgear_A,Long,36D8,V,14/12/2010 12:08,31,53.578,-11.866,53.586,-11.811,VIIbSlope,125.6,21.8,4,2.021217635,3.749939953,0.470992458,Y,23.42000819,89,1.54,5.6,7.4,6,"Nil
",NA,03:20.3
2839,IGFS2010,PO12,101010101,293.2,296.8,180,1,Groundgear_A,Long,36D8,V,14/12/2010 13:58,30,53.743,-11.698,53.771,-11.668,VIIbSlope,124.4,21.5,3.9,1.989730307,3.691521906,0.459225325,Y,23.18310638,902,2.13,4.7,6.5,4,"Nil
",NA,03:20.3
2840,IGFS2010,FG76,101010101,221,217.5,181,1,Groundgear_A,Long,36D8,V,14/12/2010 16:24,30,53.904,-11.213,53.93,-11.178,VIIbSlope,118.8,21.4,4,1.992353451,3.696388591,0.439130965,Y,22.08300167,738,2.24,5.5,7.4,10,"Nil
","Alot of Spanish long liners quite close, changed track to avoid.",03:20.3
2841,IGFS2010,FG152,101010101,330,335.9,182,1,Groundgear_A,Long,37D8,A,14/12/2010 18:59,29,54.259,-11.202,54.29,-11.178,VIIbSlope,131.4037585,23.61,NA,2.041885258,3.788284338,0.4977948,N,999,NA,NA,NA,NA,5,test tow for warp:depth ratio,Test tow for warp:depth ratio,03:20.3
2842,IGFS2010,FG152,101010101,334.9,330.7,183,1,Groundgear_A,Long,37D8,V,15/12/2010 8:39,30,54.289,-11.177,54.26,-11.202,VIIbSlope,125.2,21.4,3.8,1.948784743,3.615556109,0.452667625,Y,23.34099401,982,2.04,4.9,7.5,9,"Nil
",NA,03:20.3
2843,IGFS2010,21,101010101,179.8,182.3,184,1,Groundgear_A,Long,37D9,V,15/12/2010 11:25,30,54.145,-10.697,54.177,-10.679,VIIbDeep,121.7,21.6,4,2.021741176,3.750911274,0.456485902,Y,22.65159887,620,1.71,3.4,7.7,8,"Nil
",NA,03:20.3
2844,IGFS2010,22,101010101,128.7,119.2,185,1,Groundgear_A,Long,37D9,V,15/12/2010 13:19,30,54.29,-10.366,54.302,-10.313,VIIbMedium,110.3,18.9,4.1,1.994465935,3.700307858,0.408143957,Y,20.42925858,500,2.24,3.4,6,9,"Nil
",Large c.6 ton bag HOM/MAC,03:20.3
2845,IGFS2010,25,101010101,45.8,60.4,186,1,Groundgear_A,Short,3.70E+01,V,15/12/2010 16:14,20,54.303,-9.906,54.324,-9.916,VIIbCoast,77.4,18.4,4.1,1.307850234,2.426438282,0.187806323,Y,22.06932443,4.1,1.23,2.1,4,12,"Nil
",Alot of marks on sounder => tow shortened to 20min,03:20.3
2846,IGFS2010,SC554,101010101,67.4,69.7,187,1,Groundgear_A,Short,3.70E+02,V,16/12/2010 8:32,30,54.462,-8.827,54.462,-8.883,VIIbCoast,83.8,19.5,4.3,1.957357985,3.631461939,0.304316511,Y,24.00373011,310,5.57,20.2,18.7,40,"Nil
",NA,03:20.3
2847,IGFS2010,MB10,101010101,88.4,92.4,188,1,Groundgear_A,Long,3.70E+01,V,16/12/2010 11:26,30,54.464,-9.404,54.485,-9.448,VIIbMedium,111.3,19.6,4.1,1.987780484,3.687904423,0.410463762,Y,20.62286602,366,6.49,19.3,2.43,27,"Nil
",NA,03:20.3
2848,IGFS2010,FG83,101010101,45.3,50.2,189,1,Groundgear_A,Short,36D9,V,17/12/2010 8:54,31,53.844,-9.982,53.839,-10.038,VIIbCoast,78.6,19.59,4.1,2.009365569,3.727950964,0.293016946,Y,22.42993695,250,2.73,8.8,6.5,16,"Nil
Wing sensor not reading for first half of the tow. eyeball average around 20m",NA,03:20.3
2849,IGFS2010,FG82,101010101,143.4,128.6,190,1,Groundgear_A,Long,36D9,V,17/12/2010 13:47,30,53.9,-10.587,53.891,-10.553,VIIbDeep,116.6,20.9,4.2,1.320207058,2.449363744,0.285595813,Y,21.65317758,537,9.84,14.8,24.3,26,"Nil
",Good haul HAD/PLE,03:20.3
2850,IGFS2010,FG81,101010101,153.5,151.7,191,1,Groundgear_A,Long,36D9,V,17/12/2010 15:40,30,53.785,-10.741,53.751,-10.735,VIIbDeep,113.4,20.4,4.2,2.050813496,3.804848788,0.431469853,Y,21.03024784,430,6.4,105,15.5,26,"Nil
",NA,03:20.3
2851,IGFS2010,FG75,101010101,121.1,118.3,192,1,Groundgear_A,Long,35D9,I,18/12/2010 8:41,30,53.312,-10.275,53.29,-10.232,VIIbMedium,116.5,20.4,4.1,2.032052837,3.770042369,0.439209936,Y,21.63367072,450,3.34,4.4,16.7,6,Tear in the belly sheet,"Tear in the bottom sheet, probably caused by the bottom contact sensor. Tear just above it.",03:20.3
2852,IGFS2010,56A,101010101,108,107.8,193,1,Groundgear_A,Long,35D9,V,18/12/2010 10:28,30,53.111,-10.2,53.078,-10.189,VIIbMedium,123,21.4,4.14,2.018935556,3.745706042,0.460721843,Y,22.90724974,440,2.86,7,12.6,2,Trawlsounder not working - foul? Headline AVG 2007-2010 @ 107-109m,NA,03:20.3
2853,IGFS2010,58,101010101,94.2,93.6,194,1,Groundgear_A,Long,3.50E+01,V,18/12/2010 12:10,30,53.122,-9.934,53.102,-9.89,VIIbCoast,108.2,21,4,1.990307631,3.692593008,0.399538563,Y,31.68458438,396,1.9,4.6,5.9,8,"Nil
",NA,03:20.3
2854,IGFS2010,MB15,101010101,103.9,105.3,195,1,Groundgear_A,Long,3.40E+01,V,18/12/2010 13:46,30,52.963,-9.936,52.944,-9.979,VIIbMedium,117.4,20.5,3.9,1.930108539,3.58090638,0.420398409,Y,21.8093277,425,2.5,4.9,19.2,10,"Nil
",NA,03:20.3
2855,IGFS2010,60,101010101,82,80.8,196,1,Groundgear_A,Long,3.40E+01,I,18/12/2010 15:30,30,52.906,-9.736,52.935,-9.711,VIIbCoast,104.6,18.6,4.1,1.961447572,3.639049299,0.380644557,Y,30.51520423,360,2.25,3.7,11.9,14,"Nil
",NA,03:20.3
2856,IGFS2010,62,101010101,41.6,38.5,197,1,Groundgear_A,Short,3.50E+01,V,19/12/2010 12:13,30,53.195,-9.452,53.191,-9.398,VIIbCoast,84.1,20.1,4.1,1.960112386,3.636572144,0.305835717,Y,24.09510219,240,0.25,1.4,1.5,21,"Nil
","Duplicate VIIbCoast tow to maintain target, followed by warp test tow. Not enough time to do alternative location, plus stn originally done on 15/12/10",03:20.3
2857,IGFS2010,62,101010101,39.1,42,198,1,Groundgear_A,Short,3.50E+01,A,19/12/2010 13:17,16,53.191,-9.402,53.194,-9.432,VIIbCoast,75.24438386,19.3,NA,1.095653775,2.032752829,0.152953234,N,999,NA,NA,NA,NA,NA,"Nil
",Test tow for warp,03:20.3
2858,IGFS2011,FG150,101020101,110,117,1,1,Groundgear_D,Long,38D9,V,24/09/2011 12:09,30,54.522,-10.327,54.551,-10.299,VIaMedium,97.6,21.48,4.9,1.995447497,3.702128937,0.361327784,Y,17.99058798,420,5.5,11.1,21.9,21,"Nil
","TEY only showing Height, no Opening or Clearance",03:20.3
2859,IGFS2011,FG193,101020101,95,98,2,1,Groundgear_D,Long,38D9,V,24/09/2011 14:21,30,54.527,-10.021,54.515,-9.969,VIaMedium,101.3,20.9,4.8,1.952524576,3.622494574,0.3669587,Y,18.69737659,400,4.48,8.5,19.3,13,"TEY and door DST problems
",NA,03:20.3
2860,IGFS2011,FG149,101020101,225,219,3,1,Groundgear_D,Long,38D9,V,25/09/2011 5:37,30,54.579,-10.611,54.607,-10.582,VIaSlope,100.4,22.87,4.7,1.960415572,3.637134641,0.365168318,Y,18.52518784,730,4.47,9.7,13.3,12,"Door & wing sensors unstable, all other sensors fine.
",NA,03:20.3
2861,IGFS2011,FG113,101020101,209,207,4,1,Groundgear_D,Long,38D9,V,25/09/2011 7:26,30,54.743,-10.431,54.771,-10.402,VIaSlope,113.4,22.72,4.7,1.95836361,3.633327663,0.412019357,Y,21.03024784,700,3.28,8.3,16.5,22,Door sensors unstable again,NA,03:20.3
2862,IGFS2011,FG101,101020101,104,106,5,1,Groundgear_D,Long,38D9,V,25/09/2011 9:36,30,54.76,-10.092,54.789,-10.069,VIaMedium,90,21.37,4.7,1.914201002,3.551393325,0.319625399,Y,16.54749928,453,3.37,8.8,14.4,19,"Doors sensor unstable, others perfect.
",NA,03:20.3
2863,IGFS2011,FG151,101020101,250,224,6,1,Groundgear_D,Long,38D9,V,25/09/2011 11:56,30,54.945,-10.198,54.971,-10.164,VIaDeep,114.9,23.07,4.6,1.952452886,3.62236157,0.416209344,Y,21.32191681,800,3.04,6.3,14.7,20,"Nil
",NA,03:20.3
2864,IGFS2011,FG108,101020101,234,226,7,1,Groundgear_D,Long,39D9,V,25/09/2011 13:40,30,55.099,-10.052,55.127,-10.026,VIaDeep,113.6,22.4,4.6,1.903307959,3.531183598,0.401142457,Y,21.06910388,750,3.54,8.8,12.8,21,"Nil
",NA,03:20.3
2865,IGFS2011,FG109,101020101,248,239,8,1,Groundgear_D,Long,3.90E+01,V,25/09/2011 15:52,31,55.324,-9.872,55.35,-9.833,VIaSlope,113.9,21.8,4.5,2.052679652,3.808311043,0.433766628,Y,21.12740699,780,3.16,10,10.8,32,"Nil
",NA,03:20.3
2866,IGFS2011,FG110,101020101,251,245,9,1,Groundgear_D,Long,3.90E+01,V,25/09/2011 17:54,24,55.485,-9.55,55.499,-9.51,VIaSlope,113.9,21.8,4.5,1.600925332,2.970176868,0.338303145,Y,21.12740699,780,3.16,10,10.8,28,"Nil
","Late tow, cut short to 24min to haul within Civil Sunset +15min",03:20.3
2867,IGFS2011,R213,101020101,107,104,10,1,Groundgear_D,Long,4.00E+01,V,26/09/2011 5:28,30,55.62,-9.165,55.587,-9.165,VIaMedium,105,21.8,4.6,1.980308621,3.674041968,0.385774407,Y,19.40712849,450,3.5,7,13.7,13,"Nil
",NA,03:20.3
2868,IGFS2011,R217,101020101,106,NA,11,1,Groundgear_D,Long,3.90E+01,V,26/09/2011 7:50,30,55.357,-9.298,55.334,-9.337,VIaMedium,106.1,20.8,4.6,1.919223467,3.560711441,0.377791484,Y,19.61872897,450,2.96,7.7,9.1,9,"Nil
",NA,03:20.3
2869,IGFS2011,GD1,101020101,94,92,12,1,Groundgear_D,Long,3.90E+01,V,26/09/2011 10:13,30,55.09,-9.246,55.063,-9.214,VIaMedium,102.6,21.6,4.7,1.959193327,3.634867025,0.372937357,Y,18.94640372,420,2.89,4.6,9.6,14,"Nil
",NA,03:20.3
2870,IGFS2011,28,101020101,112,114,13,1,Groundgear_D,Long,3.90E+01,V,26/09/2011 12:34,30,55.116,-9.517,55.106,-9.569,VIaMedium,100.6,20.3,4.7,1.886638015,3.500256057,0.352125759,Y,18.56343696,420,2.69,8.9,4.2,16,"Nil
",NA,03:20.3
2871,IGFS2011,27,101020101,90,91,14,1,Groundgear_D,Long,3.80E+01,V,26/09/2011 14:25,30,54.998,-9.42,54.969,-9.4,VIaMedium,102.8,21.09,4.7,1.87195563,3.47301601,0.357026046,Y,18.98474846,390,2.02,5,6.5,8,Wing sensors not stable,NA,03:20.3
2872,IGFS2011,14,101020101,29,39,15,1,Groundgear_D,Short,3.80E+02,V,27/09/2011 5:20,31,54.584,-8.347,54.569,-8.399,VIaCoast,67.8,18.7,6,2.023616435,3.754390417,0.25454767,Y,19.2157488,220,0.35,1.7,0.8,23,"Nil
",NA,03:20.3
2873,IGFS2011,15,101020101,50,56,16,1,Groundgear_D,Short,3.80E+02,V,27/09/2011 7:50,30,54.519,-8.529,54.518,-8.585,VIaCoast,70.3,19.78,5.2,1.955581568,3.628166175,0.255060082,Y,19.95378887,275,1.4,4.9,3.2,25,"Nil
",NA,03:20.3
2874,IGFS2011,MM3,101020101,82,83,17,1,Groundgear_D,Short,3.80E+02,V,27/09/2011 9:56,27,54.659,-8.905,54.672,-8.95,VIaMedium,77.2,20.1,4.8,1.748663965,3.244274517,0.250457993,Y,14.14069407,370,1.47,5.8,4.8,23,"Nil
","Big haul of herring and some mackerel (2 hoppers full).
",03:20.3
2875,IGFS2011,18,101020101,86,90,18,1,Groundgear_D,Long,3.80E+01,V,27/09/2011 12:37,30,54.596,-9.246,54.596,-9.301,VIaMedium,101.2,20.7,4.5,1.916119816,3.554953276,0.359761272,Y,18.67823589,380,1.41,6,3.2,13,Both TS & TSP not working....battery?,NA,03:20.3
2876,IGFS2011,MB11,101020101,93,95,19,1,Groundgear_D,Long,3.80E+01,V,27/09/2011 15:02,27,54.505,-9.666,54.499,-9.717,VIaMedium,96.6,19.4,4.7,1.816875948,3.370827363,0.325621923,Y,17.80005401,380,1.81,6.4,2.9,27,"Nil
",NA,03:20.3
2877,IGFS2011,MM8,101020101,57,57,20,1,Groundgear_D,Short,3.80E+02,V,28/09/2011 5:22,30,54.864,-8.674,54.874,-8.728,VIaCoast,72.9,19.2,4.9,1.962645568,3.641271925,0.265448723,Y,20.72503189,280,1.59,6.1,3.2,29,"Nil
",NA,03:20.3
2878,IGFS2011,MM7,101020101,79,81,21,1,Groundgear_D,Long,3.90E+02,V,28/09/2011 7:31,30,55.086,-8.806,55.109,-8.764,VIaMedium,98.4,20,4.5,1.998307534,3.707435127,0.364811617,Y,18.14316333,366,3.03,7.1,7.1,25,"Nil
",NA,03:20.3
2879,IGFS2011,MB106,101020101,89,88,22,1,Groundgear_D,Long,3.90E+02,V,28/09/2011 9:27,30,55.272,-8.762,55.273,-8.703,VIaMedium,99.7,19.6,4.4,2.022152314,3.751674052,0.374041903,Y,18.39138312,400,2.38,4.3,9,22,"Nil
",NA,03:20.3
2880,IGFS2011,12,101020101,91,94,23,1,Groundgear_D,Long,3.90E+02,V,28/09/2011 11:49,30,55.423,-8.578,55.453,-8.604,VIaMedium,98.8,19.8,4.6,2.006896772,3.723370634,0.367869019,Y,18.21950089,380,4.13,5.2,8.8,21,"Nil
",NA,03:20.3
2881,IGFS2011,GD2,101020101,79,80,24,1,Groundgear_D,Long,4.00E+02,V,28/09/2011 13:55,20,55.567,-8.347,55.578,-8.312,VIaMedium,105,21.6,4.6,1.360819369,2.52471126,0.265094682,Y,19.40712849,380,1.76,6.6,4.5,17,"Nil
","Alot of marks on sounder so stopped @ 20min, but small haul. Possibly the NOPs.",03:20.3
2882,IGFS2011,6A,101020101,86,91,25,1,Groundgear_D,Long,4.00E+02,V,28/09/2011 15:53,30,55.662,-8.607,55.669,-8.662,VIaMedium,102.8,21.9,4.6,1.912285901,3.547840262,0.364717979,Y,18.98474846,380,3.03,7.7,6.3,18,"Nil
",NA,03:20.3
2883,IGFS2011,SC544,101020101,125,132,26,1,Groundgear_D,Long,4.00E+02,V,29/09/2011 5:25,32,55.789,-8.992,55.823,-8.993,VIaDeep,105.3,21.2,4.6,2.040665605,3.78602153,0.398668067,Y,19.46481028,485,2.69,5.5,13,9,"Nil
",NA,03:20.3
2884,IGFS2011,FG112,101020101,242,237,27,1,Groundgear_D,Long,4.00E+01,V,29/09/2011 7:40,30,55.989,-9.224,56.021,-9.21,VIaSlope,118.1,22.9,4.2,1.977282053,3.668426814,0.433241207,Y,21.94609885,785,3.4,6.4,10.5,6,"Nil
",NA,03:20.3
2885,IGFS2011,MB23,101020101,134,124,28,1,Groundgear_D,Long,4.10E+02,V,29/09/2011 9:50,31,56.008,-8.865,55.994,-8.81,VIaDeep,115,21.86,NA,2.031472353,3.768965404,0.433431022,Y,21.34138194,510,3.07,5.2,12,10,"Nil
","Problem with sounder, need to update depth.",03:20.3
2886,IGFS2011,FG118,101020101,120,115,29,1,Groundgear_D,Long,4.10E+02,V,29/09/2011 11:50,30,56.142,-8.82,56.156,-8.767,VIaDeep,106.8,22.2,4.5,1.964277064,3.644298819,0.389211114,Y,19.7535288,450,2.53,7.2,8,12,"Nil
",NA,03:20.3
2887,IGFS2011,2,101020101,139,146,30,1,Groundgear_D,Long,4.10E+02,V,29/09/2011 14:14,30,56.311,-8.37,56.316,-8.314,VIaDeep,102.6,20.8,4.8,1.891939705,3.510092217,0.360135461,Y,18.94640372,490,2.42,5.8,9,10,"Nil
",NA,03:20.3
2888,IGFS2011,FG144,101020101,151,NA,31,1,Groundgear_D,Long,4.10E+03,V,29/09/2011 17:10,23,56.341,-7.634,56.336,-7.591,VIaDeep,106.8,21.3,4.5,1.464486543,2.717043678,0.290180265,Y,19.7535288,570,2.17,4.9,10.2,15,"Nil
","Aot of ""dust"" on sounder and under TEY, cut to 23min.",03:20.3
2889,IGFS2011,SC583,101020101,75,72,32,1,Groundgear_D,Short,4.10E+04,V,30/09/2011 5:17,30,56.403,-6.766,56.374,-6.794,VIaCoast,79.1,20.6,4.6,1.974398546,3.66307708,0.289749397,Y,22.58046815,350,1.6,4,4.6,26,"Nil
",NA,03:20.3
2890,IGFS2011,FG117,101020101,59,68,33,1,Groundgear_D,Short,4.10E+04,V,30/09/2011 7:27,30,56.185,-6.73,56.185,-6.788,VIaCoast,74.9,21.9,4.8,1.941195067,3.601475078,0.269750483,Y,21.32097197,306,2.03,6.9,3.4,24,"Nil
",NA,03:20.3
2891,IGFS2011,FG116,101020101,74,85,34,1,Groundgear_D,Short,4.10E+04,V,30/09/2011 9:19,30,56.052,-6.973,56.052,-7.032,VIaCoast,74.3,19.4,4.7,1.981487573,3.676229263,0.273143834,Y,21.14193916,330,1.58,4.4,3,17,"Nil
",NA,03:20.3
2892,IGFS2011,FG93,101020101,142,149,35,1,Groundgear_D,Long,4.10E+03,V,30/09/2011 12:08,30,56.061,-7.643,56.042,-7.692,VIaDeep,108.9,21.3,4.3,2.002099907,3.714471071,0.4045059,Y,20.15861634,560,2.89,8.4,3.6,6,"Nil
",NA,03:20.3
2893,IGFS2011,FG96,101020101,160,163,36,1,Groundgear_D,Long,4.00E+03,V,30/09/2011 14:15,16,55.913,-7.932,55.919,-7.959,VIaDeep,109.9,21.5,4.4,0.978621422,1.815624159,0.199537095,Y,20.35188392,590,2.53,6.3,7.5,9,"Hauled early, very large marks on sounder and under TEY.","Vary large marks on sounder, hauled after 15min",03:20.3
2894,IGFS2011,MMMA3,101020101,138,128,37,1,Groundgear_D,Long,4.00E+02,V,30/09/2011 16:20,30,55.824,-8.317,55.818,-8.374,VIaDeep,105.4,21.92,4.4,1.95911654,3.634724565,0.383099969,Y,19.4840421,520,2.73,9,4.5,8,"Nil
",NA,03:20.3
2895,IGFS2011,9,101020101,131.5,NA,38,1,Groundgear_D,Short,3.90E+02,I,01/10/2011 5:17,4,55.374,-8.228,55.371,-8.223,VIaCoast,87.76135071,21.71,NA,0.248196922,0.460476664,0.040412054,N,999,NA,NA,NA,NA,NA,Bad tear from 50mm to footrope.,"Doors never settled, bad tear 50mm to footrope.",03:20.3
2896,IGFS2011,MB8,101020101,64,59,39,1,Groundgear_D,Short,3.90E+03,V,01/10/2011 7:57,30,55.397,-7.991,55.388,-7.936,VIaCoast,73.1,19.9,5.2,1.954633118,3.626406527,0.265090317,Y,20.78451926,320,1.37,3.3,4.9,7,"Nil
",NA,03:20.3
2897,IGFS2011,FG114,101020101,62,62,40,1,Groundgear_D,Short,4.00E+03,V,01/10/2011 10:30,30,55.616,-7.595,55.616,-7.537,VIaCoast,70.5,18.6,5.3,1.969818419,3.654579627,0.257647864,Y,20.01297961,320,1.5,3.2,3.7,8,Shortened warp from 270 -> 230m as doors unstable.,NA,03:20.3
2898,IGFS2011,31,101020101,48,48,41,1,Groundgear_D,Short,4.00E+03,V,01/10/2011 12:27,30,55.663,-7.22,55.695,-7.202,VIaCoast,66.7,17.3,5.3,2.014983482,3.738373808,0.249349533,Y,18.89206608,NA,1.18,3.1,5,8,"Shortened warp, doors unstable.",NA,03:20.3
2899,IGFS2011,31A,101020101,49,51,42,1,Groundgear_D,Short,4.00E+03,V,01/10/2011 14:11,30,55.848,-7.076,55.88,-7.056,VIaCoast,66.5,17.5,5.6,2.035540973,3.776513865,0.251138172,Y,18.83328219,NA,1.25,4.1,5.8,13,"Shortened warp, still dug in a bit on the sand waves however, but left as is.","Shortened warp, digging in over sand waves.",03:20.3
2900,IGFS2011,SC573,101020101,49,51,43,1,Groundgear_D,Short,4.00E+04,I,01/10/2011 16:22,13,55.932,-6.669,55.92,-6.672,VIaCoast,77.57358548,19.74,NA,0.727209671,1.349183063,0.104660968,N,999,NA,NA,NA,NA,NA,Caught pots and doors & wings closed in after 12min,NA,03:20.3
2901,IGFS2011,10,101020101,19,28,44,1,Groundgear_D,Short,3.90E+03,V,02/10/2011 6:01,30,55.203,-7.907,55.23,-7.939,VIaCoast,57.6,15.6,5.8,1.957061933,3.630912677,0.20914057,Y,16.23702817,150,0.75,3.1,1.7,3,"Nil
",NA,03:20.3
2902,IGFS2011,FG115,101020101,13,15,45,1,Groundgear_D,Short,3.90E+03,V,02/10/2011 8:46,30,55.216,-7.588,55.25,-7.583,VIaCoast,57.9,16.5,5.9,2.047386037,3.798489864,0.219932563,Y,16.3239543,150,0.81,2.6,2.2,6,"Nil
",NA,03:20.3
2903,IGFS2011,32,101020101,53,51,46,1,Groundgear_D,Short,4.00E+03,V,02/10/2011 13:41,34,55.625,-7.327,55.591,-7.304,VIaCoast,75.7,22.7,4.6,2.18479375,4.053420687,0.306843946,Y,21.56002289,280,1.44,3,6,10,"Nil
",NA,03:20.3
2904,IGFS2011,33,101020101,69,71,47,1,Groundgear_D,Short,4.00E+03,V,02/10/2011 15:25,31,55.542,-7.099,55.52,-7.054,VIaCoast,77.8,20.1,4.1,2.022062428,3.751507288,0.291867267,Y,22.18942557,340,1.2,3.5,3.3,9,"Nil
",NA,03:20.3
2905,IGFS2011,mar-05,101020101,120,118,48,1,Groundgear_D,Long,4.00E+04,V,03/10/2011 5:26,30,55.58,-6.709,55.562,-6.758,VIaMedium,102,22.6,4.2,1.985576682,3.683815737,0.375749205,Y,18.83142227,480,2.35,4.1,8,19,"Nil
",NA,03:20.3
2906,IGFS2011,COD1,101020101,64,72,49,1,Groundgear_D,Short,3.90E+04,V,03/10/2011 10:28,25,55.368,-6.889,55.367,-6.841,VIaCoast,69.1,18.8,5,1.641586205,3.04561448,0.210451961,Y,19.59910738,260,3.33,5.7,8.2,18,"Nil
",NA,03:20.3
2907,IGFS2011,FG98,101020101,140,120,50,1,Groundgear_D,Long,3.90E+04,V,03/10/2011 12:34,30,55.279,-6.527,55.298,-6.479,VIaMedium,106.4,24.7,4.6,2.00045037,3.711410705,0.394894099,Y,19.67648643,500,3.28,6.2,9.2,29,"Nil
",NA,03:20.3
2908,IGFS2011,FG45,101020101,171,160,51,1,Groundgear_D,Long,3.90E+04,V,03/10/2011 14:14,30,55.337,-6.326,55.368,-6.31,VIaMedium,107.4,21.5,4.4,1.938979587,3.597364725,0.386356971,Y,19.86916218,625,3.33,5.7,8.2,33,"Nil
",NA,03:20.3
2909,IGFS2011,FG45,101020101,172,168,52,1,Groundgear_D,Long,3.90E+04,A,03/10/2011 16:03,10,55.337,-6.326,55.346,-6.321,VIaMedium,117,23.1,4.4,0.566485212,1.050992972,0.122966178,Y,21.73123144,625,3.67,4.4,11.9,29,"Test tow after door adjustment. Got a pull on 1 side, but no obvious damage.",NA,03:20.3
2910,IGFS2011,33A,101010101,57,58,53,1,Groundgear_A,Short,3.20E+04,V,13/11/2011 8:02,30,52.005,-6.756,51.976,-6.739,VIIgCoast,79.7,20.1,4.6,1.849610353,3.431559096,0.27349526,Y,22.76132307,260,3.4,13.5,6.6,32,"Nil
","Pencil mackerel, mix of dab, some monk etc",03:20.3
2911,IGFS2011,69,101010101,59,66,54,1,Groundgear_A,Short,3.20E+04,V,13/11/2011 10:36,30,51.836,-6.507,51.81,-6.48,VIIgCoast,85.6,21.2,4.4,1.854211333,3.440095238,0.294472152,Y,24.55294828,320,3.5,12.8,6.1,31,"Nil
",NA,03:20.3
2912,IGFS2011,FG26,101010101,108,108,55,1,Groundgear_A,Long,3.20E+04,V,13/11/2011 13:28,30,51.831,-6.08,51.799,-6.072,VIIgMedium,117.6,23.1,4.4,1.941979724,3.602930843,0.423704667,Y,21.84839181,420,3.02,10.8,5.1,31,"Nil
",NA,03:20.3
2913,IGFS2011,FG139,101010101,108,112,56,1,Groundgear_A,Long,3.20E+04,V,13/11/2011 15:42,30,51.617,-6.188,51.588,-6.207,VIIgMedium,118.1,22.4,4.5,1.878277843,3.484745534,0.411548448,Y,21.94609885,420,3.03,4.4,8.4,29,"Nil
",NA,03:20.3
2914,IGFS2011,CN203,101010101,69,68,57,1,Groundgear_A,Short,3.10E+05,V,14/11/2011 7:35,30,51.451,-5.266,51.42,-5.259,VIIgCoast,85.1,20.8,3.9,1.87741008,3.483135585,0.296414838,Y,24.40014888,320,3.53,6.7,11.5,31,"Nil
",NA,03:20.3
2915,IGFS2011,44,101010101,76,76,58,1,Groundgear_A,Short,3.10E+05,V,14/11/2011 9:45,30,51.272,-5.523,51.244,-5.495,VIIgCoast,86.4,20.7,3.9,1.982194223,3.677540303,0.317739482,Y,24.79781576,340,3.53,6.7,11.5,27,"Nil
",NA,03:20.3
2916,IGFS2011,113,101010101,84,83,59,1,Groundgear_A,Long,3.10E+05,V,14/11/2011 12:25,30,51.09,-5.803,51.059,-5.784,VIIgMedium,108.9,20.5,4.5,1.992625651,3.696893601,0.402591713,Y,20.15861634,380,3.73,5.8,13.7,23,"Nil
",NA,03:20.3
2917,IGFS2011,FG49,101010101,89,90,60,1,Groundgear_A,Long,3.10E+05,V,14/11/2011 14:37,29,51.213,-5.955,51.238,-5.925,VIIgMedium,112.6,20.4,4.1,1.877058908,3.48248406,0.392127705,Y,20.87492471,380,3.05,8.8,5.5,17,"Nil
",NA,03:20.3
2918,IGFS2011,CN307,101010101,84,86,61,1,Groundgear_A,Long,3.10E+05,V,14/11/2011 16:39,30,51.408,-5.774,51.441,-5.788,VIIgMedium,109.6,19.9,4,2.047338806,3.798402237,0.416304885,Y,20.29387837,360,3.04,7.3,10.8,22,"Nil
",NA,03:20.3
2919,IGFS2011,FG138,101010101,59,64,62,1,Groundgear_A,Short,3.20E+03,V,15/11/2011 7:27,30,51.924,-7.397,51.898,-7.43,VIIgCoast,85.6,21.1,4.2,1.982299978,3.677736508,0.314814245,Y,24.55294828,300,2.52,8.2,6.2,15,"Nil
",NA,03:20.3
2920,IGFS2011,FG177,101010101,28,36,63,1,Groundgear_A,Short,3.30E+03,V,15/11/2011 9:28,30,52.055,-7.484,52.023,-7.499,VIIgCoast,73.2,18.9,4.7,1.997729904,3.706363458,0.271305805,Y,20.81427173,190,1.9,5.8,4.5,21,"Nil
",NA,03:20.3
2921,IGFS2011,FG18,101010101,79,80,64,1,Groundgear_A,Long,3.20E+03,I,15/11/2011 12:47,26,51.629,-7.812,51.618,-7.853,VIIgMedium,97.8,18.6,4.9,1.666530244,3.091892847,0.30238712,Y,18.02871941,340,2.34,7.6,6.2,18,"Severa large stones (<1m dia.) in bag, no major damage.","Hauled 5min short, doors & wings came in, fish also appeared abundant on sounder.",03:20.3
2922,IGFS2011,CN205,101010101,70,73,65,1,Groundgear_A,Short,3.20E+02,V,15/11/2011 14:41,30,51.701,-8.004,51.677,-8.042,VIIgCoast,84.4,21.1,4.4,2.019327048,3.74643237,0.316198892,Y,24.18653948,300,2.25,8.2,7.2,16,"Nil
",NA,03:20.3
2923,IGFS2011,53A,101010101,61,75,66,1,Groundgear_A,Short,3.20E+02,V,15/11/2011 16:20,31,51.64,-8.255,51.606,-8.253,VIIgCoast,86.9,20.7,4.2,2.040320373,3.785381026,0.328949611,Y,24.95110349,320,2.67,6.2,5.3,15,"Nil
",NA,03:20.3
2924,IGFS2011,D1,101010101,44,50,67,1,Groundgear_A,Short,3.30E+03,C,16/11/2011 7:49,29,52.052,-7.405,52.024,-7.378,VIIgCoast,69.2,19.53,4.8,1.953754854,3.624777095,0.250834575,Y,19.62863412,160,1.78,6.1,3.8,18,CEFAS calib tow 2011,NA,03:20.3
2925,IGFS2011,D2,101010101,44,54,68,1,Groundgear_A,Short,3.30E+04,A,16/11/2011 10:48,30,52.033,-6.749,52,-6.764,VIIgCoast,80.8,19.7,4.2,2.055479784,3.813506093,0.308131292,Y,23.09351533,200,1.69,4.4,4.1,18,CEFAS calib tow 2011 - repeat of earlier stn,NA,03:20.3
2926,IGFS2011,E5,101010101,71,70,69,1,Groundgear_A,Short,3.20E+04,C,16/11/2011 12:55,30,51.81,-6.744,51.785,-6.713,VIIgCoast,80.8,19.7,4.2,1.891182622,3.50868761,0.283501959,Y,23.09351533,280,1.69,4.4,4.1,12,CEFAS calib tow 2011,NA,03:20.3
2927,IGFS2011,E6,101010101,68,67,70,1,Groundgear_A,Short,3.20E+04,C,16/11/2011 15:53,20,51.764,-6.528,51.747,-6.506,VIIgCoast,80.3,20.4,4.4,1.307606821,2.42598668,0.19480673,Y,22.94241782,280,1.54,3.8,3.9,7,CEFAS calib tow 2011,NA,03:20.3
2928,IGFS2011,FG39,101010101,109,107,71,1,Groundgear_A,Long,3.10E+04,V,17/11/2011 7:30,30,51.185,-6.641,51.211,-6.608,VIIgMedium,119.3,21.9,4.2,1.994117986,3.699662312,0.441369714,Y,22.18087067,425,4.14,7.5,14.3,24,"Nil
",NA,03:20.3
2929,IGFS2011,112,101010101,110,108,72,1,Groundgear_A,Long,3.10E+04,V,17/11/2011 9:33,29,51.217,-6.336,51.249,-6.331,VIIgMedium,122,22.6,4.1,1.928097525,3.57717537,0.436415395,Y,22.71055277,425,3.99,7,18.5,26,"Nil
",NA,03:20.3
2930,IGFS2011,111,101010101,119,101,73,1,Groundgear_A,Long,3.10E+04,V,17/11/2011 11:13,30,51.384,-6.375,51.416,-6.359,VIIgMedium,118,21.63,NA,2.010606117,3.730252537,0.440169799,Y,21.92655208,420,3.84,10.3,17.1,30,"Nil
",NA,03:20.3
2931,IGFS2011,CN308,101010101,109,113,74,1,Groundgear_A,Long,3.10E+04,V,17/11/2011 13:08,31,51.45,-6.135,51.48,-6.119,VIIgMedium,120.2,22.8,4.1,1.896227837,3.518047936,0.422869362,Y,22.35720703,420,4.6,16.3,7.7,29,"Nil
",NA,03:20.3
2932,IGFS2011,40,101010101,115,108,75,1,Groundgear_A,Long,3.20E+05,V,17/11/2011 16:00,30,51.753,-5.86,51.734,-5.9,VIIgMedium,117.3,22.4,4.4,1.875067053,3.478788596,0.408061902,Y,21.78979965,440,4.6,16.3,7.7,34,"Nil
",NA,03:20.3
2933,IGFS2011,110,101010101,78,76,76,1,Groundgear_A,Short,3.20E+04,V,18/11/2011 7:37,30,51.579,-6.497,51.609,-6.517,VIIgCoast,86.1,20.8,4.1,1.947998187,3.614096822,0.311173736,Y,24.70593408,350,7.68,11.1,27.4,27,"Nil
",NA,03:20.3
2934,IGFS2011,FG40,101010101,83,84,77,1,Groundgear_A,Short,3.10E+04,V,18/11/2011 11:00,30,51.366,-6.668,51.365,-6.723,VIIgMedium,87.1,21.4,4.1,2.065488425,3.832075001,0.333773733,Y,15.99973509,360,6.33,8.9,24.8,27,"Nil
",NA,03:20.3
2935,IGFS2011,FG194,101010101,74,73,78,1,Groundgear_A,Short,3.20E+04,I,18/11/2011 13:06,30,51.571,-6.761,51.604,-6.76,VIIgCoast,87.1,21.4,4.2,1.97932538,3.672217773,0.319850168,Y,25.01247197,330,6.33,8.9,24.8,23,Ha dto replace bag due to large stone damage in the bag.,NA,03:20.3
2936,IGFS2011,CC307,101010101,109,106,79,1,Groundgear_A,Long,3.00E+03,V,19/11/2011 7:34,30,50.646,-7.291,50.651,-7.343,VIIgMedium,120.7,22.2,3.9,2.004870476,3.719611273,0.448957081,Y,22.45526808,425,8.52,13.7,9.3,15,"Nil
",NA,03:20.3
2937,IGFS2011,MB30,101010101,109,110,80,1,Groundgear_A,Long,3.00E+03,V,19/11/2011 9:41,30,50.621,-7.606,50.653,-7.618,VIIgMedium,119.3,21,4.1,1.972497077,3.659549308,0.436584232,Y,22.18087067,425,5.37,7,17.8,10,"Nil
",NA,03:20.3
2938,IGFS2011,FG53,101010101,111,110,81,1,Groundgear_A,Long,3.00E+03,V,19/11/2011 11:39,30,50.723,-7.844,50.703,-7.886,VIIgMedium,119.3,21.5,4.1,1.998653184,3.708076408,0.442373515,Y,22.18087067,425,5.6,12.9,11,8,"Nil
",NA,03:20.3
2939,IGFS2011,FG133,101010101,119,118,82,1,Groundgear_A,Long,3.00E+02,V,19/11/2011 13:43,30,50.534,-8.025,50.517,-8.068,VIIgMedium,120,22.1,4.2,1.933924781,3.587986607,0.430558393,Y,22.31800195,440,5.47,12.6,7.1,7,"Nil
",NA,03:20.3
2940,IGFS2011,FG14,101010101,121,121,83,1,Groundgear_A,Long,3.00E+02,V,19/11/2011 15:44,30,50.641,-8.204,50.623,-8.246,VIIgMedium,121,21,4.2,1.931362763,3.583233326,0.433571232,Y,22.51413801,460,5.42,12.5,9.3,4,"Nil
",Forgot to start NMEA logger om MI2681,03:20.3
2941,IGFS2011,62A,101010101,108,108,84,1,Groundgear_A,Long,3.00E+02,V,20/11/2011 7:31,30,50.729,-8.462,50.705,-8.495,VIIgMedium,116.7,21.4,3.9,1.910191896,3.543955279,0.413579581,Y,21.67268708,420,4.29,8.9,10.9,15,"Nil
",NA,03:20.3
2942,IGFS2011,FG12,101010101,121,119,85,1,Groundgear_A,Long,3.00E+02,V,20/11/2011 9:11,30,50.586,-8.597,50.555,-8.616,VIIgMedium,117.6,21.2,3.8,1.995286624,3.701830472,0.435335264,Y,21.84839181,450,3.68,7.5,13.7,14,"Nil
","
",03:20.3
2943,IGFS2011,CC306,101010101,119,121,86,1,Groundgear_A,Long,3.00E+02,V,20/11/2011 11:08,30,50.604,-8.88,50.629,-8.915,VIIgMedium,116,21.8,4,2.007382274,3.724271379,0.43201548,Y,21.53617584,450,3.24,8,7,12,"Nil
",NA,03:20.3
2944,IGFS2011,FG132,101010101,123,129,87,1,Groundgear_A,Long,3.00E+01,V,20/11/2011 12:58,31,50.521,-9.086,50.519,-9.138,VIIjDeep,115.4,21.6,4,1.991344935,3.694517504,0.42634732,Y,21.4192683,440,2.88,7.8,5.4,12,"Nil
",NA,03:20.3
2945,IGFS2011,85,101010101,123,125,88,1,Groundgear_A,Long,3.00E+01,V,20/11/2011 15:25,30,50.755,-9.23,50.75,-9.284,VIIjMedium,113.4,21.2,4.4,2.075788281,3.851184195,0.436724288,Y,21.03024784,440,2.74,7.7,4.4,11,"Nil
",NA,03:20.3
2946,IGFS2011,FG169,101010101,118,118,89,1,Groundgear_A,Long,3.00E+01,V,20/11/2011 17:07,30,50.894,-9.3,50.927,-9.3,VIIjMedium,118.4,21.62,3.8,1.978742663,3.671136667,0.434662581,Y,22.0047553,440,2.21,4.6,8,10,Wings died,NA,03:20.3
2947,IGFS2011,FG162,101010101,122,128,90,1,Groundgear_A,Long,2.90E+01,V,21/11/2011 7:36,31,50.335,-9.405,50.359,-9.366,VIIjDeep,119.4,21.68,4.1,2.075885768,3.851365062,0.459852988,Y,22.20045264,470,2.93,5.6,12.1,10,Wings sensors died,NA,03:20.3
2948,IGFS2011,FG55,101010101,125,128,91,1,Groundgear_A,Long,3.00E+01,V,21/11/2011 10:10,30,50.609,-9.451,50.588,-9.489,VIIjMedium,122.1,22.3,3.8,1.920516419,3.563110238,0.43505576,Y,22.73020971,470,2.84,8.3,6.7,17,"Nil
",NA,03:20.3
2949,IGFS2011,MB29,101010101,117,114,92,1,Groundgear_A,Long,3.00E+01,V,21/11/2011 11:48,30,50.521,-9.644,50.499,-9.684,VIIjMedium,116.7,20.6,3.9,2.019616162,3.746968761,0.437271254,Y,21.67268708,440,3.51,7.6,6.2,17,"Nil
",NA,03:20.3
2950,IGFS2011,FG169,101010101,130,127,93,1,Groundgear_A,Long,2.90E+01,V,21/11/2011 13:28,30,50.365,-9.689,50.353,-9.736,VIIjDeep,114.7,22.4,4.2,1.94097884,3.601073914,0.413043178,Y,21.28299431,460,4.84,10,6.2,14,"Nil
",NA,03:20.3
2951,IGFS2011,CC425,101010101,130,134,94,1,Groundgear_A,Long,2.90E+01,V,21/11/2011 15:35,30,50.137,-9.712,50.135,-9.661,VIIjDeep,114.2,20.9,4.1,1.968933912,3.652938613,0.41716559,Y,21.18573303,470,4.36,8.1,8.3,24,"Nil
",NA,03:20.3
2952,IGFS2011,FG54,101010101,142,142,95,1,Groundgear_A,Long,30D9,V,22/11/2011 7:34,30,50.504,-10.036,50.516,-10.083,VIIjMedium,116.3,20.8,4.2,1.935669663,3.591223864,0.417659335,Y,21.59466489,520,6.49,10.5,7,9,"Nil
",NA,03:20.3
2953,IGFS2011,FG160,101010101,149,157,96,1,Groundgear_A,Long,30D9,V,22/11/2011 9:31,30,50.544,-10.368,50.544,-10.419,VIIjDeep,121.3,22.1,3.9,1.94851668,3.615058776,0.43850663,Y,22.57303301,530,6.79,12.9,8.3,15,"Nil
",NA,03:20.3
2954,IGFS2011,FG30,101010101,151,161,97,1,Groundgear_A,Long,29D9,V,22/11/2011 11:56,29,50.345,-10.548,50.372,-10.577,VIIjDeep,121.1,22.1,3.9,1.964134953,3.644035163,0.441292658,Y,22.53376688,530,5.93,10.2,9.5,16,"Nil
",NA,03:20.3
2955,IGFS2011,FG61,101010101,238,243,98,1,Groundgear_A,Long,29D9,V,22/11/2011 14:08,30,50.381,-10.86,50.353,-10.886,VIIjSlope,126.5,21.8,3.9,1.952548699,3.622539329,0.458251225,Y,23.59796314,760,6.4,6,18.1,15,"Nil
",NA,03:20.3
2956,IGFS2011,FG64,101010101,517,502,99,1,Groundgear_A,Long,29D8,V,22/11/2011 16:11,30,50.298,-11.081,50.267,-11.098,VIIjSlope,139.1,23.6,3.6,1.970021805,3.654956966,0.508404514,Y,26.11599643,1300,4.64,5.7,15.1,16,"Nil
",NA,03:20.3
2957,IGFS2011,81,101010101,264,350,100,1,Groundgear_A,Long,30D8,V,23/11/2011 7:55,30,50.711,-11.018,50.739,-11.044,VIIjSlope,131.1,22.7,3.9,1.94880822,3.615599667,0.474005116,Y,24.51134525,780,8.7,17.2,16.4,24,"Nil
",NA,03:20.3
2958,IGFS2011,FG196,101010101,227,227,101,1,Groundgear_A,Long,30D8,V,23/11/2011 10:11,30,50.941,-11.174,50.961,-11.213,VIIjSlope,131.2,22.8,4.2,1.902695403,3.53004713,0.463142183,Y,24.53127428,770,8.29,19.8,10.6,27,"Nil
",NA,03:20.3
2959,IGFS2011,FG125,101010101,362,366,102,1,Groundgear_A,Long,31D8,V,23/11/2011 12:22,30,51.098,-11.396,51.119,-11.434,VIIjSlope,135.8,23.1,3.8,1.908740449,3.541262429,0.480903438,Y,25.45149476,1050,8,16.4,11,32,"Nil
",NA,03:20.3
2960,IGFS2011,FG158,101010101,356,361,103,1,Groundgear_A,Long,31D8,V,23/11/2011 14:11,30,51.25,-11.463,51.281,-11.476,VIIjSlope,134.4,23.2,3.7,1.922189326,3.566213962,0.479299156,Y,25.17069567,1050,8.46,11.4,30,28,"Nil
",NA,03:20.3
2961,IGFS2011,FG157,101010101,245,248,104,1,Groundgear_A,Long,31D8,V,23/11/2011 16:05,30,51.43,-11.389,51.462,-11.396,VIIjSlope,129.4,22.6,3.7,1.936802328,3.593325284,0.464976292,Y,24.17303197,780,7.59,11.7,24.2,28,"Nil
",NA,03:20.3
2962,IGFS2011,FG188,101010101,156,153,105,1,Groundgear_A,Long,30D9,V,24/11/2011 7:42,30,50.718,-10.537,50.747,-10.51,VIIjDeep,121.4,21.4,4,2.019708759,3.747140554,0.454902863,Y,22.59267027,540,6.61,14.2,28.9,30,"Nil
",NA,03:20.3
2963,IGFS2011,FG65,101010101,151,145,106,1,Groundgear_A,Long,30D9,V,24/11/2011 9:21,30,50.863,-10.466,50.87,-10.415,VIIjDeep,122.8,21.6,4,1.980191303,3.67382431,0.451145625,Y,22.8678876,520,6.72,15.6,19.9,30,"Nil
",NA,03:20.3
2964,IGFS2011,FG66,101010101,127,130,107,1,Groundgear_A,Long,31D9,V,24/11/2011 11:47,30,51.006,-10.232,51.038,-10.234,VIIjDeep,116.6,21.2,4.4,1.920307779,3.562723153,0.41541352,Y,21.65317758,460,7.03,13.5,28.2,34,"Nil
",NA,03:20.3
2965,IGFS2011,CC436,101010101,124,118,108,1,Groundgear_A,Long,3.00E+01,V,25/11/2011 7:43,30,50.746,-9.941,50.753,-9.89,VIIjDeep,113.9,21.1,3.9,1.984919537,3.682596543,0.419447746,Y,21.12740699,440,9.04,15.1,19.2,23,Doors came in from 119 to 114 during the tow. A few ripped meshes on 1 wing and some gill net. Medium sized catch.,NA,03:20.3
2966,IGFS2011,CC322,101010101,116,116,109,1,Groundgear_A,Long,3.00E+01,V,25/11/2011 9:58,30,50.91,-9.646,50.935,-9.617,VIIjMedium,119.5,22.2,4,1.858801868,3.448612,0.412109134,Y,22.22003734,440,8.5,10.7,24.7,24,"Nil
",NA,03:20.3
2967,IGFS2011,FG200,101010101,118,127,110,1,Groundgear_A,Long,3.10E+01,V,25/11/2011 12:03,30,51.078,-9.733,51.061,-9.774,VIIjMedium,119.4,21.2,4.2,1.854312333,3.440282621,0.410769745,Y,22.20045264,440,10.39,16,21.1,20,"Nil
",NA,03:20.3
2968,IGFS2011,COD5A,101010101,124,122,111,1,Groundgear_A,Long,3.10E+01,V,25/11/2011 14:18,31,51.142,-9.974,51.164,-9.936,VIIjMedium,120.2,22.6,4.4,1.947814065,3.613755223,0.434373378,Y,22.35720703,460,7.12,14.1,22,23,"Nil
",NA,03:20.3
2969,IGFS2011,FG58,101010101,92,84,112,1,Groundgear_A,Long,3.10E+01,V,25/11/2011 16:58,30,51.329,-9.828,51.352,-9.792,VIIjMedium,114.1,21.7,4.4,1.931449392,3.583394049,0.408865261,Y,21.16628846,380,6.01,8.7,18.2,20,"Nil
",NA,03:20.3
2970,IGFS2011,FG35,101010101,105,102,113,1,Groundgear_A,Long,3.00E+03,V,26/11/2011 7:45,30,50.89,-7.779,50.912,-7.743,VIIgMedium,116.9,20.8,4,1.8982731,3.521842485,0.411703387,Y,21.71171401,410,3.9,9.7,17.1,22,"Nil
",NA,03:20.3
2971,IGFS2011,FG36,101010101,94,85,114,1,Groundgear_A,Long,3.10E+03,V,26/11/2011 9:35,30,51.033,-7.569,51.052,-7.527,VIIgMedium,115.1,21.1,3.9,1.954161101,3.6255308,0.417298595,Y,21.36084964,380,3.14,12.5,9.1,20,"Nil
",NA,03:20.3
2972,IGFS2011,FG197,101010101,90,90,115,1,Groundgear_A,Long,3.10E+03,V,26/11/2011 11:51,30,51.244,-7.671,51.248,-7.615,VIIgMedium,115.1,21.1,NA,2.121227725,3.93548743,0.452974603,Y,21.36084964,380,3.14,12.5,9.1,20,"Nil
",NA,03:20.3
2973,IGFS2011,FG15,101010101,86,85,116,1,Groundgear_A,Long,3.10E+03,V,26/11/2011 13:52,29,51.326,-7.42,51.346,-7.46,VIIgMedium,115.1,21.1,4.2,1.922473009,3.566740276,0.410531806,Y,21.36084964,NA,4.92,11.4,12.7,31,"Nil
",NA,03:20.3
2974,IGFS2011,FG201,101010101,73,78,117,1,Groundgear_A,Short,3.20E+03,V,26/11/2011 16:12,30,51.5,-7.239,51.501,-7.187,VIIgCoast,88.4,21.4,4.4,1.94718116,3.612581003,0.319352161,Y,25.41212024,NA,4.68,12.5,12.9,25,"Nil
",NA,03:20.3
2975,IGFS2011,FG140,101010101,100,98,118,1,Groundgear_A,Long,3.10E+02,V,27/11/2011 9:22,31,51.021,-8.121,51.034,-8.073,VIIgMedium,116.5,22.4,4,1.975390929,3.664918235,0.426962974,Y,21.63367072,NA,NA,NA,NA,18,Have temporarily just lost the haul sheet since entering the lat/lons so geometry from R-code praphs.,NA,03:20.3
2976,IGFS2011,FG16,101010101,103,98,119,1,Groundgear_A,Long,3.10E+02,V,27/11/2011 11:17,30,51.092,-8.265,51.107,-8.219,VIIgMedium,116,23.1,3.8,1.955849076,3.628662479,0.420924848,Y,21.53617584,400,5.44,11.1,13.2,15,"Nil
",NA,03:20.3
2977,IGFS2011,FG52,101010101,94,94,120,1,Groundgear_A,Long,3.10E+02,V,27/11/2011 12:55,31,51.219,-8.106,51.241,-8.072,VIIgMedium,112.6,20.9,3.9,1.838195694,3.410381621,0.384008971,Y,20.87492471,390,4.92,8,13.7,12,"Nil
",NA,03:20.3
2978,IGFS2011,FG37A,101010101,88,86,121,1,Groundgear_A,Long,3.10E+03,V,27/11/2011 14:42,30,51.362,-7.856,51.39,-7.829,VIIgMedium,112.6,20.9,4.2,1.961137555,3.638474129,0.409692187,Y,20.87492471,375,4.12,8,13.7,13,"Nil
",NA,03:20.3
2979,IGFS2011,FG17A,101010101,85,82,122,1,Groundgear_A,Long,3.10E+02,V,27/11/2011 17:02,20,51.484,-8.139,51.498,-8.111,VIIgMedium,108.2,20.3,4.5,1.342971926,2.49159912,0.269591025,Y,20.02347144,340,4.79,10.3,12.9,12,"Nil
",NA,03:20.3
2980,IGFS2011,FG141,101010101,109,109,123,1,Groundgear_A,Long,3.10E+02,V,28/11/2011 7:47,31,51.1,-8.858,51.1,-8.804,VIIgMedium,118.9,21.9,4,2.038778547,3.782520496,0.449741687,Y,22.10257004,420,3.75,10.7,10.1,15,"Nil
",NA,03:20.3
2981,IGFS2011,CC330,101010101,102,102,124,1,Groundgear_A,Long,3.10E+02,V,28/11/2011 9:34,30,51.186,-8.573,51.206,-8.532,VIIgMedium,116.8,19.9,3.8,1.95565239,3.62829757,0.423785156,Y,21.69219922,410,3.42,9.9,10.4,21,"Nil
",NA,03:20.3
2982,IGFS2011,64,101010101,100,100,125,1,Groundgear_A,Long,3.10E+02,V,28/11/2011 11:14,30,51.261,-8.696,51.264,-8.748,VIIgMedium,119.2,22.2,4.4,1.964631569,3.644956528,0.434478818,Y,22.16129143,400,3.65,10.3,5.3,22,"Nil
",NA,03:20.3
2983,IGFS2011,FG183,101010101,90,92,126,1,Groundgear_A,Long,3.10E+02,V,28/11/2011 13:43,31,51.443,-8.559,51.458,-8.513,VIIgMedium,112.9,16.9,4,1.94417704,3.607007495,0.407231146,Y,20.933152,370,3.77,8.9,7.1,13,"Nil
",NA,03:20.3
2984,IGFS2011,FG134,101010101,85,85,127,1,Groundgear_A,Long,3.10E+02,V,28/11/2011 15:40,30,51.439,-8.351,51.427,-8.302,VIIgMedium,108.9,21.3,4.2,1.972620897,3.659779031,0.398549936,Y,20.15861634,340,3.21,7.2,11.4,13,"Nil
",NA,03:20.3
2985,IGFS2011,F182,101010101,61,76,128,1,Groundgear_A,Short,3.20E+02,V,01/12/2011 7:51,30,51.517,-8.87,51.49,-8.901,VIIgCoast,87.5,20.18,4.1,1.991895909,3.695539721,0.323359726,Y,25.1353011,300,3.36,13.2,5,7,"Nil
",NA,03:20.3
2986,IGFS2011,FG198,101010101,95,95,129,1,Groundgear_A,Long,3.10E+02,V,01/12/2011 9:49,30,51.386,-8.796,51.374,-8.844,VIIgMedium,117.8,21.3,4,1.939698919,3.598699293,0.423926777,Y,21.88746659,400,4.74,12.3,6.6,8,"Nil
",NA,03:20.3
2987,IGFS2011,FG199,101010101,115,114,130,1,Groundgear_A,Long,3.10E+01,V,01/12/2011 12:25,30,51.29,-9.222,51.258,-9.238,VIIjMedium,121.1,22.5,3.8,2.01105891,3.731092597,0.451835314,Y,22.53376688,450,5.25,10.9,12.8,2,"Nil
",NA,03:20.3
2988,IGFS2011,FG56,101010101,64,65,131,1,Groundgear_A,Short,3.10E+01,V,01/12/2011 14:42,30,51.426,-9.353,51.415,-9.405,VIIjCoast,86.5,20.28,4.1,2.058229687,3.818607954,0.330309588,Y,24.82845811,300,3.2,8.7,10.5,2,"Nil
",NA,03:20.3
2989,IGFS2011,FG9,101010101,48,52,132,1,Groundgear_A,Short,3.10E+01,V,01/12/2011 16:30,30,51.456,-9.646,51.446,-9.696,VIIjCoast,74.7,19.7,4.4,1.967064411,3.64947015,0.27261542,Y,21.2612702,200,3.51,10.2,8.2,9,"Nil
",NA,03:20.3
2990,IGFS2011,FG203,101010101,166,167,133,1,Groundgear_A,Long,31D9,V,02/12/2011 7:47,30,51.257,-10.724,51.226,-10.744,VIIjDeep,124.5,21.5,3.9,2.005567908,3.720905209,0.463252699,Y,23.20283212,600,6.94,12.5,18,21,"Nil
",NA,03:20.3
2991,IGFS2011,FG129,101010101,160,158,134,1,Groundgear_A,Long,31D9,V,02/12/2011 9:47,30,51.117,-10.525,51.086,-10.506,VIIjDeep,124.2,22,4,1.992483267,3.696629438,0.459121376,Y,23.14366363,585,5.4,11.1,16.7,22,"Nil
",NA,03:20.3
2992,IGFS2011,FG128,101010101,134,137,135,1,Groundgear_A,Long,31D9,V,02/12/2011 12:32,30,51.31,-10.346,51.327,-10.388,VIIjDeep,123.7,22,4.1,1.878839099,3.485786826,0.43119183,Y,23.04510744,531,5.97,14.7,13.9,32,"Nil
",NA,03:20.3
2993,IGFS2011,41,101010101,149,147,136,1,Groundgear_A,Long,31D9,V,02/12/2011 14:37,30,51.422,-10.562,51.43,-10.609,VIIjDeep,125.5,22.2,4.3,1.826125907,3.387988696,0.425192581,Y,23.40025023,550,6.98,19.69,13.7,36,"Nil
",NA,03:20.3
2994,IGFS2011,FG205,101010101,46,52,137,1,Groundgear_A,Short,3.20E+01,V,05/12/2011 11:51,30,51.63,-9.688,51.613,-9.736,VIIjCoast,75.4,21,4.3,2.06150977,3.824693451,0.288381886,Y,21.47033287,200,1.91,8,7.3,19,"Nil
",NA,03:20.3
2995,IGFS2011,FG33,101010101,72,71,138,1,Groundgear_A,Short,32D9,V,05/12/2011 13:57,30,51.509,-10.043,51.487,-10.086,VIIjCoast,88,22,4,2.081107353,3.861052603,0.339772629,Y,25.28901153,336,4.89,13.6,8.5,22,"Nil
",NA,03:20.3
2996,IGFS2011,FG2,101010101,77,81,139,1,Groundgear_A,Short,32D9,V,05/12/2011 16:34,30,51.689,-10.206,51.679,-10.256,VIIjCoast,92.1,22.4,4,1.957976941,3.63261028,0.334563407,Y,26.55696618,340,5.86,14,16.8,22,"Nil
",NA,03:20.3
2997,IGFS2011,FG3,101010101,182,188,140,1,Groundgear_A,Long,32D8,V,06/12/2011 8:01,30,51.603,-11.105,51.631,-11.133,VIIjDeep,128.9,22.5,3.9,1.97792194,3.669613989,0.473013243,Y,24.0736991,640,6.77,17.8,14.8,25,"Nil
",NA,03:20.3
2998,IGFS2011,42,101010101,157,151,141,1,Groundgear_A,Long,32D9,V,06/12/2011 10:28,30,51.639,-10.814,51.666,-10.84,VIIjDeep,126.3,22.6,4,1.887437179,3.501738737,0.442269602,Y,23.5583968,590,7.05,17.1,14.5,26,"Nil
",NA,03:20.3
2999,IGFS2011,FG68,101010101,128,121,142,1,Groundgear_A,Long,32D9,V,06/12/2011 12:38,30,51.824,-10.763,51.857,-10.766,VIIjDeep,125.9,22.6,3.9,1.982193986,3.677539863,0.463002269,Y,23.47929981,523,7.13,13.8,20.6,26,"Nil
",NA,03:20.3
3000,IGFS2011,MB18,101010101,87,95,143,1,Groundgear_A,Long,32D9,V,06/12/2011 14:49,30,51.925,-10.555,51.912,-10.601,VIIjMedium,116.3,21.1,4.3,1.875609142,3.479794326,0.40470008,Y,21.59466489,395,7.25,20.3,14.4,25,"Nil
",NA,03:20.3
3001,IGFS2011,71,101010101,63,56,144,1,Groundgear_A,Short,33D9,V,06/12/2011 16:51,30,51.999,-10.37,52.019,-10.328,VIIjCoast,84.6,21,4.3,1.96339978,3.642671206,0.308169984,Y,24.24753409,308,2.9,9,16.9,32,"Nil
",NA,03:20.3
3002,IGFS2011,68,101010101,20,26,145,1,Groundgear_A,Short,3.40E+01,V,07/12/2011 8:12,30,52.553,-9.766,52.544,-9.817,VIIbCoast,77,17.96,NA,1.941290599,3.601652318,0.277327228,Y,21.94932527,178,3.04,11.3,10.3,21,Nil,"Warp 178 First of warp trials, normal valid station with ibts warp",03:20.3
3003,IGFS2011,68,101010101,21,28,146,1,Groundgear_A,Short,3.40E+01,A,07/12/2011 10:22,30,52.554,-9.77,52.544,-9.822,VIIbCoast,56.5,18.06,4.9,1.993634079,3.698764525,0.208980196,Y,15.91862557,100,2.86,11.2,10.5,22,"Nil
","warp 100m. One cable north of first tow. sensor readings unstable.
benthos NOT recorded in database",03:20.3
3004,IGFS2011,68,101010101,21,30,147,1,Groundgear_A,Short,3.40E+01,A,07/12/2011 11:43,30,52.552,-9.767,52.543,-9.819,VIIbCoast,56.4,18.06,4.9,1.976479626,3.666938082,0.206815308,Y,15.88970505,100,3.37,10.8,11.8,25,"Nil
","warp 100m. same track as haul145. sensor readings still unstable (drop keel war probably up)
benthos NOT recorded in database",03:20.3
3005,IGFS2011,68,101010101,21,31,148,1,Groundgear_A,Short,3.40E+01,A,07/12/2011 13:34,30,52.553,-9.772,52.544,-9.823,VIIbCoast,74.9,18.06,4.1,1.941290599,3.601652318,0.269763759,Y,21.32097197,178,3.03,10.6,10,21,"Nil
","warp 178 same track as haul 146 (1 cable north of original track)
benthos NOT recorded in database",03:20.3
3006,IGFS2011,MB17,101010101,89,89,149,1,Groundgear_A,Long,34D9,V,07/12/2011 15:47,30,52.585,-10.077,52.574,-10.127,VIIbMedium,114.8,21.8,4.5,1.942364007,3.603643799,0.413698308,Y,21.30245427,384,10.9,16.5,25.9,24,"Nil
",NA,03:20.3
3007,IGFS2011,70,101010101,96,97,150,1,Groundgear_A,Long,34D9,V,09/12/2011 9:08,30,52.53,-10.333,52.56,-10.309,VIIbMedium,117.8,22,3.9,2.001964165,3.714219231,0.437535025,Y,21.88746659,425,8.32,13.2,26.8,27,"Nil
",NA,03:20.3
3008,IGFS2011,FG122,101010101,115,116,151,1,Groundgear_A,Long,34D9,V,09/12/2011 11:40,30,52.681,-10.558,52.678,-10.612,VIIbMedium,121,21.7,4,1.976742365,3.667425538,0.44375849,Y,22.51413801,450,5.68,17.7,18.7,20,"Nil
",NA,03:20.3
3009,IGFS2011,MB14,101010101,127,127,152,1,Groundgear_A,Long,34D9,V,09/12/2011 14:12,30,52.753,-10.909,52.777,-10.871,VIIbDeep,120.6,21.76,4.1,1.995933635,3.703030862,0.446585522,Y,22.43565033,509,9.21,11.5,34.5,22,"Nil
",NA,03:20.3
3010,IGFS2011,50,101010101,135,134,153,1,Groundgear_A,Long,34D8,V,09/12/2011 16:14,30,52.858,-11.042,52.89,-11.059,VIIbDeep,122.4,21.88,4,2.016144934,3.740528634,0.457840705,Y,22.7891975,520,7.26,13.3,16.6,21,"Nil
",NA,03:20.3
3011,IGFS2011,FG120,101010101,136,138,154,1,Groundgear_A,Long,35D8,V,10/12/2011 8:02,30,53.003,-11.237,53.035,-11.231,VIIbDeep,117.7,21.89,4.1,1.931701963,3.58386264,0.421820633,Y,21.86792786,465,7.32,10.6,12.1,21,"Nil
",NA,03:20.3
3012,IGFS2011,MB12,101010101,130,131,155,1,Groundgear_A,Long,35D9,V,10/12/2011 10:14,30,53.076,-10.933,53.091,-10.982,VIIbDeep,123,22,4,1.985332807,3.683363279,0.453053683,Y,22.90724974,510,5.82,12.5,16.4,22,"Nil
",NA,03:20.3
3013,IGFS2011,89,101010101,145,147,156,1,Groundgear_A,Long,35D8,V,10/12/2011 12:43,31,53.202,-11.268,53.223,-11.221,VIIbDeep,119.6,21.7,3.9,2.109770798,3.914231535,0.468142092,Y,22.23962478,553,5.96,8.1,20.7,22,"Nil
",NA,03:20.3
3014,IGFS2011,MB13,101010101,137,138,157,1,Groundgear_A,Long,35D9,V,10/12/2011 14:56,29,53.261,-10.986,53.292,-10.97,VIIbDeep,121.3,21.8,4.2,1.946522869,3.611359682,0.438057929,Y,22.57303301,537,5.37,4.8,12.2,27,"Nil
",NA,03:20.3
3015,IGFS2011,MB28,101010101,137,141,158,1,Groundgear_A,Long,35D9,V,10/12/2011 16:32,30,53.396,-10.885,53.427,-10.859,VIIbDeep,122.8,22.7,4,2.080042375,3.859076763,0.473894627,Y,22.8678876,537,7.05,11.1,16,28,"Nil
",NA,03:20.3
3016,IGFS2011,FG75,101010101,117,118,159,1,Groundgear_A,Long,35D9,V,11/12/2011 8:11,30,53.296,-10.244,53.317,-10.285,VIIbMedium,124.8,22.3,4,1.938301918,3.596107455,0.44879421,Y,23.26202681,460,5.52,17.9,10.5,27,"Nil
",NA,03:20.3
3017,IGFS2011,56A,101010101,105,103,160,1,Groundgear_A,Long,35D9,V,11/12/2011 11:06,30,53.056,-10.182,53.088,-10.193,VIIbMedium,123.3,21.39,3.8,1.960193895,3.636723368,0.448407991,Y,22.96631439,440,9.21,11.6,13.9,19,"Nil
",NA,03:20.3
3018,IGFS2011,58,101010101,91,92,161,1,Groundgear_A,Short,3.50E+01,V,11/12/2011 13:22,30,53.1,-9.888,53.121,-9.931,VIIbCoast,96.1,22.9,3.8,1.998919171,3.70856989,0.356393566,Y,27.80765719,395,8.61,15.3,11.4,27,"Nil
",NA,03:20.3
3019,IGFS2011,MB15,101010101,101,101,162,1,Groundgear_A,Long,3.40E+01,I,11/12/2011 15:24,30,52.967,-9.926,52.949,-9.969,VIIbMedium,124.9,22,3.9,1.895176319,3.516097067,0.439160524,Y,23.28176422,425,8.92,13.6,22.2,20,"No damage, caught large basking shark.","caught basking shark, approx 6.5m long",03:20.3
3020,IGFS2011,62,101010101,38,41,163,1,Groundgear_A,Short,3.50E+01,V,12/12/2011 8:09,30,53.192,-9.397,53.194,-9.452,VIIbCoast,82.2,19.24,4.5,1.985025224,3.682792623,0.302725554,Y,23.51749849,220,1.91,5.3,4.8,19,"Nil
","warp 220. 1st of warp trials
sensors didnt come in properly during first 10 mins - drop keel was up. benthos NOT recorded in database",03:20.3
3021,IGFS2011,62,101010101,37,39,164,1,Groundgear_A,Short,3.50E+01,A,12/12/2011 9:45,30,53.194,-9.396,53.197,-9.453,VIIbCoast,62.8,19.19,5.1,2.06119854,3.824116029,0.240154487,Y,17.74940261,120,1.86,5.4,4,24,"Nil
","warp 120. second warp trial tow, just north of first track",03:20.3
3022,IGFS2011,62,101010101,37,39,165,1,Groundgear_A,Short,3.50E+01,A,12/12/2011 11:27,30,53.193,-9.397,53.194,-9.453,VIIbCoast,64,19,4.8,2.018290056,3.744508452,0.239648541,Y,18.10019181,120,1.69,4.5,6,25,"Nil
","warp 120 third tow, same track as first tow. benthos NOT recorded in database",03:20.3
3023,IGFS2011,62,101010101,36,39,166,1,Groundgear_A,Short,3.50E+01,A,12/12/2011 13:09,30,53.195,-9.402,53.197,-9.458,VIIbCoast,79.5,19.13,4.3,2.020845357,3.749249272,0.298065317,Y,22.70101158,220,1.7,5,4,30,"Nil
",warp 200 last of warp trials. along same track as second tow. benthos NOT recorded in database,03:20.3
3024,IGFS2011,MB52,101010101,37,44,167,1,Groundgear_A,Short,3.50E+01,V,12/12/2011 15:24,30,53.139,-9.328,53.111,-9.363,VIIbCoast,78,19.19,4.4,2.10138557,3.898674527,0.304096613,Y,22.24951462,220,2.37,5.3,5.1,26,"Nil
",NA,03:20.3
3025,IGFS2011,MB52,101010101,38,44,168,1,Groundgear_A,Short,3.50E+01,A,14/12/2011 14:15,30,53.132,-9.34,53.106,-9.375,VIIbCoast,62.6,18.1,5.2,2.006903229,3.723382614,0.233083752,Y,17.69100491,120,2.58,6.2,5.9,10,"Nil
",Warp 120. gear lifted off @ 25min. need more warp at this depth. benthos NOT recorded in database,03:20.3
3026,IGFS2011,MB52,101010101,31,44,169,1,Groundgear_A,Short,3.50E+01,A,14/12/2011 15:32,30,53.132,-9.335,53.106,-9.367,VIIbCoast,65.8,18.3,4.6,1.940592261,3.6003567,0.236903471,Y,18.62769995,150,1.88,5.3,5.7,15,"Nil
",warp 150. repeat tow,03:20.3
3027,IGFS2011,59,101010101,68,74,170,1,Groundgear_A,Short,3.50E+01,V,15/12/2011 13:57,30,53.032,-9.667,53.051,-9.712,VIIbCoast,83.3,20.4,4.1,1.986338576,3.685229268,0.306979598,Y,23.85158722,317,6.37,15,10.8,14,"Nil
",NA,03:20.3
3028,IGFS2011,FG206,101010101,98,97,171,1,Groundgear_A,Long,3.40E+01,V,15/12/2011 16:20,30,52.908,-9.878,52.925,-9.926,VIIbMedium,119.3,21.4,4,2.017056642,3.742220115,0.44644686,Y,22.18087067,410,7.18,13.6,10.5,11,"Nil
",NA,03:20.3
3029,IGFS2011,66,101010101,59,63,172,1,Groundgear_A,Short,3.40E+01,V,16/12/2011 8:07,30,52.77,-9.626,52.801,-9.61,VIIbCoast,83.4,20.11,4.5,1.948327651,3.614708072,0.301466653,Y,23.88200147,280,4.45,5.7,14.5,19,"Nil
",NA,03:20.3
3030,IGFS2011,60,101010101,79,80,173,1,Groundgear_A,Short,3.40E+01,V,16/12/2011 9:58,30,52.925,-9.717,52.957,-9.702,VIIbCoast,87.2,21,4.2,1.994922287,3.701154522,0.322740674,Y,25.04316771,350,4.94,7.1,20,24,"Nil
",NA,03:20.3
3031,IGFS2011,FG207,101010101,55,54,174,1,Groundgear_A,Short,3.40E+01,V,16/12/2011 11:35,30,52.952,-9.512,52.98,-9.484,VIIbCoast,82.9,22,4.2,1.961900892,3.639890337,0.301746909,Y,23.73000145,NA,4.04,6.4,14.9,24,"Nil
",NA,03:20.3
3032,IGFS2012,FG149,101020101,220,221,1,1,Groundgear_D,Long,38D9,V,24/09/2012 11:25,30,54.591,-10.599,54.619,-10.568,VIaSlope,128,22.82,4,1.997053565,3.705108656,0.474253908,Y,23.89509335,775,3.14,4.54,14.01,12,"Nil
",NA,03:20.3
3033,IGFS2012,FG113,101020101,213,215,2,1,Groundgear_D,Long,38D9,V,24/09/2012 13:24,31,54.728,-10.446,54.757,-10.418,VIaSlope,118,22.7,4,1.99309255,3.697759833,0.43633566,Y,21.92655208,700,2.86,3.15,12.44,14,"Nil
",NA,03:20.3
3034,IGFS2012,FG101,101020101,104,108,3,1,Groundgear_D,Long,38D9,V,24/09/2012 15:35,30,54.761,-10.092,54.789,-10.069,VIaMedium,112,21.2,4.4,1.859823225,3.450506911,0.386456774,Y,20.75853772,420,2.43,8.95,11.89,18,Nil,Door sensor coming and going,03:20.3
3035,IGFS2012,14,101020101,27,38,4,1,Groundgear_D,Short,3.80E+02,V,26/09/2012 8:00,30,54.581,-8.352,54.566,-8.403,VIaCoast,73.4,18.9,4.3,1.992574669,3.696799015,0.271345048,Y,20.8737943,215,0.29,1.12,2.97,20,"Nil
",NA,03:20.3
3036,IGFS2012,MB45,101020101,70,75,5,1,Groundgear_D,Short,3.80E+02,V,26/09/2012 9:51,30,54.568,-8.711,54.579,-8.765,VIaCoast,80.8,20.2,4.1,1.994670203,3.700686833,0.299015496,Y,23.09351533,320,1.7,5.68,3.36,11,"Nil
",NA,03:20.3
3037,IGFS2012,18,101020101,91,92,6,1,Groundgear_D,Long,3.80E+01,V,26/09/2012 12:39,30,54.595,-9.275,54.596,-9.331,VIaMedium,106.6,20.5,4,1.951904632,3.6213444,0.386035313,Y,19.71500297,380,4.7,12.22,14.76,17,"Nil
",NA,03:20.3
3038,IGFS2012,SC552,101020101,92,90,7,1,Groundgear_D,Long,3.80E+01,V,26/09/2012 14:55,30,54.549,-9.586,54.569,-9.541,VIaMedium,107.8,20.5,4.2,1.97539863,3.664932524,0.395079726,Y,19.94629796,400,4.47,13.22,9.76,25,"Nil
",NA,03:20.3
3039,IGFS2012,26,101020101,95,94,8,1,Groundgear_D,Long,3.80E+01,V,26/09/2012 17:23,30,54.772,-9.637,54.8,-9.606,VIaMedium,108.9,20.6,3.9,1.994507511,3.700384993,0.402971926,Y,20.15861634,400,4.09,11.39,9.35,19,"Nil
",NA,03:20.3
3040,IGFS2012,FG102,101020101,96,101,9,1,Groundgear_D,Long,3.80E+01,V,27/09/2012 5:08,30,54.92,-9.7,54.953,-9.705,VIaMedium,106,20.7,4,1.987611068,3.687590107,0.390884551,Y,19.5994811,400,1.57,8.47,3.37,10,"Nil
",NA,03:20.3
3041,IGFS2012,FG108,101020101,234,222,10,1,Groundgear_D,Long,39D9,V,27/09/2012 7:47,30,55.097,-10.054,55.126,-10.026,VIaDeep,122.1,22.4,3.9,1.98888207,3.689948182,0.450542673,Y,22.73020971,760,1.73,6.29,3.31,13,"Nil
",NA,03:20.3
3042,IGFS2012,28,101020101,112,107,11,1,Groundgear_D,Long,3.90E+01,V,27/09/2012 10:14,30,55.109,-9.559,55.119,-9.503,VIaMedium,109.4,20.7,4,2.017420631,3.742895419,0.409472759,Y,20.25522006,450,1.47,3.28,3.73,19,TEY and doors took a bit of a dip on a hard patch after 20min. No lift off and no damage.,NA,03:20.3
3043,IGFS2012,FG109,101020101,243,235,12,1,Groundgear_D,Long,3.90E+01,V,27/09/2012 13:12,30,55.334,-9.857,55.36,-9.823,VIaSlope,121.5,22.1,3.7,1.94571935,3.609868923,0.438599074,Y,22.61231033,780,1.19,5.03,3.1,23,"Nil
",NA,03:20.3
3044,IGFS2012,R217,101020101,101,104,13,1,Groundgear_D,Long,3.90E+01,V,27/09/2012 15:52,30,55.329,-9.345,55.353,-9.304,VIaMedium,112.1,21.6,3.9,2.010023956,3.729172459,0.418040233,Y,20.77792931,440,1.18,7.44,3.13,17,"Nil
",NA,03:20.3
3045,IGFS2012,R213,101020101,103,102,14,1,Groundgear_D,Long,4.00E+01,V,28/09/2012 5:10,30,55.584,-9.165,55.617,-9.167,VIaMedium,111.7,21.5,3.9,1.981473135,3.676202478,0.410631817,Y,20.70037784,440,4.89,8.39,15.47,22,"Nil
",NA,03:20.3
3046,IGFS2012,SC544,101020101,125,132,15,1,Groundgear_D,Long,4.00E+02,V,28/09/2012 7:24,32,55.799,-8.991,55.835,-8.992,VIaDeep,114.4,22,3.8,2.160676493,4.008676239,0.458592562,Y,21.22462985,455,5.72,10.93,17.6,31,"Nil
",NA,03:20.3
3047,IGFS2012,MB23,101020101,126,125,16,1,Groundgear_D,Long,4.00E+02,V,28/09/2012 9:55,30,55.997,-8.817,56.009,-8.87,VIaDeep,116,22.1,4.1,1.92223707,3.566302541,0.413691095,Y,21.53617584,500,6.92,15.93,7.24,27,"Nil
",NA,03:20.3
3048,IGFS2012,FG118,101020101,117,120,17,1,Groundgear_D,Long,4.10E+02,V,28/09/2012 12:03,30,56.146,-8.806,56.159,-8.753,VIaDeep,109.1,21.2,4.2,1.93921748,3.597806086,0.392520644,Y,20.19725063,420,4.96,10.62,22,27,"Nil
",NA,03:20.3
3049,IGFS2012,2,101020101,147,142,18,1,Groundgear_D,Long,4.10E+02,V,28/09/2012 15:13,29,56.313,-8.338,56.309,-8.394,VIaDeep,116.9287433,22.04,NA,1.883473937,3.494385782,0.408594138,N,999,525,7.21,15.19,10.69,25,"Nil
",NA,03:20.3
3050,IGFS2012,1,101020101,176,173,19,1,Groundgear_D,Long,4.10E+02,I,29/09/2012 5:08,30,56.328,-7.999,56.326,-8.057,VIaDeep,124.3,22.7,4,1.937742766,3.595070066,0.446867209,Y,23.16338355,620,5.82,16.11,15.47,25,Tear along starboard selvedge,NA,03:20.3
3051,IGFS2012,FG144,101020101,143,147,20,1,Groundgear_D,Long,4.10E+03,V,29/09/2012 8:12,29,56.335,-7.58,56.341,-7.634,VIaDeep,102.7,19.8,4.3,1.835786969,3.405912743,0.349787239,Y,18.96557499,525,4.98,7.84,18.97,17,"Nil
",NA,03:20.3
3052,IGFS2012,GD5,101020101,104,107,21,1,Groundgear_D,Long,4.10E+03,V,29/09/2012 10:12,30,56.218,-7.603,56.185,-7.607,VIaMedium,102.7,19.8,4.3,1.985017956,3.68277914,0.378221418,Y,18.96557499,350,4.98,7.84,18.97,14,Nil,Selvedges torn again. Thought to be selvedge ropes too long and pressure on meshes during hauling so left as a valid tow and selvedge ropes shortened by 1m either side. Other trawls PE rope replaced by polysteel to counteract this problem previously.,03:20.3
3053,IGFS2012,93,101020101,89,85,22,1,Groundgear_D,Long,4.10E+03,V,29/09/2012 12:19,30,56.211,-7.311,56.218,-7.252,VIaMedium,98.7,19.4,4.4,2.017376291,3.742813156,0.369415658,Y,18.20041336,315,3.97,9.4,15.31,18,"Nil
",NA,03:20.3
3054,IGFS2012,FG192,101020101,90,83,23,1,Groundgear_D,Short,4.10E+03,V,29/09/2012 14:06,30,56.303,-7.068,56.325,-7.024,VIaCoast,79.3,20,4.2,1.974196976,3.66270311,0.290452357,Y,22.64072664,300,3.26,6.75,11.23,16,"Nil
",NA,03:20.3
3055,IGFS2012,SC583,101020101,74,74,24,1,Groundgear_D,Short,4.10E+04,V,29/09/2012 15:48,30,56.394,-6.774,56.365,-6.802,VIaCoast,75.3,19.3,4.4,1.974500099,3.663265489,0.275843891,Y,21.44044847,280,3.32,5.41,8.72,15,"Nil
","Sounder depth looked funny (147?) at haul back so left blank.
Depth estimated",03:20.3
3056,IGFS2012,FG117,101020101,60,70,25,1,Groundgear_D,Short,4.10E+04,V,30/09/2012 5:11,29,56.186,-6.746,56.186,-6.805,VIaCoast,73.1,18.8,4.5,1.974612601,3.663474214,0.267799965,Y,20.78451926,230,3.98,13.9,4.68,19,"Nil
",NA,03:20.3
3057,IGFS2012,FG116,101020101,91,77,26,1,Groundgear_D,Short,4.10E+03,V,30/09/2012 7:42,30,56.052,-7.053,56.052,-6.989,VIaCoast,83.2,20.8,4,2.149410248,3.987774114,0.331782806,Y,23.82118011,320,2.81,8.17,7.47,17,"Nil
",NA,03:20.3
3058,IGFS2012,SC573,101020101,50,49,27,1,Groundgear_D,Short,4.00E+04,V,30/09/2012 9:45,30,55.922,-6.671,55.891,-6.68,VIaCoast,65.7,17.9,5,1.884959472,3.497141878,0.229762221,Y,18.59835142,175,3.15,8.16,6.53,19,"Nil
",NA,03:20.3
3059,IGFS2012,GD4,101020101,47,47,28,1,Groundgear_D,Short,4.00E+03,V,30/09/2012 12:24,30,55.8,-7.117,55.774,-7.149,VIaCoast,68.1,18.1,5.8,1.898779239,3.522781519,0.239901421,Y,19.30413615,175,4.42,9.97,12.03,26,"Nil
",NA,03:20.3
3060,IGFS2012,SC575,101020101,106,107,29,1,Groundgear_D,Long,4.00E+03,V,30/09/2012 14:48,30,55.98,-7.215,55.979,-7.273,VIaMedium,103.3,19.3,4.3,1.952477693,3.622407594,0.374194704,Y,19.08064898,370,4.45,14.97,5.48,31,"Nil
",NA,03:20.3
3061,IGFS2012,MB6,101020101,127,124,30,1,Groundgear_D,Long,4.00E+03,V,30/09/2012 17:30,29,55.859,-7.602,55.873,-7.653,VIaDeep,108.7,20.5,4.1,1.915169648,3.553190441,0.386231801,Y,20.1199916,420,2.6,14.07,6.21,28,"Nil
",NA,03:20.3
3062,IGFS2012,FG98,101020101,131,130,31,1,Groundgear_D,Short,3.90E+04,V,01/10/2012 5:12,30,55.294,-6.49,55.276,-6.539,VIaCoast,86.2,21,4.1,1.99570071,3.70259872,0.31916401,Y,24.73655376,450,3.69,4.39,10.49,17,"Nil
",NA,03:20.3
3063,IGFS2012,COD2,101020101,52,41,32,1,Groundgear_D,Short,3.90E+04,V,01/10/2012 8:18,30,55.303,-6.889,55.324,-6.935,VIaCoast,80.2,20.4,4,2.016503385,3.741193664,0.300043732,Y,22.91221859,235,1.68,4.42,2.82,22,Nil,Had to abondon tow initially due to lift off. Strong tide and wire a bit short.,03:20.3
3064,IGFS2012,33,101020101,69,69,33,1,Groundgear_D,Short,4.00E+03,V,01/10/2012 10:24,30,55.51,-7.032,55.531,-7.081,VIaCoast,83.6,20.7,3.8,2.090679466,3.878811625,0.324268652,Y,23.94285144,320,4.46,9.26,6.48,23,Nil,"Forgot haul depth , get from Scanmar DBS data after upload.",03:20.3
3065,IGFS2012,32,101020101,50,59,34,1,Groundgear_D,Short,4.00E+03,V,01/10/2012 12:10,30,55.609,-7.318,55.64,-7.337,VIaCoast,70.4,18.7,4.6,1.968988421,3.653039742,0.257173998,Y,19.98338146,200,5.31,9.5,14.36,23,Nil,problems with lift off. Warp 280-> 320m.,03:20.3
3066,IGFS2012,FG114,101020101,62,61,35,1,Groundgear_D,Short,4.00E+03,V,01/10/2012 13:47,30,55.617,-7.522,55.616,-7.58,VIaCoast,70.8,18.1,4.8,1.970707231,3.656228628,0.258860987,Y,20.10180753,200,6.86,13.85,9.48,19,"Nil
",NA,03:20.3
3067,IGFS2012,FG115,101020101,17,13,36,1,Groundgear_D,Short,3.90E+03,V,01/10/2012 16:50,30,55.261,-7.582,55.229,-7.585,VIaCoast,62.3,16.7,4.9,1.922938323,3.567603568,0.222261702,Y,17.60344393,150,1.36,4.09,4.55,12,"Nil
",NA,03:20.3
3068,IGFS2012,10,101020101,20,32,37,1,Groundgear_D,Short,3.90E+03,V,02/10/2012 5:07,30,55.207,-7.912,55.234,-7.943,VIaCoast,63.2,16.7,4.8,1.937967878,3.595487715,0.227234824,Y,17.86625526,150,1.8,5.24,2.97,13,"Nil
",NA,03:20.3
3069,IGFS2012,MB8,101020101,62,63,38,1,Groundgear_D,Short,3.90E+03,I,02/10/2012 6:49,30,55.389,-7.943,55.398,-7.998,VIaCoast,74.3,18.9,4.4,1.954587577,3.626322036,0.269435727,Y,21.14193916,230,2.4,9.83,4.31,23,Tore belly through to second panel. TEY bumped after about 5min in to tow.,NA,03:20.3
3070,IGFS2012,MB3,101020101,146,152,39,1,Groundgear_D,Long,4.10E+02,V,02/10/2012 11:40,31,56.017,-8.181,55.995,-8.225,VIaDeep,112.8,21.3,4.1,1.982933949,3.678912707,0.414981353,Y,20.91374039,525,3.27,9.68,9.46,17,"Nil
",NA,03:20.3
3071,IGFS2012,MMMA3,101020101,137,267,40,1,Groundgear_D,Long,4.00E+02,V,02/10/2012 13:45,30,55.823,-8.332,55.815,-8.386,VIaDeep,113.4,21,3.9,1.886590363,3.50016765,0.396919012,Y,21.03024784,525,3.44,10.21,4.37,11,"Nil
",NA,03:20.3
3072,IGFS2012,6A,101020101,88,90,41,1,Groundgear_D,Long,4.00E+02,V,02/10/2012 15:59,31,55.662,-8.61,55.669,-8.668,VIaMedium,103.9,20.2,4.2,2.01168335,3.732251112,0.387780891,Y,19.19580297,340,3.09,8.23,6.31,8,"Nil
",NA,03:20.3
3073,IGFS2012,12,101020101,97,97,42,1,Groundgear_D,Long,3.90E+02,V,03/10/2012 5:07,30,55.45,-8.601,55.42,-8.576,VIaMedium,100.1,19.4,4.4,1.992079959,3.695881186,0.369957707,Y,18.46783018,132,2.6,6.04,10.27,7,"Nil
",NA,03:20.3
3074,IGFS2012,MB106,101020101,92,93,43,1,Groundgear_D,Long,3.90E+02,V,03/10/2012 7:03,30,55.273,-8.716,55.271,-8.774,VIaMedium,102.2,19.6,4.1,1.99064902,3.693226383,0.377447736,Y,18.86974065,380,3.18,8.76,5.15,8,"Nil
",NA,03:20.3
3075,IGFS2012,mar-04,101020101,88,83,44,1,Groundgear_D,Long,3.90E+01,V,03/10/2012 9:14,30,55.109,-9.011,55.077,-9,VIaMedium,104.6,20.4,4.2,1.957095838,3.630975581,0.379800046,Y,19.33025124,380,3.02,8.07,10.03,6,"Nil
",NA,03:20.3
3076,IGFS2012,MM7,101020101,77,75,45,1,Groundgear_D,Long,3.90E+02,V,03/10/2012 11:13,30,55.108,-8.763,55.085,-8.805,VIaMedium,99.8,19.8,4.4,1.998333465,3.707483237,0.370006827,Y,18.4104917,315,4.16,9.46,13.38,6,"Ongoing probs with multi-echoes from TEY. Hard ground prob??
",NA,03:20.3
3077,IGFS2012,MB44,101020101,61,61,46,1,Groundgear_D,Short,3.80E+02,V,03/10/2012 13:21,30,54.871,-8.776,54.857,-8.829,VIaCoast,72.6,19.1,4.1,2.017498181,3.743039297,0.271744653,Y,20.63584461,275,3.47,10.32,4.69,8,Nil,Door sensors acting up.,03:20.3
3078,IGFS2012,FG152,101010101,326,320,47,1,Groundgear_A,Long,37D8,V,05/10/2012 5:26,30,54.285,-11.183,54.255,-11.207,VIIbSlope,132.1,22.7,4.1,1.987428853,3.687252047,0.487085995,Y,24.71077846,970,2.48,4.44,6.89,10,Nil,Bad symetry for 1st 10min. Offsets removed,03:20.3
3079,IGFS2012,FG86,101010101,242,242,48,1,Groundgear_A,Long,37D9,I,05/10/2012 7:33,30,54.137,-10.994,54.104,-10.994,VIIbSlope,141.8,25.8,3.4,1.979822055,3.67313925,0.520851146,Y,26.66249904,758,2.18,5.49,5.74,9,Unstable symetry & TEY. Wing & headline stripped. Gill nets in trawl.,NA,03:20.3
3080,IGFS2012,62,101010101,34,37,49,1,Groundgear_A,Short,3.50E+01,V,06/10/2012 7:47,30,53.192,-9.416,53.196,-9.47,VIIbCoast,68.7,18,5.4,1.960067466,3.636488805,0.249826781,Y,19.48105448,192,0.22,0.96,1.7,2,"Nil
",NA,03:20.3
3081,IGFS2012,FG207,101010101,47,50,50,1,Groundgear_A,Short,3.40E+01,A,06/10/2012 9:51,30,52.982,-9.482,52.953,-9.512,VIIbCoast,77.14352325,18.6,5.2,2.05090191,3.80501282,0.293532095,N,999,232,1.02,2.35,2.71,3,Nil,Door sensors coming and going.,03:20.3
3082,IGFS2012,60,101010101,72,72,51,1,Groundgear_A,Short,3.40E+01,A,06/10/2012 11:33,29,52.927,-9.716,52.959,-9.701,VIIbCoast,78.6,19.6,4.7,1.994916084,3.701143013,0.290909841,Y,22.42993695,300,1.55,2.62,2.65,7,"Nil
",NA,03:20.3
3083,IGFS2012,58,101010101,85,86,52,1,Groundgear_A,Long,3.50E+01,A,06/10/2012 13:26,30,53.102,-9.893,53.123,-9.935,VIIbCoast,107.4,20.2,4.6,1.97097096,3.656717922,0.392731505,Y,31.42346975,325,1.59,4.65,3.28,11,"Nil
",NA,03:20.3
3084,IGFS2012,56A,101010101,101,101,53,1,Groundgear_A,Long,35D9,A,06/10/2012 15:20,30,53.049,-10.179,53.082,-10.19,VIIbMedium,107.4,20.2,4.6,2.018978586,3.745785873,0.402297403,Y,19.86916218,380,1.74,5.55,4.35,8,"Nil
",NA,03:20.3
3085,IGFS2012,FG75,101010101,114,115,54,1,Groundgear_A,Long,35D9,A,06/10/2012 17:25,20,53.296,-10.244,53.311,-10.273,VIIbMedium,114.8,21.1,4.3,1.376770389,2.554304988,0.293234213,Y,21.30245427,468,2.27,6.29,5.31,9,"Nil
",NA,03:20.3
3086,IGFS2012,MM1,101010101,82,76,55,1,Groundgear_A,Short,3.70E+01,I,07/10/2012 5:16,4,54.321,-9.261,54.322,-9.268,VIIbCoast,82.88734263,20.77,NA,0.25273169,0.468889962,0.038865043,N,999,NA,NA,NA,NA,NA,"Big spike in door, wing and TEY data. Hauled, no damage. Sudden v. hard ground at end of this tow.","Seemed to come fast, no damage though",03:20.3
3087,IGFS2012,MM1,101010101,74,83,56,1,Groundgear_A,Short,3.70E+01,A,07/10/2012 5:48,28,54.325,-9.289,54.333,-9.339,VIIbCoast,72.8,18.5,4.9,1.817813345,3.372566503,0.245522841,Y,20.69529697,220,1.67,4.02,4.08,7,"Hauled short, sudden v. hard ground @ end of tow.",NA,03:20.3
3088,IGFS2012,SC552,101010101,84,85,57,1,Groundgear_A,Long,3.70E+01,A,07/10/2012 7:40,30,54.483,-9.461,54.483,-9.518,VIIbMedium,98.4,18.8,4.8,1.991290698,3.694416879,0.363530621,Y,18.14316333,325,2.01,2.99,6.27,12,"Nil
",NA,03:20.3
3089,IGFS2012,25,101010101,45,65,58,1,Groundgear_A,Short,3.70E+01,A,07/10/2012 11:02,30,54.309,-9.921,54.343,-9.923,VIIbCoast,77.6,19.3,4.7,2.041092071,3.786812748,0.293856669,Y,22.1293622,246,1.25,4.64,3.1,10,"Nil
",NA,03:20.3
3090,IGFS2012,22,101010101,112,123,59,1,Groundgear_A,Long,37D9,A,07/10/2012 13:21,30,54.298,-10.324,54.287,-10.377,VIIbMedium,107.1,19.9,4.6,1.973750409,3.661874598,0.392186769,Y,19.81133498,450,2.3,3.69,4.88,10,Nil,Occassional lift off on TEY. All else stable.,03:20.3
3091,IGFS2012,66,101010101,58,52,60,1,Groundgear_A,Short,3.40E+01,V,16/11/2012 10:15,30,52.796,-9.612,52.764,-9.627,VIIbCoast,77.9,19.7,5.1,1.995421996,3.702081624,0.288392159,Y,22.21946688,260,3.24,3.15,15.03,10,"Nil
",NA,03:20.3
3092,IGFS2012,MB17,101010101,85,89,61,1,Groundgear_A,Long,34D9,V,16/11/2012 13:11,30,52.586,-10.071,52.576,-10.122,VIIbMedium,100.4,19.4,4.9,1.957505617,3.631735838,0.364626278,Y,18.52518784,311,2.4,6.9,11.2,17,"Nil
",NA,03:20.3
3093,IGFS2012,70,101010101,97,100,62,1,Groundgear_A,Long,34D9,V,16/11/2012 14:56,30,52.549,-10.318,52.519,-10.342,VIIbMedium,104.3,19.9,4.6,2.002057315,3.714392051,0.387411091,Y,19.27261705,336,4.6,5.7,14.3,13,"Nil
",NA,03:20.3
3094,IGFS2012,FG74,101010101,492,467,63,1,Groundgear_A,Long,32D8,V,17/11/2012 7:49,30,51.993,-11.801,52.025,-11.801,VIIjSlope,138,24.2,3.7,1.919142309,3.56056087,0.4913574,Y,25.89408128,1565,7.8,9.2,15.6,19,"Nil
",NA,03:20.3
3095,IGFS2012,FG71,101010101,250,251,64,1,Groundgear_A,Long,32D8,V,17/11/2012 10:30,30,51.917,-11.521,51.883,-11.529,VIIjSlope,125.3,22.5,4.2,2.060538177,3.822890866,0.479008226,Y,23.36074314,745,8.3,6.3,23.3,12,"Nil
",NA,03:20.3
3096,IGFS2012,FG72,101010101,420,429,65,1,Groundgear_A,Long,32D8,V,17/11/2012 12:51,30,51.728,-11.67,51.698,-11.646,VIIjSlope,130,23,4.1,2.009022994,3.727315387,0.484551,Y,24.29233357,1196,5.6,10.2,14.6,18,"Nil
",NA,03:20.3
3097,IGFS2012,FG28,101010101,228,230,66,1,Groundgear_A,Long,32D8,V,17/11/2012 15:05,30,51.631,-11.395,51.598,-11.385,VIIjSlope,123.5,22.2,4.1,2.013890938,3.736346824,0.461438833,Y,23.00570516,691,6.4,9.5,14,15,"Nil
",NA,03:20.3
3098,IGFS2012,FG3,101010101,183,182,67,1,Groundgear_A,Long,32D8,V,17/11/2012 17:04,30,51.611,-11.113,51.583,-11.083,VIIjDeep,119.8,22,4.2,2.018645546,3.745167989,0.448671125,Y,22.27880787,568,7.8,11,13.4,13,"Nil
",NA,03:20.3
3099,IGFS2012,FG203,101010101,167,167,68,1,Groundgear_A,Long,31D9,V,18/11/2012 7:36,30,51.256,-10.724,51.225,-10.745,VIIjDeep,116.2,21.4,4.4,2.020003824,3.747687985,0.435481344,Y,21.57516591,513,5.4,6.4,18.6,21,"Nil
",NA,03:20.3
3100,IGFS2012,FG129,101010101,159,157,69,1,Groundgear_A,Long,31D9,V,18/11/2012 9:35,30,51.133,-10.535,51.102,-10.516,VIIjDeep,114.1,21.2,4.6,1.9923989,3.696472913,0.421767559,Y,21.16628846,490,5,7.3,13.6,19,"Nil
",NA,03:20.3
3101,IGFS2012,FG128,101010101,132,135,70,1,Groundgear_A,Long,31D9,V,18/11/2012 12:00,30,51.312,-10.349,51.33,-10.394,VIIjDeep,112.4,20.8,4.6,2.006021595,3.721746929,0.418324355,Y,20.83611905,438,5.4,11,4.4,33,"Nil
",NA,03:20.3
3102,IGFS2012,FG33,101010101,71,69,71,1,Groundgear_A,Short,32D9,V,18/11/2012 14:45,30,51.492,-10.078,51.512,-10.035,VIIjCoast,79.1,19.7,4.5,2.007107185,3.723761011,0.294549496,Y,22.58046815,273,4.3,9.6,13.1,26,"Nil
",NA,03:20.3
3103,IGFS2012,FG205,101010101,50,57,72,1,Groundgear_A,Short,3.20E+01,V,18/11/2012 16:56,30,51.607,-9.753,51.624,-9.706,VIIjCoast,77.2,19.5,4.8,2.029348505,3.765025055,0.290659934,Y,22.00931215,233,1,4.6,3.9,31,"Nil
",NA,03:20.3
3104,IGFS2012,FG10,101010101,107,110,73,1,Groundgear_A,Long,3.10E+01,V,19/11/2012 10:09,30,51.257,-9.793,51.233,-9.828,VIIjMedium,108.1,20.4,4.8,1.951016599,3.619696844,0.391289229,Y,20.00417452,366,5.8,12.5,13.8,18,"Nil
",NA,03:20.3
3105,IGFS2012,MB20,101010101,120,121,74,1,Groundgear_A,Long,3.10E+01,V,19/11/2012 12:18,30,51.105,-9.644,51.114,-9.594,VIIjMedium,110.8,20.4,4.4,1.963012739,3.641953134,0.403528407,Y,20.52603168,415,5.7,9.4,21.9,17,"Nil
",NA,03:20.3
3106,IGFS2012,FG34A,101010101,115,113,75,1,Groundgear_A,Long,3.10E+01,V,19/11/2012 14:09,30,51.117,-9.354,51.116,-9.302,VIIjMedium,110.5,20.3,4.4,1.963485173,3.642829634,0.402532675,Y,20.4679605,390,4.7,9.5,19.6,13,"Nil
",NA,03:20.3
3107,IGFS2012,FG199,101010101,115,119,76,1,Groundgear_A,Long,3.10E+01,V,19/11/2012 16:03,30,51.264,-9.236,51.296,-9.22,VIIjMedium,112.5,21.2,4.3,2.011037341,3.731052581,0.419743415,Y,20.85552063,390,4.8,9.6,17.9,12,"Nil
",NA,03:20.3
3108,IGFS2012,FG51,101010101,92,94,77,1,Groundgear_A,Long,3.10E+02,V,20/11/2012 7:33,30,51.348,-8.105,51.354,-8.157,VIIgMedium,106.1,19.9,4.5,1.985490992,3.683656757,0.390835982,Y,19.61872897,336,3.36,3.9,7.9,19,"Nil
",NA,03:20.3
3109,IGFS2012,FG37A,101010101,92,92,78,1,Groundgear_A,Long,3.10E+03,V,20/11/2012 9:50,30,51.363,-7.854,51.393,-7.828,VIIgMedium,105,20,4.6,2.046574237,3.796983742,0.398683293,Y,19.40712849,336,2,7.6,15,24,"Nil
",NA,03:20.3
3110,IGFS2012,FG197,101010101,94,95,79,1,Groundgear_A,Long,3.10E+03,V,20/11/2012 12:08,30,51.243,-7.672,51.247,-7.619,VIIgMedium,104,19.8,4.7,2.009127037,3.727508418,0.387660875,Y,19.21500312,336,3.3,9.8,8.5,20,"Nil
",NA,03:20.3
3111,IGFS2012,FG15,101010101,84,89,80,1,Groundgear_A,Long,3.10E+03,V,20/11/2012 13:58,30,51.347,-7.463,51.328,-7.422,VIIgMedium,104.4,20,4.5,1.91567039,3.554119462,0.371050072,Y,19.29182619,324,4.4,9.3,14.4,22,"Nil
",NA,03:20.3
3112,IGFS2012,FG168,101010101,88,87,81,1,Groundgear_A,Long,3.10E+03,V,20/11/2012 15:36,30,51.289,-7.247,51.297,-7.196,VIIgMedium,103.2,19.5,4.6,1.976584639,3.66713291,0.378448116,Y,19.06146444,324,3.6,9.9,9.2,20,"Two stones, no damage",NA,03:20.3
3113,IGFS2012,FG40,101010101,85,86,82,1,Groundgear_A,Long,3.10E+04,V,21/11/2012 7:28,30,51.366,-6.664,51.365,-6.717,VIIgMedium,104,19.6,4.7,1.990444257,3.692846487,0.384056035,Y,19.21500312,324,4,10.9,5.9,15,"Nil
",NA,03:20.3
3114,IGFS2012,FG39,101010101,110,109,83,1,Groundgear_A,Long,3.10E+04,V,21/11/2012 9:28,30,51.22,-6.595,51.194,-6.63,VIIgMedium,110,20.5,4.4,2.041783186,3.788094964,0.416690446,Y,20.37122395,378,3.9,10.8,8.2,16,"Nil
",NA,03:20.3
3115,IGFS2012,CN303,101010101,98,98,84,1,Groundgear_A,Long,3.10E+04,V,21/11/2012 11:53,30,51.154,-6.486,51.121,-6.477,VIIgMedium,106.1,19.7,4.5,2.007735857,3.724927378,0.395214795,Y,19.61872897,349,4.1,6.2,12.8,12,"Nil
",NA,03:20.3
3116,IGFS2012,112,101010101,109,109,85,1,Groundgear_A,Long,3.10E+04,V,21/11/2012 13:43,30,51.215,-6.339,51.247,-6.332,VIIgMedium,111.6,20.7,4.5,1.936899115,3.593504852,0.401035142,Y,20.68099618,378,2.9,5.7,14.4,21,"Nil
",NA,03:20.3
3117,IGFS2012,CN304,101010101,101,101,86,1,Groundgear_A,Long,3.10E+04,V,21/11/2012 15:42,30,51.184,-6.132,51.152,-6.145,VIIgMedium,110.9,20.9,4.5,1.980464759,3.674331649,0.40748338,Y,20.54539364,336,3.4,7.7,9.8,19,Doors and headline unstable. probably sweeps digging in.,Doors and headline unstable. probably sweeps digging in.,03:20.3
3118,IGFS2012,CN203,101010101,66,66,87,1,Groundgear_A,Short,3.10E+05,V,23/11/2012 7:23,30,51.453,-5.265,51.42,-5.266,VIIgCoast,81.8,20.7,NA,1.979276494,3.672127075,0.300379995,Y,23.39622227,273,5.1,8.5,16.7,11,Doors and wings took a dip 10 min into tow but no damage,NA,03:20.3
3119,IGFS2012,MB32,101010101,70,71,88,1,Groundgear_A,Short,3.10E+05,V,23/11/2012 9:20,30,51.464,-5.494,51.484,-5.538,VIIgCoast,83.4,20.5,NA,2.038052047,3.78117263,0.315349797,Y,23.88200147,273,3.8,6.4,11.7,14,"Nil
",NA,03:20.3
3120,IGFS2012,44,101010101,75,76,89,1,Groundgear_A,Short,3.10E+05,V,23/11/2012 11:40,30,51.271,-5.52,51.242,-5.493,VIIgCoast,82.1,20.3,4.6,2.014015346,3.736577637,0.306773024,Y,23.48716898,298,4.9,6.9,16.2,10,"Nil
",NA,03:20.3
3121,IGFS2012,FG165,101010101,85,89,90,1,Groundgear_A,Long,3.10E+05,V,23/11/2012 14:23,30,51.333,-5.812,51.301,-5.814,VIIgMedium,102.6,19.2,4.5,1.920386129,3.562868515,0.36555031,Y,18.94640372,324,4.6,10.1,13,11,"Nil
",NA,03:20.3
3122,IGFS2012,113,101010101,88,86,91,1,Groundgear_A,Long,3.10E+05,V,23/11/2012 16:40,30,51.087,-5.803,51.057,-5.782,VIIgMedium,101,19.3,4.8,1.966074787,3.647634114,0.368411046,Y,18.63996097,324,3.8,6,15.5,11,"Nil
",NA,03:20.3
3123,IGFS2012,CC307,101010101,104,105,92,1,Groundgear_A,Long,3.00E+03,V,24/11/2012 7:28,30,50.646,-7.281,50.649,-7.334,VIIgMedium,111.8,21.1,4.6,2.028484672,3.763422396,0.420750624,Y,20.71976199,337,2.8,7.2,5.8,19,"Nil
",NA,03:20.3
3124,IGFS2012,MB30,101010101,109,109,93,1,Groundgear_A,Long,3.00E+03,V,24/11/2012 9:23,30,50.617,-7.606,50.65,-7.618,VIIgMedium,112.7,20.9,4.4,2.03087468,3.76785655,0.424637433,Y,20.89433129,390,2.7,5.9,10.8,11,"Nil
",NA,03:20.3
3125,IGFS2012,FG53,101010101,111,110,94,1,Groundgear_A,Long,3.00E+03,V,24/11/2012 11:13,30,50.725,-7.84,50.705,-7.882,VIIgMedium,111.1,20.3,4.4,1.998599002,3.707975884,0.411956121,Y,20.58412491,390,3,4.2,7.9,20,"Nil
",NA,03:20.3
3126,IGFS2012,FG133,101010101,118,120,95,1,Groundgear_A,Long,3.00E+02,V,24/11/2012 13:12,30,50.536,-8.021,50.518,-8.066,VIIgMedium,112.3,20.9,4.4,2.030470929,3.767107475,0.423046169,Y,20.81671998,415,2.9,8.5,7.3,23,"Nil
",NA,03:20.3
3127,IGFS2012,FG14,101010101,125,125,96,1,Groundgear_A,Long,3.00E+02,V,24/11/2012 15:09,30,50.624,-8.242,50.643,-8.2,VIIgMedium,115.7,21.2,4.4,1.965456087,3.646486246,0.421898459,Y,21.47771034,427,3.6,6,12.2,30,"Nil
",NA,03:20.3
3128,IGFS2012,FG13,101010101,113,115,97,1,Groundgear_A,Long,3.00E+02,V,24/11/2012 16:48,30,50.742,-8.238,50.76,-8.194,VIIgMedium,113,20.8,4.4,1.991516167,3.69483519,0.417516376,Y,20.95256612,402,3.9,9,14,30,"Nil
",NA,03:20.3
3129,IGFS2012,FG12,101010101,119,119,98,1,Groundgear_A,Long,3.00E+02,V,25/11/2012 7:36,30,50.561,-8.612,50.591,-8.594,VIIgMedium,109.8,20.4,4.5,1.92557017,3.5724864,0.392259007,Y,20.33254632,402,2.8,3.9,9.8,19,"Nil
",NA,03:20.3
3130,IGFS2012,CC306,101010101,118,121,99,1,Groundgear_A,Long,3.00E+02,V,25/11/2012 9:49,30,50.602,-8.879,50.628,-8.914,VIIgMedium,111.7,20.5,4.5,2.052570104,3.8081078,0.425365641,Y,20.70037784,415,3.3,8.2,8.7,25,"Nil
",NA,03:20.3
3131,IGFS2012,FG132,101010101,124,128,100,1,Groundgear_A,Long,3.00E+01,V,25/11/2012 11:54,30,50.521,-9.079,50.519,-9.13,VIIjDeep,115.4,21,4.4,1.953190064,3.623729246,0.418178355,Y,21.4192683,415,3.7,12.4,8.7,17,Nil,Sensors a bit unstable (particularly symmetry). No damage,03:20.3
3132,IGFS2012,FG55,101010101,129,128,101,1,Groundgear_A,Long,3.00E+01,V,25/11/2012 14:31,30,50.612,-9.446,50.591,-9.485,VIIjMedium,117.2,21.4,4.4,1.949421017,3.616736581,0.423881527,Y,21.77027426,438,4.6,14.5,10.1,17,"Nil
",NA,03:20.3
3133,IGFS2012,CC431,101010101,127,131,102,1,Groundgear_A,Long,2.90E+01,V,25/11/2012 16:22,30,50.479,-9.353,50.446,-9.357,VIIjDeep,112.9,20.7,4.7,1.984503299,3.681824303,0.415677964,Y,20.933152,427,4.5,11.9,10.3,11,"Nil
",NA,03:20.3
3134,IGFS2012,VMS1,101010101,112,110,103,1,Groundgear_A,Long,3.00E+02,V,26/11/2012 9:15,30,50.884,-8.493,50.906,-8.452,VIIgMedium,116.1,21,4.2,2.039012686,3.782954891,0.439201063,Y,21.55566956,402,5.6,11.9,21.9,33,"Snagged on something 25mins into the tow. No damage. Lucky to get away with it
",NA,03:20.3
3135,IGFS2012,FG16,101010101,105,102,104,1,Groundgear_A,Long,3.10E+02,V,26/11/2012 12:20,30,51.09,-8.275,51.105,-8.228,VIIgMedium,111.9,20.8,4.8,1.989519204,3.691130249,0.413037475,Y,20.73914861,378,5.3,11,15.4,37,"Nil
",Shot a bit too far to the SW,03:20.3
3136,IGFS2012,FG140,101010101,102,99,105,1,Groundgear_A,Long,3.10E+02,V,26/11/2012 14:03,30,51.021,-8.119,51.035,-8.071,VIIgMedium,108.3,20.7,4.8,1.999794752,3.710194345,0.401814048,Y,20.04277072,366,5.9,13.4,17.8,36,"Nil
",NA,03:20.3
3137,IGFS2012,FG35,101010101,107,103,106,1,Groundgear_A,Long,3.00E+03,V,26/11/2012 16:26,30,50.884,-7.787,50.907,-7.751,VIIgMedium,109.1,20.3,4.7,1.940533423,3.600247538,0.392787006,Y,20.19725063,366,5.3,15.3,23.9,35,"Nil
",NA,03:20.3
3138,IGFS2012,CN308,101010101,107.5,106.5,107,1,Groundgear_A,Long,3.10E+04,V,27/11/2012 7:33,30,51.444,-6.138,51.476,-6.122,VIIgMedium,117.5,21.7,4.3,2.01039062,3.729852728,0.438257696,Y,21.82885842,390,4.7,16.6,10,36,"Nil
",NA,03:20.3
3139,IGFS2012,FG139,101010101,113,110,108,1,Groundgear_A,Long,3.20E+04,V,27/11/2012 9:45,30,51.59,-6.207,51.619,-6.187,VIIgMedium,114,21,4.2,1.892688652,3.51148173,0.400308917,Y,21.14684645,390,4.8,20.9,6.9,35,"Nil
",NA,03:20.3
3140,IGFS2012,110,101010101,75,74,109,1,Groundgear_A,Short,3.20E+04,V,27/11/2012 12:05,30,51.572,-6.494,51.603,-6.515,VIIgCoast,83.5,20.4,4.5,2.017780406,3.743562905,0.312587503,Y,23.91242287,298,4.3,14.5,9.8,28,"Nil
",NA,03:20.3
3141,IGFS2012,FG208,101010101,75,76,110,1,Groundgear_A,Short,3.20E+03,V,27/11/2012 15:14,30,51.596,-7.04,51.62,-7,VIIgCoast,82,20.2,4.8,2.074197068,3.848232038,0.315555027,Y,23.45684645,298,2.7,10.1,4.6,28,"Small stone, no damage",NA,03:20.3
3142,IGFS2012,33A,101010101,53,58,111,1,Groundgear_A,Short,3.20E+04,V,28/11/2012 7:24,30,52.007,-6.758,51.975,-6.739,VIIgCoast,72.5,18.3,4.9,2.044005439,3.792217883,0.274935797,Y,20.60612715,223,0.7,1.6,1.7,16,"Nil
",scanmar data not logged for first 10 minutes. data logger could not access com port.,03:20.3
3143,IGFS2012,69,101010101,68,58,112,1,Groundgear_A,Short,3.20E+04,V,28/11/2012 9:30,30,51.831,-6.501,51.802,-6.472,VIIgCoast,78.2,19.3,4.8,2.046104375,3.796112012,0.296855959,Y,22.30962947,273,1.1,2.8,3.3,18,"Nil
",NA,03:20.3
3144,IGFS2012,FG25,101010101,74,78,113,1,Groundgear_A,Short,3.30E+04,V,28/11/2012 11:57,30,52.005,-6.261,52.017,-6.211,VIIgCoast,80.5,19.7,4.4,1.985443823,3.683569245,0.296527324,Y,23.00283652,298,0.7,2.6,1.6,20,"Nil
",NA,03:20.3
3145,IGFS2012,FG26,101010101,112,110,114,1,Groundgear_A,Long,3.20E+04,V,28/11/2012 13:52,30,51.835,-6.081,51.802,-6.073,VIIgMedium,110.5,21.2,4.9,2.001262535,3.712917505,0.410277384,Y,20.4679605,390,1.3,5.7,3.7,23,"Nil
","V strong tide, low speed through the net (2.7kn)",03:20.3
3146,IGFS2012,FG183,101010101,94,92,115,1,Groundgear_A,Long,3.10E+02,V,29/11/2012 7:28,30,51.442,-8.561,51.457,-8.513,VIIgMedium,102.2,19.3,4.8,2.010945816,3.730882775,0.38129622,Y,18.86974065,349,0.7,1.9,2.1,5,"Nil
",NA,03:20.3
3147,IGFS2012,FG134,101010101,86,88,116,1,Groundgear_A,Long,3.10E+02,V,29/11/2012 8:58,30,51.432,-8.327,51.419,-8.277,VIIgMedium,99.6,18.8,4.8,2.030117866,3.766452442,0.375138663,Y,18.37227666,324,0.8,2,3.4,4,"Nil
","Symmetry strange, jumps between 1.0 kn prt and 0.1kn stbt (+10 to -1 degrees)",03:20.3
3148,IGFS2012,FG17A,101010101,85,84,117,1,Groundgear_A,Long,3.10E+02,V,29/11/2012 10:31,30,51.484,-8.141,51.505,-8.098,VIIgMedium,100.2,18.8,4.8,2.043714278,3.791677696,0.379926105,Y,18.48694727,324,0.6,1.6,3.9,3,Few meshes in wings torn,"Symmetry strange, jumps between 1.0 kn prt and 0.1kn stbt (+10 to -1 degrees)",03:20.3
3149,IGFS2012,53A,101010101,70,56,118,1,Groundgear_A,Short,3.20E+02,V,29/11/2012 12:19,30,51.613,-8.254,51.646,-8.256,VIIgCoast,82.1,19.7,4.7,1.980394304,3.674200935,0.301651897,Y,23.48716898,286,0.6,1.6,2.4,5,Few meshes in wings gone. Southern end of tow is v hard. Maybe move tow north by 0.75 nm. See VMS map.,"Symmetry strange, jumps between 1.0 kn prt and 0.1kn stbt (+10 to -1 degrees)",03:20.3
3150,IGFS2012,CN205,101010101,74,70,119,1,Groundgear_A,Short,3.20E+02,I,29/11/2012 13:57,30,51.685,-8.03,51.709,-7.992,VIIgCoast,83.8,20.4,4.8,2.019153329,3.746110072,0.313924024,Y,24.00373011,298,0.4,1.7,1.7,5,"Tear in wing, 1 hr mending","Symmetry strange, jumps between 1.0 kn prt and 0.1kn stbt (+10 to -1 degrees)",03:20.3
3151,IGFS2012,FG177,101010101,26,22,120,1,Groundgear_A,Short,3.30E+03,V,01/12/2012 7:32,26,52.057,-7.482,52.027,-7.498,VIIgCoast,71.2,18,5.1,1.894011767,3.513936488,0.250192278,Y,20.22032325,193,0.42,1.32,2.64,5,"Nil
",NA,03:20.3
3152,IGFS2012,FG138,101010101,57,59,121,1,Groundgear_A,Short,3.20E+03,V,01/12/2012 8:56,32,51.924,-7.396,51.895,-7.428,VIIgCoast,77.1,17.7,4.9,2.10561932,3.90652935,0.301193413,Y,21.97931555,259,0.62,2.48,2.69,5,"Nil
",NA,03:20.3
3153,IGFS2012,FG178,101010101,73,72,122,1,Groundgear_A,Short,3.20E+03,V,01/12/2012 11:53,30,51.585,-7.515,51.59,-7.462,VIIgCoast,81,19.9,4,2.002482361,3.715180632,0.300929631,Y,23.15400187,300,0.94,2.55,2.34,13,"Nil
",NA,03:20.3
3154,IGFS2012,FG46,101010101,69,67,123,1,Groundgear_A,Short,3.20E+03,V,01/12/2012 14:35,32,51.801,-7.087,51.833,-7.067,VIIgCoast,78.7,19.3,4.8,2.058022268,3.818223131,0.30049416,Y,22.46003009,285,0.71,1.57,2.89,10,"Nil
",NA,03:20.3
3155,IGFS2012,FG201,101010101,75,76,124,1,Groundgear_A,Short,3.20E+03,V,02/12/2012 7:43,29,51.502,-7.174,51.5,-7.227,VIIgCoast,80.2,20.2,4.6,1.987286305,3.686987578,0.295696404,Y,22.91221859,311,1.12,3.02,2.01,12,"Nil
",NA,03:20.3
3156,IGFS2012,FG176,101010101,79,79,125,1,Groundgear_A,Short,3.10E+03,V,02/12/2012 9:29,30,51.49,-7.504,51.481,-7.556,VIIgCoast,82.3,20.2,4.8,2.020319958,3.748274505,0.308482992,Y,23.54783498,311,1.09,2.96,0.57,16,"Nil
",NA,03:20.3
3157,IGFS2012,FG52,101010101,92,93,126,1,Groundgear_A,Long,3.10E+02,V,02/12/2012 12:31,31,51.247,-8.059,51.226,-8.1,VIIgMedium,105,19.9,4.8,1.991944261,3.695629427,0.38804109,Y,19.40712849,350,2.17,3.86,3.67,22,"Nil
",NA,03:20.3
3158,IGFS2012,CC330,101010101,97,99,127,1,Groundgear_A,Long,3.10E+02,V,02/12/2012 15:18,30,51.201,-8.542,51.181,-8.582,VIIgMedium,106.9,19.87,4.7,1.926157298,3.573575692,0.382015241,Y,19.77279519,365,2.58,5.18,3.83,17,"Nil
",NA,03:20.3
3159,IGFS2012,FG141,101010101,105,106,128,1,Groundgear_A,Long,3.10E+02,V,03/12/2012 7:43,30,51.1,-8.765,51.1,-8.817,VIIgMedium,111.6,20.3,4.6,1.96326823,3.642427143,0.406494869,Y,20.68099618,390,3.53,12.89,4.59,14,"Nil
",NA,03:20.3
3160,IGFS2012,FG59,101010101,112,113,129,1,Groundgear_A,Long,3.00E+01,V,03/12/2012 10:20,30,50.977,-9.209,50.983,-9.26,VIIjMedium,111.5,20.7,4.6,1.963732027,3.643287619,0.40622657,Y,20.66161699,415,4.57,10.68,6.14,13,"Nil
",NA,03:20.3
3161,IGFS2012,85,101010101,123,118,130,1,Groundgear_A,Long,3.00E+01,V,03/12/2012 12:46,30,50.755,-9.226,50.75,-9.278,VIIjMedium,111.8,20.5,4.7,2.000541095,3.711579025,0.414954535,Y,20.71976199,425,4.94,12.03,9.99,13,"Nil
","





",03:20.3
3162,IGFS2012,FG163,101010101,113,113,131,1,Groundgear_A,Long,3.00E+01,V,03/12/2012 14:47,30,50.837,-9.504,50.835,-9.553,VIIjDeep,110.1,20.2,4.8,1.864379918,3.458960886,0.380831594,Y,20.3905664,415,5.31,13.22,7.29,25,"Nil
",NA,03:20.3
3163,IGFS2012,FG57,101010101,116,120,132,1,Groundgear_A,Long,3.00E+01,V,03/12/2012 16:43,30,50.832,-9.765,50.835,-9.81,VIIjDeep,109.6,20.4,4.7,1.718173564,3.187706055,0.349372584,Y,20.29387837,425,6.48,16.23,6.06,21,"Nil
",NA,03:20.3
3164,IGFS2012,FG56,101010101,59,61,133,1,Groundgear_A,Short,3.10E+01,V,04/12/2012 7:41,30,51.424,-9.344,51.418,-9.392,VIIjCoast,79.8,19.8,4.8,1.835284193,3.404979949,0.2717174,Y,22.7914888,265,2.97,8.68,3.26,28,"Nil
",NA,03:20.3
3165,IGFS2012,FG9,101010101,45,49,134,1,Groundgear_A,Short,3.10E+01,V,04/12/2012 9:37,30,51.458,-9.641,51.446,-9.69,VIIjCoast,75.1,19,5,1.97191231,3.658464397,0.274750676,Y,21.38069803,220,2.32,8.79,3.93,27,"Nil
",NA,03:20.3
3166,IGFS2012,COD5A,101010101,115,120,135,1,Groundgear_A,Long,3.10E+01,V,05/12/2012 7:49,29,51.168,-9.931,51.145,-9.968,VIIjMedium,112.9,20.9,4.2,1.961843699,3.639784228,0.410931639,Y,20.933152,405,6.05,10.35,20.12,12,"Nil
",NA,03:20.3
3167,IGFS2012,FG66,101010101,128,NA,136,1,Groundgear_A,Long,31D9,V,05/12/2012 9:56,29,51.054,-10.235,51.02,-10.233,VIIjDeep,112.6,21,4.8,2.040150644,3.785066131,0.426198446,Y,20.87492471,450,5.8,7.24,22.99,11,"Nil
",NA,03:20.3
3168,IGFS2012,FG130,101010101,135,138,137,1,Groundgear_A,Long,30D9,V,05/12/2012 12:05,30,50.78,-10.275,50.748,-10.281,VIIjDeep,110.1,21,4.9,1.932251229,3.584881686,0.394695474,Y,20.3905664,450,5.39,9.7,18.81,7,"Nil
",NA,03:20.3
3169,IGFS2012,FG54,101010101,140,134,138,1,Groundgear_A,Long,30D9,V,05/12/2012 14:37,30,50.517,-10.086,50.505,-10.039,VIIjMedium,113.1,20.9,4.5,1.935634472,3.591158574,0.406160035,Y,20.97198276,485,2.44,7.65,8.43,10,"Nil
",NA,03:20.3
3170,IGFS2012,FG211,101010101,113,121,139,1,Groundgear_A,Long,2.90E+01,V,05/12/2012 16:42,30,50.379,-9.827,50.409,-9.806,VIIjDeep,108.6,20.5,4.8,1.970565862,3.65596635,0.397037946,Y,20.10068281,390,4.34,5.14,25.05,1,"Nil
",NA,03:20.3
3171,IGFS2012,CC425,101010101,127,131,140,1,Groundgear_A,Long,2.90E+01,V,06/12/2012 8:02,32,50.133,-9.631,50.136,-9.684,VIIjDeep,111.7,20.3,4.5,2.050317276,3.803928156,0.424898775,Y,20.70037784,438,2.74,5.72,4.43,13,"Nil
",NA,03:20.3
3172,IGFS2012,CC424,101010101,125,122,141,1,Groundgear_A,Long,29D9,V,06/12/2012 10:56,30,50.098,-10.195,50.066,-10.212,VIIjDeep,110.4,20.9,4.6,2.027505655,3.761606038,0.415281307,Y,20.44860832,438,4.6,20.9,110.4,12,"Nil
",NA,03:20.3
3173,IGFS2012,FG212,101010101,147,NA,142,1,Groundgear_A,Long,29D9,V,06/12/2012 13:37,30,50.167,-10.59,50.135,-10.603,VIIjDeep,113.8,21,4.6,1.982814042,3.678690245,0.41863495,Y,21.10797008,485,3.97,3.32,11.28,10,"Nil
",NA,03:20.3
3174,IGFS2012,FG210,101010101,273,263,143,1,Groundgear_A,Long,29D8,V,06/12/2012 16:33,31,50.014,-11.01,50.042,-11.037,VIIjSlope,123.2,22.1,4.4,1.976196311,3.666412451,0.451702014,Y,22.94662331,745,3.32,6.24,9.31,25,Tow shallows abruptly from south. 360m - 250m. Set warps for 250m. All good!,NA,03:20.3
3175,IGFS2012,FG61,101010101,240,233,144,1,Groundgear_A,Long,29D9,V,07/12/2012 7:52,30,50.345,-10.893,50.374,-10.868,VIIjSlope,124,21.9,4.4,1.985604764,3.683867836,0.456799612,Y,23.10423247,745,5.81,13.4,18.36,24,"Nil
",NA,03:20.3
3176,IGFS2012,FG63,101010101,163,160,145,1,Groundgear_A,Long,30D9,V,07/12/2012 10:42,30,50.576,-10.656,50.579,-10.606,VIIjDeep,116.8,21.3,4.4,1.917412591,3.557351747,0.415498684,Y,21.69219922,527,4.98,6.95,23.58,22,"Trawlsounder battery flat. TEY 4.1m=> TS ~ 4.4m
",NA,03:20.3
3177,IGFS2012,82,101010101,164,164,146,1,Groundgear_A,Long,30D9,V,07/12/2012 12:51,30,50.716,-10.705,50.718,-10.756,VIIjDeep,116.9,21.9,4.6,1.945079051,3.608680985,0.421854807,Y,21.71171401,527,4.37,11.09,16.89,17,"Nil
",NA,03:20.3
3178,IGFS2012,FG215,101010101,234,231,147,1,Groundgear_A,Long,30D8,V,07/12/2012 17:10,20,50.781,-11.118,50.802,-11.13,VIIjSlope,125.9,22.4,4.3,1.339223478,2.484644672,0.312816764,Y,23.47929981,732,5.37,12.21,9.15,13,Short tow due to < daylight from delay following coastguard helicopter collecting equipment for Grainuaile,NA,03:20.3
3179,IGFS2012,FG158,101010101,354,354,148,1,Groundgear_A,Long,31D8,V,08/12/2012 8:05,30,51.283,-11.475,51.25,-11.463,VIIjSlope,129.1,23,4,2.02970281,3.765682393,0.486149597,Y,24.11342299,1018,2.5,5.23,11,7,"Nil
",NA,03:20.3
3180,IGFS2012,FG209,101010101,185,185,149,1,Groundgear_A,Long,31D8,V,08/12/2012 10:19,30,51.216,-11.137,51.238,-11.099,VIIjDeep,117.7,22.2,4.5,1.946138849,3.610647215,0.424973177,Y,21.86792786,581,2.42,4.43,12.87,6,"Nil
",NA,03:20.3
3181,IGFS2012,FG4,101010101,160,161,150,1,Groundgear_A,Long,31D9,V,08/12/2012 12:59,30,51.46,-10.799,51.487,-10.826,VIIjDeep,114.9,21.2,4.7,1.90892829,3.541610928,0.406931096,Y,21.32191681,513,2.18,7.42,5.63,9,"Nil
",NA,03:20.3
3182,IGFS2012,42,101010101,150,149,151,1,Groundgear_A,Long,32D9,V,08/12/2012 14:48,30,51.633,-10.806,51.66,-10.834,VIIjDeep,114.5,20.9,4.5,1.926911633,3.5749752,0.40933466,Y,21.2440821,486,2.44,8.37,4.73,14,"Nil
",NA,03:20.3
3183,IGFS2012,39,101010101,145,149,152,1,Groundgear_A,Long,33D8,V,09/12/2012 8:05,31,52.045,-11.158,52.061,-11.205,VIIjDeep,111.4,20.7,4.6,1.985098734,3.682929005,0.410278291,Y,20.64224027,485,1.78,5.61,3.62,11,"Nil
",NA,03:20.3
3184,IGFS2012,FG1,101010101,151,152,153,1,Groundgear_A,Long,33D8,V,09/12/2012 9:48,30,52.163,-11.337,52.193,-11.356,VIIjDeep,113.2,21.2,4.7,1.930815075,3.582217208,0.405506988,Y,20.99140193,485,2.18,6.83,5.53,6,"Nil
",NA,03:20.3
3185,IGFS2012,FG171,101010101,179,179,154,1,Groundgear_A,Long,33D8,V,09/12/2012 12:07,30,52.366,-11.625,52.394,-11.651,VIIjDeep,111.4,20.4,4.6,1.931551637,3.583583743,0.399211229,Y,20.64224027,575,1.95,6.39,4.25,7,"Nil
",NA,03:20.3
3186,IGFS2012,FG172,101010101,230,226,155,1,Groundgear_A,Long,34D8,V,09/12/2012 14:25,30,52.519,-11.947,52.552,-11.959,VIIbSlope,122.5,21.8,4.4,2.027368954,3.761352419,0.460765671,Y,22.80886576,718,2.12,5.72,5.19,5,VLAN for MI2681 changed during tow so NMEA lost temporarily. Won't happen again!,NA,03:20.3
3187,IGFS2012,PO39,101010101,247,250,156,1,Groundgear_A,Long,34D7,V,09/12/2012 16:26,30,52.706,-12.056,52.738,-12.075,VIIbSlope,123,21.7,4.1,2.040296654,3.78533702,0.465596453,Y,22.90724974,745,2.45,6.39,4.62,3,"Nil
",NA,03:20.3
3188,IGFS2012,FG175,101010101,199,202,157,1,Groundgear_A,Long,35D8,V,10/12/2012 8:14,30,53.067,-11.95,53.099,-11.951,VIIbSlope,120.4,21.5,4.4,1.919832341,3.561841078,0.428845666,Y,22.39642315,NA,3.89,8.99,14.13,20,"Nil
",NA,03:20.3
3189,IGFS2012,FG104,101010101,214,212,158,1,Groundgear_A,Long,35D8,V,10/12/2012 10:19,30,53.249,-11.925,53.278,-11.9,VIIbSlope,120.6,21.7,4.4,1.958230609,3.633080908,0.438149557,Y,22.43565033,NA,3.5,11.27,8.7,11,"Nil
",NA,03:20.3
3190,IGFS2012,PO174,101010101,313,315,159,1,Groundgear_A,Long,35D7,V,10/12/2012 12:51,31,53.297,-12.255,53.328,-12.231,VIIbSlope,132.3,23.3,4.1,2.049740054,3.802857244,0.503118013,Y,24.75070338,NA,4.25,8.81,14.07,12,"Nil
",NA,03:20.3
3191,IGFS2012,PO161,101010101,312,312,160,1,Groundgear_A,Long,35D7,V,10/12/2012 14:53,30,53.462,-12.128,53.492,-12.107,VIIbSlope,131.5,23.5,4.1,1.950258277,3.618289939,0.475805127,Y,24.59108039,NA,3.41,10.34,9.84,15,"Nil
",NA,03:20.3
3192,IGFS2012,PO22,101010101,274,267,161,1,Groundgear_A,Long,36D8,V,10/12/2012 16:58,20,53.578,-11.862,53.584,-11.827,VIIbSlope,130,23.4,4.2,1.300286186,2.412404797,0.313612624,Y,24.29233357,NA,3.42,7.6,17.33,21,"Nil
",NA,03:20.3
3193,IGFS2012,FG121,101010101,176,174,162,1,Groundgear_A,Long,34D8,V,11/12/2012 8:24,30,52.834,-11.832,52.803,-11.833,VIIbDeep,120.7,21.7,4.6,1.859780221,3.450427125,0.416466554,Y,22.45526808,NA,4.2,13.9,12.88,33,"Nil
",NA,03:20.3
3194,IGFS2012,90,101010101,137,134,163,1,Groundgear_A,Long,34D8,V,11/12/2012 11:03,30,52.734,-11.519,52.76,-11.486,VIIbDeep,114.8,21.2,4.7,1.968443802,3.652029318,0.419252966,Y,21.30245427,NA,3.96,8.81,14.22,21,"Nil
",NA,03:20.3
3195,IGFS2012,FG191,101010101,133,130,164,1,Groundgear_A,Long,34D8,V,11/12/2012 13:31,30,52.926,-11.264,52.897,-11.262,VIIbDeep,112.6,21,4.6,1.741000775,3.230057096,0.363704429,Y,20.87492471,NA,4.07,13.85,9.67,32,"Nil
",NA,03:20.3
3196,IGFS2012,MB14,101010101,123,122,165,1,Groundgear_A,Long,34D9,V,11/12/2012 16:35,29,52.777,-10.879,52.75,-10.915,VIIbDeep,112.7,21,4.7,2.08288377,3.864348368,0.435512061,Y,20.89433129,NA,3.7,10.31,6.82,27,"Nil
",NA,03:20.3
3197,IGFS2012,FG207,101010101,47,47,166,1,Groundgear_A,Short,3.40E+01,V,12/12/2012 8:18,30,52.982,-9.483,52.954,-9.51,VIIbCoast,78.5,19.9,5.2,1.943407648,3.605580053,0.283038034,Y,22.39985033,NA,1.32,2.92,4.23,23,"Nil
",NA,03:20.3
3198,IGFS2012,60,101010101,72,72,167,1,Groundgear_A,Short,3.40E+01,V,12/12/2012 10:01,31,52.923,-9.719,52.956,-9.703,VIIbCoast,79.9,19.7,4.8,2.062597002,3.82671058,0.305754175,Y,22.8216612,NA,1.74,3.35,9.07,23,"Nil
",NA,03:20.3
3199,IGFS2012,58,101010101,86,87,168,1,Groundgear_A,Short,3.50E+01,V,12/12/2012 11:56,30,53.102,-9.892,53.122,-9.936,VIIbCoast,82.6,20.6,4.7,1.990307631,3.692593008,0.305008182,Y,23.63888653,NA,2.22,3.72,7.49,23,"Nil
",NA,03:20.3
3200,IGFS2012,56A,101010101,102,102,169,1,Groundgear_A,Long,35D9,V,12/12/2012 14:00,30,53.105,-10.199,53.072,-10.187,VIIbMedium,112.3,20.9,4.5,2.026359303,3.759479226,0.422189517,Y,20.81671998,NA,2.5,5.02,8.15,21,"Nil
",NA,03:20.3
3201,IGFS2012,53,101010101,110,109,170,1,Groundgear_A,Long,34D9,V,12/12/2012 16:11,29,52.92,-10.395,52.9,-10.436,VIIbMedium,108.5,20.3,4.7,1.910386598,3.544316509,0.384558341,Y,20.08137641,NA,2.54,8.16,3.88,20,"Nil
",NA,03:20.3
3202,IGFS2012,52,101010101,120,117,171,1,Groundgear_A,Long,35D9,V,13/12/2012 8:16,30,53.177,-10.698,53.154,-10.737,VIIbMedium,109.2,20.3,4.8,1.969764121,3.65447889,0.399069095,Y,20.21657138,NA,5.02,11.38,9.54,26,"Nil
",NA,03:20.3
3203,IGFS2012,MB13,101010101,129,129,172,1,Groundgear_A,Long,35D9,V,13/12/2012 10:26,30,53.261,-10.985,53.291,-10.968,VIIbDeep,116.5,21,4.6,1.900558643,3.526082825,0.410788649,Y,21.63367072,NA,3.8,8.03,114.46,26,"Trawlsounder needed charging
",NA,03:20.3
3204,IGFS2012,MB28,101010101,129,129,173,1,Groundgear_A,Long,35D9,V,13/12/2012 11:59,30,53.397,-10.883,53.427,-10.859,VIIbDeep,114.3,20.7,4.4,1.994639442,3.700629762,0.422981982,Y,21.20518016,NA,4.08,8.45,12.5,25,"Nil
",NA,03:20.3
3205,IGFS2012,95,101010101,148,151,174,1,Groundgear_A,Long,36D9,V,13/12/2012 14:33,25,53.715,-10.877,53.741,-10.865,VIIbDeep,112.7,20.8,4.7,1.61712391,3.000229889,0.338125909,Y,20.89433129,NA,3.14,8.31,13.25,26,"Nil
",NA,03:20.3
3206,IGFS2012,FG152,101010101,325,330,175,1,Groundgear_A,Long,37D8,V,14/12/2012 8:25,30,54.267,-11.195,54.297,-11.169,VIIbSlope,133.2,23.2,4.2,2.018097397,3.744151014,0.498720915,Y,24.93052471,NA,4.44,11.55,14.77,21,"Nil
",NA,03:20.3
3207,IGFS2012,FG91,101010101,290,285,176,1,Groundgear_A,Long,37D8,I,14/12/2012 10:09,9,54.252,-11.001,54.264,-10.998,VIIbSlope,129.0908685,23.36,NA,0.72762312,1.349950131,0.174266235,N,999,NA,NA,NA,NA,NA,"Headline spiked sharply, came back and spikes again. Hauled back after 10min total, not damage",NA,03:20.3
3208,IGFS2012,FG216,101010101,223,224,177,1,Groundgear_A,Long,37D8,V,14/12/2012 12:42,30,54.064,-11.081,54.079,-11.034,VIIbSlope,120.5,21.4,4.4,1.886816224,3.500586686,0.421820696,Y,22.41603536,NA,3.85,8.56,11.15,14,"Nil
",NA,03:20.3
3209,IGFS2012,21,101010101,169,174,178,1,Groundgear_A,Long,37D9,V,14/12/2012 14:44,30,54.132,-10.704,54.163,-10.687,VIIbDeep,121.2,22,4.6,1.953843536,3.624941626,0.439342925,Y,22.55339855,NA,4.49,6.41,14.91,16,"Nil
",NA,03:20.3
3210,IGFS2012,22,101010101,123,115,179,1,Groundgear_A,Long,37D9,V,14/12/2012 16:42,30,54.289,-10.369,54.301,-10.32,VIIbMedium,100.6,18.2,4.8,1.864281562,3.458778407,0.347953108,Y,18.56343696,NA,4.32,8.65,8.13,15,"Nil
",NA,03:20.3
3211,IGFS2012,FG218,101010101,96,96,180,1,Groundgear_A,Long,3.70E+01,V,15/12/2012 8:20,30,54.488,-9.899,54.486,-9.845,VIIbMedium,110.2,20.1,4.8,1.890114734,3.506706371,0.386439042,Y,20.40991127,NA,3.92,6.52,8.18,15,"Nil
",NA,03:20.3
3212,IGFS2012,SC552,101010101,83,82,181,1,Groundgear_A,Long,3.70E+01,V,15/12/2012 10:10,30,54.483,-9.512,54.483,-9.457,VIIbMedium,99.3,18.5,4.8,1.921420848,3.564788216,0.35398347,Y,18.31496995,NA,4.17,6.8,9.06,16,"Nil
",NA,03:20.3
3213,IGFS2012,MM1,101010101,36,32,182,1,Groundgear_A,Short,3.70E+01,V,15/12/2012 12:20,20,54.322,-9.271,54.327,-9.307,VIIbCoast,75.6,18.8,5,1.297665661,2.40754297,0.182010249,Y,21.53012006,NA,1.91,5.69,4.64,21,"Nil
",NA,03:20.3
3214,IGFS2012,20,101010101,41,46,183,1,Groundgear_A,Short,3.70E+01,V,15/12/2012 14:00,29,54.341,-9.627,54.347,-9.683,VIIbCoast,75,18.6,5,1.995719061,3.702632767,0.277697457,Y,21.35083196,NA,3.08,5.79,6.96,23,"Nil
",NA,03:20.3
3215,IGFS2012,25,101010101,41,65,184,1,Groundgear_A,Short,3.70E+01,V,15/12/2012 16:04,30,54.305,-9.919,54.336,-9.923,VIIbCoast,74.4,18.7,5,1.86517865,3.460442764,0.257456942,Y,21.17176289,NA,3.97,4.62,12.84,21,"Nil
",NA,03:20.3
3216,IGFS2012,MB52,101010101,40,34,185,1,Groundgear_A,Short,3.50E+01,V,16/12/2012 8:11,30,53.108,-9.373,53.132,-9.339,VIIbCoast,75.5,18.7,5,1.891538688,3.509348214,0.26495579,Y,21.50022339,NA,1.94,3.84,5.36,20,"Nil
",NA,03:20.3
3217,IGFS2012,59,101010101,66,71,186,1,Groundgear_A,Short,3.50E+01,V,16/12/2012 10:30,31,53.032,-9.668,53.051,-9.712,VIIbCoast,79.7,19.6,4.9,1.956839086,3.630499232,0.289350789,Y,22.76132307,NA,6.67,12.56,16.87,23,"Nil
",NA,03:20.3
3218,IGFS2012,62,101010101,33,29,187,1,Groundgear_A,Short,3.50E+01,V,16/12/2012 12:59,30,53.195,-9.45,53.192,-9.393,VIIbCoast,80,19.7,4.9,2.061293731,3.824292636,0.305943411,Y,22.85184029,NA,1.3,3.34,7.04,10,"Nil
",NA,03:20.3
3219,IGFS2013,FG113,101020101,210,214,1,1,Groundgear_D,Long,38D9,V,26/09/2013 8:30,32,54.722,-10.451,54.752,-10.424,VIaSlope,120,22.2,4.1,2.029477727,3.7652648,0.451831776,Y,22.31800195,700,1.28,5.6,3.28,8,"Nil
",Mostly blue whiting,03:20.3
3220,IGFS2013,FG108,101020101,231,227,2,1,Groundgear_D,Long,39D9,V,26/09/2013 11:40,30,55.083,-10.068,55.112,-10.039,VIaDeep,123,22.9,3.8,2.005934687,3.721585691,0.45775504,Y,22.90724974,760,1.58,4.24,3.67,9,"Nil
",NA,03:20.3
3221,IGFS2013,28,101020101,112,107,3,1,Groundgear_D,Long,3.90E+01,V,26/09/2013 14:20,30,55.109,-9.559,55.118,-9.506,VIaMedium,107,20.1,4.2,1.901266182,3.527395514,0.37743132,Y,19.79206392,427,1.07,2.5,4.38,8,"Nil
",NA,03:20.3
3222,IGFS2013,R217,101020101,102,106,4,1,Groundgear_D,Long,3.90E+01,V,26/09/2013 16:36,30,55.334,-9.339,55.357,-9.297,VIaMedium,106.6,20.5,4.3,1.991876405,3.695503535,0.393940677,Y,19.71500297,380,1.2,2.21,2.82,6,"Nil
",NA,03:20.3
3223,IGFS2013,FG110,101020101,250,241,5,1,Groundgear_D,Long,3.90E+01,V,27/09/2013 5:20,30,55.486,-9.547,55.503,-9.498,VIaSlope,120,22.2,4,1.956334967,3.629563946,0.435547673,Y,22.31800195,773,1.09,2.37,2.74,9,"Nil
",NA,03:20.3
3224,IGFS2013,R213,101020101,103,103,6,1,Groundgear_D,Long,4.00E+01,V,27/09/2013 7:29,30,55.581,-9.165,55.613,-9.165,VIaMedium,108.2,20.7,4.1,1.920297217,3.562703556,0.385484525,Y,20.02347144,400,1.01,2.64,2.84,9,"Nil
",NA,03:20.3
3225,IGFS2013,SC544,101020101,124,130,7,1,Groundgear_D,Long,4.00E+02,V,27/09/2013 9:30,29,55.791,-8.99,55.825,-8.992,VIaDeep,110.5,21.3,4,2.041505639,3.787580036,0.418527594,Y,20.4679605,438,0.84,2.47,2.91,10,"Nil
",NA,03:20.3
3226,IGFS2013,FG112,101020101,244,231,8,1,Groundgear_D,Long,4.00E+01,V,27/09/2013 11:49,30,55.993,-9.223,56.025,-9.208,VIaSlope,121,22.8,4,1.985544221,3.683755512,0.445734417,Y,22.51413801,775,0.77,3,2.9,12,"Adjusted warp from 730->775 as TEY jumping. Had little effect, very peaky ground, other sensors ok.",Peaky ground,03:20.3
3227,IGFS2013,MB23,101020101,126,127,9,1,Groundgear_D,Long,4.10E+02,V,27/09/2013 13:57,30,56.009,-8.87,55.995,-8.813,VIaDeep,114,21.4,4,2.092847742,3.882834401,0.442643122,Y,21.14684645,462,0.89,1.43,3.5,9,"Nil
",NA,03:20.3
3228,IGFS2013,FG118,101020101,121,118,10,1,Groundgear_D,Long,4.10E+02,V,27/09/2013 15:54,30,56.143,-8.817,56.156,-8.764,VIaDeep,112.3,21.3,4,1.939343957,3.598040736,0.404059975,Y,20.81671998,433,0.64,1.88,2.58,7,"Nil
",NA,03:20.3
3229,IGFS2013,MB3,101020101,150,146,11,1,Groundgear_D,Long,4.10E+02,V,28/09/2013 5:13,30,56,-8.211,56.022,-8.171,VIaDeep,109.5,21.5,4.2,1.884589854,3.496456131,0.382861946,Y,20.27454801,513,1.03,2.35,2.7,5,"Nil
",NA,03:20.3
3230,IGFS2013,MB48,101020101,166,161,12,1,Groundgear_D,Long,4.10E+02,V,28/09/2013 7:50,28,56.294,-8.112,56.285,-8.058,VIaDeep,114.4,21.5,4,1.881600939,3.490910833,0.399360199,Y,21.22462985,581,1.11,1.83,4.1,6,"Nil
",NA,03:20.3
3231,IGFS2013,FG144,101020101,149,145,13,1,Groundgear_D,Long,4.10E+03,V,28/09/2013 10:06,30,56.341,-7.632,56.334,-7.574,VIaDeep,108,20.5,4.1,1.978606347,3.670883761,0.396455446,Y,19.98487997,499,0.66,1.75,3.74,10,"Nil
",NA,03:20.3
3232,IGFS2013,GD5,101020101,103,108,14,1,Groundgear_D,Long,4.10E+03,V,28/09/2013 12:03,29,56.228,-7.607,56.194,-7.607,VIaMedium,102.3,19.7,4.1,2.040520589,3.785752484,0.387282479,Y,18.88890313,378,0.84,1.46,2.57,12,"Nil
",NA,03:20.3
3233,IGFS2013,FG93,101020101,144,150,15,1,Groundgear_D,Long,4.10E+03,V,28/09/2013 14:00,31,56.065,-7.634,56.045,-7.682,VIaDeep,107.1,20.4,4.2,2.009723425,3.728614888,0.399334654,Y,19.81133498,474,0.7,2.03,2.01,9,"Nil
",NA,03:20.3
3234,IGFS2013,MB6,101020101,127,124,16,1,Groundgear_D,Long,4.00E+03,V,28/09/2013 15:59,30,55.879,-7.671,55.864,-7.618,VIaDeep,104.8,19.9,4.1,2.002069483,3.714414625,0.389270653,Y,19.36868534,450,0.51,1.39,1.97,16,"Nil
",NA,03:20.3
3235,IGFS2013,93,101020101,88,85,17,1,Groundgear_D,Long,4.10E+03,V,29/09/2013 5:13,30,56.211,-7.31,56.217,-7.251,VIaMedium,101.2,19.4,4.2,2.005762821,3.721266829,0.376592203,Y,18.67823589,360,0.5,1.34,3.03,20,"Nil
",NA,03:20.3
3236,IGFS2013,FG192,101020101,85,81,18,1,Groundgear_D,Short,4.10E+03,V,29/09/2013 7:59,32,56.304,-7.066,56.326,-7.024,VIaCoast,75,19,4.5,1.925090781,3.571596997,0.267869775,Y,21.35083196,349,0.46,1.51,4.81,21,"Nil
",NA,03:20.3
3237,IGFS2013,FG117,101020101,58,62,19,1,Groundgear_D,Short,4.10E+04,V,29/09/2013 11:47,30,56.186,-6.727,56.186,-6.785,VIaCoast,73.7,18.5,4.3,1.941144591,3.601381431,0.265421811,Y,20.96312243,273,0.25,1.27,2.62,16,"Nil
",NA,03:20.3
3238,IGFS2013,FG116,101020101,74,86,20,1,Groundgear_D,Short,4.10E+04,V,29/09/2013 13:56,30,56.052,-6.968,56.052,-7.028,VIaCoast,77.4,19.3,4.2,2.015072108,3.738538234,0.289362859,Y,22.06932443,311,0.54,1.99,1.49,18,"Nil
",NA,03:20.3
3239,IGFS2013,FG45,101020101,160,167,21,1,Groundgear_D,Long,3.90E+04,V,30/09/2013 5:17,30,55.37,-6.308,55.339,-6.326,VIaMedium,111.4,20.8,3.5,1.959360592,3.635177351,0.404958757,Y,20.64224027,570,0.94,2.81,2.89,23,"Nil
","Shortened warp as headline v. low, but wings became unstable. Tide also v. strong. Big bag of scallops.",03:20.3
3240,IGFS2013,FG98,101020101,133,138,22,1,Groundgear_D,Short,3.90E+04,V,30/09/2013 6:55,30,55.297,-6.482,55.279,-6.529,VIaCoast,85,21.2,4.2,1.938357849,3.596211222,0.305677954,Y,24.36961121,480,0.23,1.44,2,17,"Nil
",NA,03:20.3
3241,IGFS2013,COD1,101020101,70,50,23,1,Groundgear_D,Short,3.90E+04,V,30/09/2013 8:52,30,55.368,-6.849,55.369,-6.91,VIaCoast,77,19.4,4.1,2.085599081,3.869386051,0.297942726,Y,21.94932527,311,0.34,3.02,2.43,23,"Nil
",NA,03:20.3
3242,IGFS2013,33,101020101,69,73,24,1,Groundgear_D,Short,4.00E+03,I,30/09/2013 10:42,27,55.513,-7.041,55.533,-7.08,VIaCoast,78.7,19.7,4.5,1.789723064,3.320450954,0.26131949,Y,22.46003009,311,0.71,2.75,3.93,15,"Nil
","Hauled 3min early, hit big mark of fish. Had to slip catch - 12-15ton herring. Tagged 6 tope.",03:20.3
3243,IGFS2013,mar-05,101020101,101,121,25,1,Groundgear_D,Short,4.00E+04,V,30/09/2013 13:41,32,55.556,-6.769,55.574,-6.722,VIaMedium,84.3,20.8,3.7,1.929072968,3.578985099,0.301708444,Y,15.47228099,415,0.76,2.18,3.45,21,"Nil
",NA,03:20.3
3244,IGFS2013,SC573,101020101,54,50,26,1,Groundgear_D,Short,4.00E+04,V,30/09/2013 16:38,30,55.893,-6.681,55.926,-6.672,VIaCoast,77.4,19.1,4,2.003509742,3.71708672,0.287702512,Y,22.06932443,260,0.35,1.04,5.05,17,"Nil
",NA,03:20.3
3245,IGFS2013,SC575,101020101,108,104,27,1,Groundgear_D,Long,4.00E+03,V,01/10/2013 5:15,30,55.98,-7.271,55.98,-7.213,VIaMedium,104.9,19.8,4,1.951529993,3.620649337,0.379806115,Y,19.38790578,412,2.16,8.49,4.46,24,"Nil
",NA,03:20.3
3246,IGFS2013,GD4,101020101,49,44,28,1,Groundgear_D,Short,4.00E+03,V,01/10/2013 7:38,30,55.803,-7.114,55.777,-7.145,VIaCoast,76.3,19.3,4.2,1.879670434,3.487329191,0.266083217,Y,21.73956979,259,2.28,6.72,3.99,32,"Nil
",NA,03:20.3
3247,IGFS2013,32,101020101,52,51,29,1,Groundgear_D,Short,4.00E+03,V,01/10/2013 9:59,31,55.629,-7.33,55.598,-7.308,VIaCoast,78.9,19.7,4,2.004751271,3.719390113,0.29345988,Y,22.520236,273,2.39,7.99,3.32,34,"Nil
",NA,03:20.3
3248,IGFS2013,FG114,101020101,64,64,30,1,Groundgear_D,Short,4.00E+03,V,01/10/2013 12:17,30,55.617,-7.512,55.616,-7.569,VIaCoast,79.9,19.7,4.2,1.936761302,3.593249168,0.287100609,Y,22.8216612,298,1.3,7.68,4.17,34,"Nil
",NA,03:20.3
3249,IGFS2013,MB7,101020101,62,59,31,1,Groundgear_D,Short,4.00E+03,V,01/10/2013 14:09,30,55.539,-7.745,55.509,-7.769,VIaCoast,80.2,20.1,4.1,1.976972966,3.66785337,0.29416184,Y,22.91221859,286,1.65,6.85,6.69,26,"Nil
",NA,03:20.3
3250,IGFS2013,FG115,101020101,16,13,32,1,Groundgear_D,Short,3.90E+03,V,01/10/2013 16:46,30,55.257,-7.582,55.224,-7.587,VIaCoast,63.3,16.5,4.5,1.987597149,3.687564283,0.233422819,Y,17.89548041,151,0.26,0.71,1.98,29,"Nil
",NA,03:20.3
3251,IGFS2013,GD2A,101020101,78,81,33,1,Groundgear_D,Long,4.00E+02,V,02/10/2013 5:17,30,55.563,-8.265,55.591,-8.295,VIaMedium,101.3,17.5,4.1,1.965557396,3.646674204,0.369408097,Y,18.69737659,318,2.48,6.57,6.92,20,"Nil
",NA,03:20.3
3252,IGFS2013,MMMA3,101020101,138,127,34,1,Groundgear_D,Long,4.00E+02,V,02/10/2013 7:41,30,55.824,-8.323,55.817,-8.38,VIaDeep,108.8,20.4,4.2,1.971053177,3.656870458,0.397867506,Y,20.13930278,490,1.43,7.48,4.27,22,"Nil
",NA,03:20.3
3253,IGFS2013,6A,101020101,89,87,35,1,Groundgear_D,Long,4.00E+02,V,02/10/2013 10:36,30,55.671,-8.673,55.664,-8.618,VIaMedium,105.8,20.2,4.3,1.912193118,3.547668122,0.375343287,Y,19.56099226,NA,1.83,6.07,4.44,15,"Nil
",NA,03:20.3
3254,IGFS2013,12,101020101,98,96,36,1,Groundgear_D,Long,3.90E+02,V,02/10/2013 12:53,30,55.452,-8.603,55.422,-8.577,VIaMedium,103.1,19.5,4.2,2.006906418,3.72338853,0.383881357,Y,19.04228212,378,1.61,2.64,4.04,19,"Nil
",NA,03:20.3
3255,IGFS2013,11,101020101,90,87,37,1,Groundgear_D,Long,3.90E+02,V,02/10/2013 16:31,29,55.309,-8.675,55.315,-8.731,VIaMedium,105.5,19.9,4.2,1.950105633,3.61800674,0.381699711,Y,19.50327621,366,1.8,3.39,3.16,6,"Nil
",NA,03:20.3
3256,IGFS2013,GD8,101020101,113,109,38,1,Groundgear_D,Long,3.90E+01,V,03/10/2013 5:15,30,55.216,-9.619,55.237,-9.576,VIaMedium,109.6,21.6,4,1.939847116,3.59897424,0.394447577,Y,20.29387837,415,1.61,4.4,4.48,15,"Nil
",NA,03:20.3
3257,IGFS2013,GD9,101020101,94,94,39,1,Groundgear_D,Long,3.90E+01,V,03/10/2013 7:58,30,55.332,-9.127,55.299,-9.127,VIaMedium,105.3,20.2,4.1,1.980214831,3.673867961,0.386858296,Y,19.46481028,378,1.63,3.06,3.32,20,"Nil
",NA,03:20.3
3258,IGFS2013,MM7,101020101,82,78,40,1,Groundgear_D,Long,3.90E+02,I,03/10/2013 11:07,30,55.115,-8.754,55.091,-8.796,VIaCoast,105.7,20.2,4,2.040070553,3.784917538,0.400065784,Y,30.87099436,336,1.05,3.16,1.83,20,"Ripped out belly in 3 sections. Possibly rest of tow ok, obvious catch at northern end. Wrong sweep length used.
",NA,03:20.3
3259,IGFS2013,MM8,101020101,57,64,41,1,Groundgear_D,Short,3.80E+02,V,03/10/2013 17:35,21,54.863,-8.667,54.869,-8.705,VIaCoast,71.6,20.05,4.8,1.363479659,2.529646862,0.181122715,Y,20.33892934,259,0.63,2.33,1.28,7,"Nil
",Changed nets after damage previous Stn. Getting dark so 20min tow.,03:20.3
3260,IGFS2013,14,101020101,30,41,42,1,Groundgear_D,Short,3.80E+02,V,04/10/2013 5:23,30,54.581,-8.355,54.566,-8.404,VIaCoast,66.1,17.6,5,1.93063237,3.581878238,0.236762152,Y,18.71577601,NA,0.13,0.92,1.1,8,"Nil
",NA,03:20.3
3261,IGFS2013,15,101020101,52,58,43,1,Groundgear_D,Short,3.80E+02,V,04/10/2013 6:54,29,54.519,-8.533,54.518,-8.586,VIaCoast,66.5,17.7,5.1,1.850919672,3.433988261,0.228360219,Y,18.83328219,230,0.24,0.94,1.51,8,Symetry and doors looked unstable so shortened warp to match 50m depth on new Warp:Depth graph.,"Warp shortened due to instability, but looks a tad short now.",03:20.3
3262,IGFS2013,GD10,101020101,77,80,44,1,Groundgear_D,Short,3.80E+02,V,04/10/2013 10:40,30,54.54,-8.897,54.562,-8.942,VIaCoast,77.2,19.5,4.4,2.050743498,3.804718919,0.293724301,Y,22.00931215,311,0.31,1.45,1.81,14,"Nil
",NA,03:20.3
3263,IGFS2013,18,101020101,91,91,45,1,Groundgear_D,Long,3.80E+01,V,04/10/2013 12:54,30,54.596,-9.254,54.611,-9.293,VIaMedium,105,20,4,1.629533863,3.023253919,0.317441662,Y,19.40712849,349,0.74,1.81,2.51,19,Had to deviate to avoid pots. Having Scanmar NMEA Logger problems. Predicted readings used to allow QA on all stations.,Had to divert to avoid static gear,03:20.3
3264,IGFS2013,26,101020101,94,97,46,1,Groundgear_D,Long,3.80E+01,V,04/10/2013 15:35,30,54.771,-9.639,54.799,-9.607,VIaMedium,97.6,18.9,4.1,2.013423345,3.735479305,0.36458278,Y,17.99058798,373,1.5,3.99,6.1,20,"Nil
",NA,03:20.3
3265,IGFS2013,27,101020101,90,89,47,1,Groundgear_D,Long,3.80E+01,V,05/10/2013 5:22,23,54.997,-9.419,54.974,-9.402,VIaMedium,102.5,19.8,4.3,1.49956429,2.782122988,0.285167606,Y,18.92723466,355,0.94,2.78,3.37,14,"Nil
","Alot of marks showing on TEY, cut tow short to 24min.",03:20.3
3266,IGFS2013,FG101,101020101,107,105,48,1,Groundgear_D,Long,38D9,V,05/10/2013 9:54,22,54.788,-10.069,54.759,-10.093,VIaMedium,103,20,4.2,1.928923344,3.578707503,0.368606873,Y,19.02310202,402,1.02,2.83,3.17,16,"Nil
",NA,03:20.3
3267,IGFS2013,FG150,101020101,116,113,49,1,Groundgear_D,Long,38D9,V,05/10/2013 12:19,29,54.562,-10.288,54.534,-10.315,VIaMedium,105.8,19.8,4.3,1.925923545,3.573142013,0.378038425,Y,19.56099226,420,1.42,4.62,3.3,26,"Nil
",NA,03:20.3
3268,IGFS2013,62,101010101,37,40,50,1,Groundgear_A,Short,3.50E+01,V,29/10/2013 7:22,30,53.19,-9.38,53.193,-9.435,VIIbCoast,72.9,18.4,4.3,1.989620649,3.691318457,0.269097116,Y,20.72503189,180,1.2,4.66,2.31,14,"Nil
","Sensors didnt come in until the last 10 min,",03:20.3
3269,IGFS2013,FG207,101010101,53,53,51,1,Groundgear_A,Short,3.40E+01,V,29/10/2013 9:36,30,52.985,-9.478,52.956,-9.507,VIIbCoast,79.2,19.4,3.8,2.031913547,3.769783947,0.298566889,Y,22.6105941,233,5.98,10.82,16.33,16,"Nil
",NA,03:20.3
3270,IGFS2013,66,101010101,56,57,52,1,Groundgear_A,Short,3.40E+01,V,29/10/2013 11:42,30,52.791,-9.616,52.759,-9.63,VIIbCoast,80.1,19.8,4,1.985799651,3.684229407,0.295106776,Y,22.88202609,246,5.52,9.3,24.29,19,"Nil
",NA,03:20.3
3271,IGFS2013,MB17,101010101,82,91,53,1,Groundgear_A,Long,34D9,V,29/10/2013 14:53,30,52.586,-10.067,52.576,-10.121,VIIbMedium,106.1,20,3.9,2.062115983,3.82581815,0.405919306,Y,19.61872897,324,5.29,11.11,12.92,13,"Nil
",NA,03:20.3
3272,IGFS2013,70,101010101,94,100,54,1,Groundgear_A,Long,34D9,V,29/10/2013 16:45,30,52.554,-10.314,52.524,-10.338,VIIbMedium,109.9,20.6,4,2.002014974,3.714313495,0.408203053,Y,20.35188392,366,3.54,8.08,13.23,13,"Nil
",NA,03:20.3
3273,IGFS2013,FG205,101010101,45,47,55,1,Groundgear_A,Short,3.20E+01,V,30/10/2013 7:16,30,51.627,-9.699,51.611,-9.745,VIIjCoast,75.8,19,4,1.967104626,3.649544761,0.276635493,Y,21.58993189,206,1.11,3.33,2.33,23,"Nil
",NA,03:20.3
3274,IGFS2013,FG33,101010101,66,70,56,1,Groundgear_A,Short,32D9,V,30/10/2013 9:49,30,51.515,-10.031,51.495,-10.07,VIIjCoast,84.6,20.9,4,1.889113526,3.504848842,0.296510212,Y,24.24753409,286,4.19,15.06,8.51,34,"Nil
",NA,03:20.3
3275,IGFS2013,FG190,101010101,122,123,57,1,Groundgear_A,Long,31D9,V,30/10/2013 12:10,30,51.374,-10.254,51.351,-10.294,VIIjMedium,116.5,21.2,3.7,2.038920106,3.782783128,0.440694234,Y,21.63367072,402,3.76,15.97,10.4,18,"Nil
",NA,03:20.3
3276,IGFS2013,FG129,101010101,161,159,58,1,Groundgear_A,Long,31D9,V,30/10/2013 14:59,30,51.141,-10.539,51.107,-10.52,VIIjDeep,125.1,22.4,3.5,2.161174931,4.009600986,0.501601083,Y,23.32124781,499,4.28,9.47,17.11,13,"Nil
",Gear took a while to settle,03:20.3
3277,IGFS2013,FG66,101010101,131,128,59,1,Groundgear_A,Long,31D9,V,30/10/2013 17:08,30,51.055,-10.235,51.022,-10.232,VIIjDeep,116.8,21.3,3.8,1.982033857,3.677242776,0.429501956,Y,21.69219922,438,3.65,8.56,13.87,13,"Nil
",NA,03:20.3
3278,IGFS2013,FG35,101010101,103,103,60,1,Groundgear_A,Long,3.00E+03,V,31/10/2013 7:11,30,50.884,-7.785,50.909,-7.749,VIIgMedium,112.4,20.6,3.6,2.027498543,3.761592844,0.422803036,Y,20.83611905,378,2.83,7.54,13.36,18,"Nil
",NA,03:20.3
3279,IGFS2013,FG53,101010101,106,108,61,1,Groundgear_A,Long,3.00E+03,V,31/10/2013 9:31,30,50.727,-7.838,50.706,-7.879,VIIgMedium,115.5,21.2,3.7,2.005334246,3.720471699,0.429714481,Y,21.43874638,378,3.88,8.49,9.07,16,"Nil
",NA,03:20.3
3280,IGFS2013,FG133,101010101,117,121,62,1,Groundgear_A,Long,3.00E+02,V,31/10/2013 11:39,30,50.537,-8.017,50.52,-8.061,VIIgMedium,119.3,21.7,3.5,1.966418582,3.648271952,0.435238844,Y,22.18087067,415,5.46,11.14,11.69,13,"Nil
",NA,03:20.3
3281,IGFS2013,MB30,101010101,113,110,63,1,Groundgear_A,Long,3.00E+03,V,31/10/2013 14:27,30,50.649,-7.617,50.615,-7.604,VIIgMedium,118,21.8,3.6,2.09802073,3.892431781,0.45930695,Y,21.92655208,390,6.66,5.64,23.18,17,"Nil
",NA,03:20.3
3282,IGFS2013,CC307,101010101,109,106,64,1,Groundgear_A,Long,3.00E+03,V,31/10/2013 16:25,30,50.649,-7.34,50.646,-7.288,VIIgMedium,117.2,21.7,3.6,1.990515204,3.692978116,0.432817035,Y,21.77027426,390,4.55,7.97,7.04,16,"Nil
",NA,03:20.3
3283,IGFS2013,FG14,101010101,121,123,65,1,Groundgear_A,Long,3.00E+02,V,01/11/2013 7:10,30,50.644,-8.198,50.625,-8.241,VIIgMedium,120.9,22.4,3.9,1.996624693,3.704312973,0.447851438,Y,22.49451192,415,8.32,12.73,20.39,13,"Nil
",NA,03:20.3
3284,IGFS2013,FG14,101010101,110,115,66,1,Groundgear_A,Long,3.00E+02,V,01/11/2013 9:18,30,50.728,-8.463,50.704,-8.499,VIIgMedium,118.3,21.7,3.9,1.987174743,3.686780599,0.436146145,Y,21.98520046,402,6.62,9.56,20.77,7,"Nil
",NA,03:20.3
3285,IGFS2013,FG12,101010101,120,119,67,1,Groundgear_A,Long,3.00E+02,V,01/11/2013 11:02,30,50.583,-8.599,50.551,-8.618,VIIgMedium,118.4,21.6,3.5,2.051274667,3.805704391,0.4505954,Y,22.0047553,415,9.39,6.08,27.54,3,"Nil
",NA,03:20.3
3286,IGFS2013,CC306,101010101,121,124,68,1,Groundgear_A,Long,3.00E+02,V,01/11/2013 13:11,30,50.604,-8.88,50.629,-8.915,VIIgMedium,116.5,21,3.7,2.007382274,3.724271379,0.433877616,Y,21.63367072,427,7.32,11.06,10.8,11,"Nil
",NA,03:20.3
3287,IGFS2013,FG132,101010101,120,121,69,1,Groundgear_A,Long,3.00E+01,V,01/11/2013 15:07,30,50.521,-9.085,50.519,-9.139,VIIjDeep,118.7,21.4,3.6,2.067662515,3.836108562,0.455346086,Y,22.06343602,415,6.17,11.18,10.36,17,"Nil
",NA,03:20.3
3288,IGFS2013,CC431,101010101,132,125,70,1,Groundgear_A,Long,2.90E+01,V,01/11/2013 17:06,30,50.451,-9.357,50.484,-9.357,VIIjDeep,117.7,21.4,3.7,1.978591455,3.670856132,0.432059767,Y,21.86792786,438,6.99,7.8,22.69,13,"Nil
",Lost trawl sounder and symmetry half way during tow. Probably battery.,03:20.3
3289,IGFS2013,FG58,101010101,81,88,71,1,Groundgear_A,Long,3.10E+01,V,03/11/2013 8:21,30,51.356,-9.783,51.332,-9.822,VIIjMedium,111.3,21.7,3.6,2.053432305,3.809707431,0.424020437,Y,20.62286602,311,6.28,12.46,13.73,18,"Nil
",NA,03:20.3
3290,IGFS2013,COD5A,101010101,119,121,72,1,Groundgear_A,Long,3.10E+01,V,03/11/2013 10:20,30,51.168,-9.933,51.145,-9.972,VIIjMedium,120.4,22.2,3.6,2.016177404,3.740588876,0.450366901,Y,22.39642315,415,5.82,9.01,20.69,15,"Nil
",NA,03:20.3
3291,IGFS2013,MB20A,101010101,118,121,73,1,Groundgear_A,Long,3.10E+01,V,03/11/2013 12:42,30,51.107,-9.64,51.116,-9.586,VIIjMedium,115,21.3,3.9,2.108507895,3.911888488,0.449867176,Y,21.34138194,415,4.14,10.2,12.86,19,"Nil
",NA,03:20.3
3292,IGFS2013,CC322,101010101,123,122,74,1,Groundgear_A,Long,3.00E+01,V,03/11/2013 15:07,30,50.934,-9.619,50.908,-9.649,VIIjMedium,116.4,23.4,3.6,1.929595831,3.57995516,0.416706781,Y,21.61416649,415,3.96,8.37,11.84,18,"Nil
",NA,03:20.3
3293,IGFS2013,VMS2,101010101,121,122,75,1,Groundgear_A,Long,3.00E+01,V,03/11/2013 16:53,30,50.843,-9.409,50.826,-9.361,VIIjMedium,118.3,21.8,3.7,2.088288913,3.874376462,0.458338735,Y,21.98520046,415,3.98,8.97,12.86,29,"Nil
",NA,03:20.3
3294,IGFS2013,FG11,101010101,117,110,76,1,Groundgear_A,Long,3.00E+02,V,04/11/2013 7:14,30,50.84,-8.898,50.873,-8.893,VIIgMedium,120.4,21.9,3.5,1.987802983,3.687946166,0.444028718,Y,22.39642315,415,6.79,6.61,24.91,5,"Nil
",Mended small hole before shooting,03:20.3
3295,IGFS2013,VMS1,101010101,111,110,77,1,Groundgear_A,Long,3.00E+02,V,04/11/2013 9:44,30,50.884,-8.493,50.905,-8.45,VIIgMedium,124.2,22,3.3,2.06024814,3.822352765,0.474736213,Y,23.14366363,390,5.44,11.11,16.45,2,"Nil
",NA,03:20.3
3296,IGFS2013,FG140,101010101,96,95,78,1,Groundgear_A,Long,3.10E+02,V,04/11/2013 12:07,30,51.021,-8.12,51.035,-8.072,VIIgMedium,112.7,21.5,3.7,1.999794752,3.710194345,0.418138903,Y,20.89433129,350,4.57,9.37,10.43,5,"Nil
","No headline, used TS reading minus 0.1m",03:20.3
3297,IGFS2013,FG36A,101010101,121,115,79,1,Groundgear_A,Long,3.10E+03,V,04/11/2013 14:38,29,51.025,-7.632,51.05,-7.596,VIIgMedium,118.2,22,3.7,2.024749374,3.756492345,0.444017395,Y,21.96564831,415,5.72,10.56,14.48,9,Some hard ground in middle and end of tow. Doors came in at end of tow/ No damage but maybe just stick to FG36.,NA,03:20.3
3298,IGFS2013,FG23,101010101,104,104,80,1,Groundgear_A,Long,3.10E+03,V,04/11/2013 16:30,30,51.158,-7.446,51.182,-7.408,VIIgMedium,111.7,21.3,4.1,2.030588528,3.767325655,0.420810276,Y,20.70037784,378,4.88,9.02,16.72,8,"Nil
",took adjuster chain at back of lower bridle from 2m to 1.7m to try to increase headline height.,03:20.3
3299,IGFS2013,69,101010101,68,66,81,1,Groundgear_A,Short,3.20E+04,V,05/11/2013 7:12,30,51.85,-6.505,51.819,-6.489,VIIgCoast,81.7,20.4,3.8,1.951842043,3.621228279,0.29585435,Y,23.36592058,286,4.6,11.1,7.77,22,"Nil
",Shot against tide and wind which pushed us off the tow track a bit.,03:20.3
3300,IGFS2013,110,101010101,76,77,82,1,Groundgear_A,Short,3.20E+04,V,05/11/2013 9:51,30,51.598,-6.513,51.567,-6.489,VIIgCoast,84.7,20.6,3.6,2.063977748,3.82927226,0.32433936,Y,24.27804236,298,3.8,8.34,12.62,24,"Nil
","Something fouled, so hauled to the bridles and shot again.",03:20.3
3301,IGFS2013,FG139,101010101,113,109,83,1,Groundgear_A,Long,3.20E+04,V,05/11/2013 11:57,30,51.594,-6.202,51.626,-6.182,VIIgMedium,117.4,21.2,3.6,2.059189886,3.820389399,0.448513715,Y,21.8093277,390,4.4,6.21,15.52,29,"Nil
",NA,03:20.3
3302,IGFS2013,FG26,101010101,111,109,84,1,Groundgear_A,Long,3.20E+04,I,05/11/2013 14:11,30,51.796,-6.072,51.829,-6.079,VIIgMedium,118.8,21.4,3.8,1.996081392,3.703304995,0.439952633,Y,22.08300167,402,2.94,5.4,14.02,28,"Tore stbt wing, 2h mending.",no trawleye,03:20.3
3303,IGFS2013,FG25,101010101,79,74,85,1,Groundgear_A,Short,3.30E+04,V,05/11/2013 16:58,30,52.016,-6.212,52.005,-6.263,VIIgCoast,86.6,21,3.9,1.999417924,3.709495221,0.321242286,Y,24.85910804,324,2.82,11.53,5.29,24,"Nil
",NA,03:20.3
3304,IGFS2013,44,101010101,77,77,86,1,Groundgear_A,Short,3.10E+05,V,06/11/2013 7:08,30,51.244,-5.494,51.272,-5.524,VIIgCoast,82.4,20.5,4.3,2.023195446,3.753609362,0.309297411,Y,23.57817848,311,3.83,5.09,9.56,3,"Nil
",NA,03:20.3
3305,IGFS2013,CN203,101010101,69,66,87,1,Groundgear_A,Short,3.10E+05,V,06/11/2013 9:35,30,51.431,-5.269,51.465,-5.264,VIIgCoast,80.4,20.2,4,2.047482925,3.79866962,0.305413037,Y,22.97262379,273,3.23,8.4,14.06,4,"Nil
",strong tide pusing us off the line,03:20.3
3306,IGFS2013,MB32,101010101,68,71,88,1,Groundgear_A,Short,3.10E+05,V,06/11/2013 11:23,30,51.461,-5.5,51.485,-5.543,VIIgCoast,82,20.7,4.4,2.159784941,4.007022154,0.328575817,Y,23.45684645,286,4.14,15.43,12.26,30,"Nil
",NA,03:20.3
3307,IGFS2013,CN307,101010101,78,78,89,1,Groundgear_A,Long,3.10E+05,V,06/11/2013 13:51,30,51.404,-5.77,51.435,-5.786,VIIgMedium,105.8,19.4,3.7,1.953382604,3.624086464,0.383428348,Y,19.56099226,311,4.16,8.91,15.03,33,"Nil
",NA,03:20.3
3308,IGFS2013,FG48,101010101,95,98,90,1,Groundgear_A,Long,3.10E+04,V,06/11/2013 16:47,30,51.357,-6.01,51.391,-6.015,VIIgMedium,113.4,21.4,3.6,2.047484865,3.798673219,0.430769543,Y,21.03024784,366,6.92,8.5,27.4,34,"Nil
",NA,03:20.3
3309,IGFS2013,CN304,101010101,106,106,91,1,Groundgear_A,Long,3.10E+04,V,07/11/2013 7:04,30,51.156,-6.143,51.188,-6.131,VIIgMedium,111.0755598,26.2,3.8,1.971466091,3.657636532,0.406274025,N,999,366,3.23,5.06,12.85,18,"Gear digging in again. 
",NA,03:20.3
3310,IGFS2013,CN303,101010101,97,97,92,1,Groundgear_A,Long,3.10E+04,V,07/11/2013 9:47,30,51.124,-6.477,51.157,-6.488,VIIgMedium,110.6,20.6,3.9,2.021858261,3.751128499,0.414874812,Y,20.48731511,336,4.26,5.57,12.53,21,"Nil
",NA,03:20.3
3311,IGFS2013,111,101010101,118,106,93,1,Groundgear_A,Long,3.10E+04,V,07/11/2013 11:56,30,51.386,-6.374,51.417,-6.358,VIIgMedium,118.4,21.4,3.6,1.953449511,3.624210595,0.429106534,Y,22.0047553,415,3.22,6.5,11.64,20,"Nil
",NA,03:20.3
3312,IGFS2013,FG40,101010101,80,83,94,1,Groundgear_A,Long,3.10E+04,V,07/11/2013 14:10,30,51.366,-6.665,51.365,-6.719,VIIgMedium,107.4,20.3,4.1,2.027966037,3.76246018,0.404088223,Y,19.86916218,311,3.97,8.85,4.98,24,"Nil
",NA,03:20.3
3313,IGFS2013,FG187,101010101,107,112,95,1,Groundgear_A,Long,3.10E+04,V,07/11/2013 15:45,30,51.337,-6.9,51.309,-6.929,VIIgMedium,116.3,21.7,4,2.001623551,3.713587294,0.431890202,Y,21.59466489,378,2.68,10.54,4.9,23,"Burst upper bridle, probably on hauling headline sensor was steady throughout tow (bridle just was worn)",NA,03:20.3
3314,IGFS2013,53A,101010101,59,71,96,1,Groundgear_A,Short,3.20E+02,V,09/11/2013 16:15,30,51.641,-8.256,51.61,-8.254,VIIgCoast,87.1,20.9,4.2,1.860545398,3.451846749,0.300655852,Y,25.01247197,284,163,4.43,3.97,9,"Nil
",NA,03:20.3
3315,IGFS2013,42A,101010101,46,48,97,1,Groundgear_A,Short,3.30E+03,V,10/11/2013 7:00,30,52.03,-7.42,52.033,-7.367,VIIgCoast,78.6,19,4.2,1.968785908,3.652664022,0.287099392,Y,22.42993695,233,1.66,2.57,8.8,9,"Nil
",NA,03:20.3
3316,IGFS2013,FG138,101010101,60,64,98,1,Groundgear_A,Short,3.20E+03,V,10/11/2013 8:49,30,51.927,-7.392,51.902,-7.425,VIIgCoast,80.7,19.3,4,1.935420653,3.590761879,0.289774484,Y,23.06328227,259,2.2,3.22,2.67,4,"Nil
",NA,03:20.3
3317,IGFS2013,FG46,101010101,77,75,99,1,Groundgear_A,Short,3.20E+03,V,10/11/2013 11:08,30,51.803,-7.085,51.835,-7.065,VIIgCoast,81.7,19.2,3.8,2.058010993,3.818202213,0.311947121,Y,23.36592058,297,2.76,6.1,11.17,2,"Nil
",NA,03:20.3
3318,IGFS2013,SJM1,101010101,57,55,100,1,Groundgear_A,Short,3.30E+04,V,10/11/2013 13:38,30,52.001,-6.808,51.976,-6.775,VIIgCoast,74.4,17.8,4.2,1.934163081,3.588428722,0.266979097,Y,21.17176289,245,1.94,3.55,12.5,11,"2 Lifts but no damage
",NA,03:20.3
3319,IGFS2013,FG38,101010101,74,69,101,1,Groundgear_A,Short,3.20E+04,V,11/11/2013 7:08,30,51.708,-6.469,51.736,-6.497,VIIgCoast,81.1,19.5,4,1.976672927,3.66729671,0.297417763,Y,23.18425537,282,2.98,5.34,10.46,21,"Nil
",NA,03:20.3
3320,IGFS2013,CN207,101010101,73,75,102,1,Groundgear_A,Short,3.20E+04,V,11/11/2013 9:05,30,51.798,-6.666,51.774,-6.716,VIIgCoast,82.7,19.9,4.2,2.351599195,4.362892756,0.360811231,Y,23.66925111,283,1.38,8.74,3.7,20,"Nil
",NA,03:20.3
3321,IGFS2013,FG208,101010101,75,77,103,1,Groundgear_A,Short,3.20E+04,V,11/11/2013 11:24,30,51.637,-6.971,51.614,-7,VIIgCoast,83.3,20.1,4,1.75331905,3.252911039,0.27096749,Y,23.85158722,298,1.7,8.16,6.52,17,"Nil
",NA,03:20.3
3322,IGFS2013,FG178,101010101,76,79,104,1,Groundgear_A,Short,3.20E+03,V,11/11/2013 14:11,30,51.583,-7.462,51.583,-7.518,VIIgCoast,84.7,20.4,3.9,2.092183135,3.881601364,0.328771636,Y,24.27804236,310,NA,NA,NA,11,"Nil
",NA,03:20.3
3323,IGFS2013,FG166,101010101,83,86,105,1,Groundgear_A,Short,3.10E+03,V,11/11/2013 16:06,30,51.43,-7.58,51.408,-7.621,VIIgCoast,86,20.7,4.3,2.025768047,3.758382276,0.323220876,Y,24.67532192,324,1.79,8.41,6.75,11,"Nil
",NA,03:20.3
3324,IGFS2013,FG168,101010101,85,86,106,1,Groundgear_A,Long,3.10E+03,V,12/11/2013 7:01,30,51.299,-7.178,51.292,-7.229,VIIgMedium,103.8,19.7,4.9,1.962791154,3.64154203,0.377992063,Y,19.17660505,325,2.94,6.26,3.41,15,"Nil
",NA,03:20.3
3325,IGFS2013,FG197,101010101,96,94,107,1,Groundgear_A,Long,3.10E+03,V,12/11/2013 9:19,30,51.249,-7.597,51.244,-7.648,VIIgMedium,104.7,19.4,4.9,1.942697682,3.604262861,0.377366322,Y,19.34946716,347,3.51,8.97,3.86,NA,"Nil
",NA,03:20.3
3326,IGFS2013,FG37A,101010101,93,90,108,1,Groundgear_A,Long,3.10E+03,V,12/11/2013 11:27,30,51.363,-7.854,51.391,-7.827,VIIgMedium,105,19.8,4.9,1.961126395,3.638453423,0.382037609,Y,19.40712849,348,2.65,4.3,12.07,16,"Nil
",NA,03:20.3
3327,IGFS2013,FG17A,101010101,86,88,109,1,Groundgear_A,Long,3.20E+02,V,12/11/2013 13:48,30,51.507,-8.091,51.488,-8.133,VIIgMedium,101.8,19,5,1.94155831,3.602148998,0.366698768,Y,18.79311263,324,1.25,6.78,3.14,8,"Nil
",NA,03:20.3
3328,IGFS2013,FG52,101010101,99,96,110,1,Groundgear_A,Long,3.10E+02,V,12/11/2013 16:13,30,51.251,-8.05,51.231,-8.092,VIIgMedium,106.4,20,5,1.984324421,3.681492433,0.391710795,Y,19.67648643,358,3.11,7.3,4.36,8,"Nil
",NA,03:20.3
3329,IGFS2013,FG16,101010101,105,105,111,1,Groundgear_A,Long,3.10E+02,V,13/11/2013 6:59,30,51.107,-8.222,51.091,-8.265,VIIgMedium,108.8,20.2,4.9,1.885805922,3.498712286,0.380659897,Y,20.13930278,345,2.75,6.91,8.79,21,"Nil
",NA,03:20.3
3330,IGFS2013,FG181,101010101,105,108,112,1,Groundgear_A,Long,3.10E+02,V,13/11/2013 9:16,30,51.094,-8.601,51.073,-8.643,VIIgMedium,107.2,19.7,4.7,2.025331114,3.757571641,0.40281168,Y,19.83060838,388,3.58,7.03,9.69,21,"Nil
",NA,03:20.3
3331,IGFS2013,FG180,101010101,112,109,113,1,Groundgear_A,Long,3.10E+02,V,13/11/2013 11:57,30,51.172,-8.922,51.183,-8.872,VIIgMedium,110.3,20.4,4.8,1.99669833,3.704449592,0.40860079,Y,20.42925858,399,1.58,8.2,7.03,19,"Nil
",NA,03:20.3
3332,IGFS2013,FG185,101010101,97,96,114,1,Groundgear_A,Long,3.10E+02,V,13/11/2013 14:36,30,51.291,-8.485,51.308,-8.53,VIIgMedium,107.3,19.7,4.8,1.975077372,3.664336496,0.393183306,Y,19.84988411,364,1.31,10.9,5.79,31,"Nil
",NA,03:20.3
3333,IGFS2013,FG183,101010101,93,93,115,1,Groundgear_A,Long,3.10E+02,V,13/11/2013 16:37,30,51.442,-8.562,51.457,-8.515,VIIgMedium,101,19,4.8,1.977504612,3.668839726,0.370552812,Y,18.63996097,335,1.73,8.57,6.28,22,"Nil
",NA,03:20.3
3334,IGFS2013,FG56,101010101,63,63,116,1,Groundgear_A,Short,3.10E+01,I,14/11/2013 12:10,15,51.428,-9.347,51.421,-9.364,VIIjCoast,80.16715038,19.9,5,0.763152719,1.415867754,0.113506083,N,999,269,2.89,7.97,3.34,11,"Test tow on Net E3- only 15 mins long
",NA,03:20.3
3335,IGFS2013,FG56,101010101,63,57,117,1,Groundgear_A,Short,3.10E+01,V,14/11/2013 13:37,30,51.428,-9.347,51.417,-9.397,VIIjCoast,78.3,19.3,4.8,1.987266235,3.686950344,0.288688212,Y,22.3396966,269,2.89,7.97,3.34,11,"Nil
",NA,03:20.3
3336,IGFS2013,FG199,101010101,115,115,118,1,Groundgear_A,Short,3.10E+01,V,14/11/2013 15:40,30,51.29,-9.222,51.257,-9.239,VIIjMedium,78.4,19.3,4.9,2.07961181,3.858277941,0.302488991,Y,14.36518328,415,4.36,6.94,12.28,15,"Nil
",Sweep length changed to short given the unusual door spread and no alternate explanation. DS 25/2/2015,03:20.3
3337,IGFS2013,FG130,101010101,139,141,119,1,Groundgear_A,Long,30D9,V,15/11/2013 7:22,30,50.772,-10.275,50.747,-10.281,VIIjDeep,112.4,20.4,4.7,1.516277483,2.813130767,0.316195898,Y,20.83611905,454,6.98,6.8,18.91,13,"Nil
",NA,03:20.3
3338,IGFS2013,FG188,101010101,157,156,120,1,Groundgear_A,Long,30D9,V,15/11/2013 9:21,30,50.763,-10.495,50.735,-10.521,VIIjDeep,114.6,20.7,4.6,1.948557527,3.615134558,0.41429442,Y,21.26353692,485,5.44,6.28,22.48,8,"Nil
",NA,03:20.3
3339,IGFS2013,FG160,101010101,159,157,121,1,Groundgear_A,Long,30D9,V,15/11/2013 11:48,30,50.544,-10.367,50.544,-10.42,VIIjDeep,118.4,21.2,4.4,2.0249291,3.756825789,0.444808173,Y,22.0047553,496,4.39,10.25,11.46,7,"Nil
",NA,03:20.3
3340,IGFS2013,FG30,101010101,160,158,122,1,Groundgear_A,Long,29D9,V,15/11/2013 14:05,30,50.376,-10.582,50.348,-10.563,VIIjDeep,115.1,20.7,4.5,1.830108946,3.395378379,0.390808051,Y,21.36084964,511,3.99,6.85,11.29,8,"Nil
",NA,03:20.3
3341,IGFS2013,FG212,101010101,153,153,123,1,Groundgear_A,Long,29D9,V,15/11/2013 16:04,30,50.166,-10.59,50.134,-10.604,VIIjDeep,112.4,20.6,4.7,1.992895037,3.69739339,0.415587017,Y,20.83611905,486,3.86,6.04,14.28,10,"Nil
",NA,03:20.3
3342,IGFS2013,FG62,101010101,297,243,124,1,Groundgear_A,Long,30D9,V,16/11/2013 7:37,30,50.556,-10.933,50.527,-10.909,VIIjSlope,125.8,21.8,4.3,1.965770989,3.647070481,0.458801466,Y,23.45953298,896,3.06,5.71,11.8,9,"Nil
",NA,03:20.3
3343,IGFS2013,FG63,101010101,165,163,125,1,Groundgear_A,Long,30D9,I,16/11/2013 9:48,0,50.576,-10.664,50.578,-10.63,VIIjDeep,64.4,19.5,4.4,1.303631436,2.418611198,0.155758561,Y,11.75911305,524,2.76,5.37,10.52,6,burst bridle on starbaord side and clean long tear in wing,"some sharp object went through the net on starboard side, burst bridle  and strbrd wing",03:20.3
3344,IGFS2013,82,101010101,165,169,126,1,Groundgear_A,Long,30D9,V,16/11/2013 12:35,30,50.717,-10.702,50.717,-10.755,VIIjDeep,121.6,21.4,4.5,2.017511333,3.743063698,0.455156546,Y,22.6319532,525,3.66,8.35,5.93,7,"Nil
",NA,03:20.3
3345,IGFS2013,FG6,101010101,170,176,127,1,Groundgear_A,Long,30D9,V,16/11/2013 14:34,30,50.845,-10.854,50.841,-10.907,VIIjDeep,121.1,21.5,4.4,2.026341605,3.759446392,0.455268958,Y,22.53376688,538,3.33,8.24,7.23,12,"Nil
",NA,03:20.3
3346,IGFS2013,FG196,101010101,239,231,128,1,Groundgear_A,Long,30D8,V,16/11/2013 16:43,30,50.94,-11.174,50.963,-11.214,VIIjSlope,121.9,21.8,4.5,2.048744186,3.801009622,0.463343073,Y,22.69089865,688,4.34,9.6,5.72,11,"Nil
",NA,03:20.3
3347,IGFS2013,FG159,101010101,182,182,129,1,Groundgear_A,Long,31D8,V,17/11/2013 7:32,30,51.038,-11.072,51.07,-11.072,VIIjDeep,115.2,20.5,4.5,1.918828162,3.559978036,0.41010947,Y,21.38031994,568,5.31,7.44,12.73,10,"Nil
",NA,03:20.3
3348,IGFS2013,FG209,101010101,185,187,130,1,Groundgear_A,Long,31D8,V,17/11/2013 9:50,30,51.242,-11.093,51.22,-11.132,VIIjDeep,119.6,21.4,4.4,1.973890485,3.66213448,0.437991284,Y,22.23962478,579,4.2,6.13,11.05,9,"Nil
",NA,03:20.3
3349,IGFS2013,FG158,101010101,363,340,131,1,Groundgear_A,Long,31D8,V,17/11/2013 12:14,30,51.246,-11.462,51.279,-11.474,VIIjSlope,128.4,22.4,4.3,2.0297102,3.765696105,0.48351538,Y,23.97444311,1073,4.34,6.8,13.07,16,"Nil
",NA,03:20.3
3350,IGFS2013,FG157,101010101,244,248,132,1,Groundgear_A,Long,31D8,V,17/11/2013 14:24,30,51.433,-11.393,51.466,-11.395,VIIjSlope,123.6,21.8,4.3,1.98034443,3.674108405,0.454119799,Y,23.02540486,730,3.41,7.02,10.73,18,"Nil
",NA,03:20.3
3351,IGFS2013,FG28,101010101,234,232,133,1,Groundgear_A,Long,32D8,V,17/11/2013 16:14,30,51.597,-11.384,51.63,-11.395,VIIjSlope,122.2,21.5,4.6,2.021146719,3.749808385,0.458226585,Y,22.74986947,716,3.73,7.39,10.42,15,"Nil
",NA,03:20.3
3352,IGFS2013,39,101010101,155,150,134,1,Groundgear_A,Long,33D8,V,18/11/2013 7:36,30,52.058,-11.2,52.044,-11.152,VIIjDeep,113.8,20.5,4.5,1.963404642,3.642680226,0.41453701,Y,21.10797008,495,2.15,5.39,8.52,19,"Nil
",NA,03:20.3
3353,IGFS2013,FG67,101010101,158,155,135,1,Groundgear_A,Long,32D8,V,18/11/2013 9:50,30,51.834,-11.009,51.804,-10.987,VIIjDeep,112.8,20.6,4.7,1.976226349,3.666468179,0.413577611,Y,20.91374039,497,3.12,7.76,11.17,21,"Nil
",NA,03:20.3
3354,IGFS2013,FG3,101010101,183,182,136,1,Groundgear_A,Long,32D8,V,18/11/2013 12:04,30,51.615,-11.118,51.587,-11.088,VIIjDeep,117.9,20.4,4.7,2.018591871,3.745068406,0.441543565,Y,21.90700799,566,2.32,7.52,9.12,19,"Nil
",NA,03:20.3
3355,IGFS2013,42,101010101,154,154,137,1,Groundgear_A,Long,32D9,V,18/11/2013 14:24,30,51.655,-10.829,51.626,-10.799,VIIjDeep,113.5,20.4,4.5,2.068227375,3.837156539,0.435517267,Y,21.04967459,495,4.68,6.61,11.08,21,"Nil
",NA,03:20.3
3356,IGFS2013,FG4,101010101,165,165,138,1,Groundgear_A,Long,31D9,V,18/11/2013 16:11,30,51.492,-10.83,51.464,-10.801,VIIjDeep,114.4,20.6,4.6,1.999661927,3.709947916,0.424418042,Y,21.22462985,525,3.56,8.4,12.27,21,"Nil
",NA,03:20.3
3357,IGFS2013,FG170,101010101,130,129,139,1,Groundgear_A,Long,31D9,V,19/11/2013 7:37,31,51.452,-10.415,51.473,-10.455,VIIjDeep,117.2,21.1,4.6,1.957290336,3.63133643,0.42559263,Y,21.77027426,462,5.08,15.39,5.21,26,"Nil
",NA,03:20.3
3358,IGFS2013,FG2,101010101,77,73,140,1,Groundgear_A,Short,32D9,V,19/11/2013 10:05,30,51.679,-10.253,51.69,-10.203,VIIjCoast,83.3,20.4,4.8,1.977149796,3.668181439,0.305559514,Y,23.85158722,311,4.25,7.16,18.29,19,"Nil
",NA,03:20.3
3359,IGFS2013,43,101010101,85,90,141,1,Groundgear_A,Long,32D9,V,19/11/2013 12:05,30,51.684,-10.451,51.668,-10.497,VIIjMedium,101.5,19.2,4.8,1.965230724,3.646068133,0.370075916,Y,18.73566449,324,4.67,6.97,11.78,11,"Nil
",NA,03:20.3
3360,IGFS2013,FG68,101010101,127,118,142,1,Groundgear_A,Long,32D9,V,19/11/2013 14:33,30,51.818,-10.762,51.851,-10.766,VIIjDeep,112.1,20.5,4.6,1.984628706,3.682056968,0.412758586,Y,20.77792931,440,5.91,12.11,9.86,15,"Nil
",NA,03:20.3
3361,IGFS2013,38,101010101,138,139,143,1,Groundgear_A,Long,33D9,V,19/11/2013 16:50,30,52.005,-10.942,52.036,-10.925,VIIjDeep,113.2,20.7,4.7,1.96269607,3.641365621,0.412202588,Y,20.99140193,467,4.32,10.34,11.04,16,"Nil
",NA,03:20.3
3362,IGFS2013,FG71,101010101,251,252,144,1,Groundgear_A,Long,32D8,V,22/11/2013 7:39,31,51.875,-11.53,51.909,-11.524,VIIjSlope,126,22.2,4.2,2.051166641,3.805503972,0.4794935,Y,23.4990696,770,2.87,7.3,6.26,15,"Nil
",NA,03:20.3
3363,IGFS2013,FG1,101010101,150,150,145,1,Groundgear_A,Long,33D8,V,22/11/2013 10:30,30,52.163,-11.338,52.194,-11.356,VIIjDeep,121.7,21.4,4.2,1.974121365,3.662562829,0.445733896,Y,22.65159887,500,2.64,6.85,6.9,19,"Nil
",NA,03:20.3
3364,IGFS2013,FG171,101010101,176,175,146,1,Groundgear_A,Long,33D8,V,22/11/2013 13:04,30,52.365,-11.624,52.394,-11.652,VIIjDeep,118.3,21.2,4.5,2.02025918,3.748161744,0.443407534,Y,21.98520046,568,3.09,3.77,6.83,14,"Nil
",NA,03:20.3
3365,IGFS2013,FG155,101010101,280,290,147,1,Groundgear_A,Long,33D8,V,22/11/2013 15:05,30,52.415,-11.94,52.438,-11.981,VIIjSlope,128,22.3,4.3,2.04027677,3.78530013,0.484518417,Y,23.89509335,850,2.54,3.2,6.73,12,"Nil
",NA,03:20.3
3366,IGFS2013,PO238,101010101,364,363,148,1,Groundgear_A,Long,34D7,V,23/11/2013 7:40,30,52.702,-12.295,52.735,-12.304,VIIbSlope,131.2,22.9,4.1,2.006313833,3.722289115,0.488364332,Y,24.53127428,1110,1.54,5.48,4.3,11,"Nil
",NA,03:20.3
3367,IGFS2013,PO34,101010101,220,230,149,1,Groundgear_A,Long,34D7,V,23/11/2013 10:18,30,52.945,-12.08,52.978,-12.08,VIIbSlope,123.1,21.9,4.3,1.979436038,3.672423076,0.452075281,Y,22.9269351,745,1.75,4.88,4.32,7,"Nil
",NA,03:20.3
3368,IGFS2013,FG104,101010101,210,211,150,1,Groundgear_A,Long,35D8,V,23/11/2013 13:01,20,53.245,-11.928,53.265,-11.912,VIIbSlope,122.5,21.7,4.2,1.330642104,2.468723755,0.30241866,Y,22.80886576,650,2,5.01,5.06,7,"Nil
",NA,03:20.3
3369,IGFS2013,PO174,101010101,314,311,151,1,Groundgear_A,Long,35D7,V,23/11/2013 15:28,30,53.29,-12.261,53.321,-12.236,VIIbSlope,128.4,22.8,4.1,2.065170749,3.831485619,0.491962753,Y,23.97444311,945,2.28,4.58,5,7,"Nil
",NA,03:20.3
3370,IGFS2013,FG105,101010101,166,169,152,1,Groundgear_A,Long,34D8,V,24/11/2013 7:33,30,52.581,-11.735,52.609,-11.761,VIIbDeep,114.7,20.9,4.5,1.929316072,3.579436127,0.410561324,Y,21.28299431,535,2.12,4.42,7.02,6,"Nil
",NA,03:20.3
3371,IGFS2013,90,101010101,139,137,153,1,Groundgear_A,Long,34D8,V,24/11/2013 9:36,30,52.731,-11.522,52.757,-11.488,VIIbDeep,114.3,21.93,4.6,1.990914901,3.693719668,0.422192158,Y,21.20518016,485,2.14,4.8,5.43,4,"Nil
",NA,03:20.3
3372,IGFS2013,50,101010101,127,126,154,1,Groundgear_A,Long,34D8,V,24/11/2013 12:19,30,52.895,-11.061,52.863,-11.044,VIIbDeep,110.4,20.5,4.6,2.016124771,3.740491226,0.412950231,Y,20.44860832,438,2.24,4.97,7.32,4,"Nil
",NA,03:20.3
3373,IGFS2013,MB14,101010101,124,120,155,1,Groundgear_A,Long,34D9,V,24/11/2013 14:11,30,52.752,-10.911,52.776,-10.873,VIIbDeep,110.3,20.4,4.5,1.995955397,3.703071238,0.408448758,Y,20.42925858,438,1.82,3.09,5.85,8,"Nil
",NA,03:20.3
3374,IGFS2013,51,101010101,125,126,156,1,Groundgear_A,Long,35D9,V,24/11/2013 16:39,30,53.038,-10.925,53.061,-10.886,VIIbDeep,110.9,20.3,4.5,1.97245055,3.659462987,0.405834445,Y,20.54539364,450,2.52,4.06,5.74,5,"Nil
",NA,03:20.3
3375,IGFS2013,FG120,101010101,130,130,157,1,Groundgear_A,Long,35D8,V,25/11/2013 7:48,27,52.988,-11.239,53.017,-11.235,VIIbDeep,109.2,20,4.6,1.745527719,3.23845588,0.353639382,Y,20.21657138,453,2.01,5.09,8.85,1,"Nil
",NA,03:20.3
3376,IGFS2013,89,101010101,140,139,158,1,Groundgear_A,Long,35D8,V,25/11/2013 10:14,31,53.192,-11.293,53.212,-11.247,VIIbDeep,112.2,20.5,4.6,2.045568967,3.795118677,0.425812316,Y,20.7973234,485,2.23,4.98,5.64,5,"Nil
",NA,03:20.3
3377,IGFS2013,MB13,101010101,131,133,159,1,Groundgear_A,Long,35D9,V,25/11/2013 12:10,30,53.26,-10.986,53.299,-10.964,VIIbDeep,112.2,20.5,4.6,2.469552832,4.581730673,0.514070181,Y,20.7973234,462,2.06,5.25,7.11,6,"Nil
",NA,03:20.3
3378,IGFS2013,MB28,101010101,129,130,160,1,Groundgear_A,Long,35D9,V,25/11/2013 13:42,30,53.395,-10.885,53.425,-10.86,VIIbDeep,110.9,20.4,4.6,2.010374559,3.729822929,0.413637363,Y,20.54539364,462,2.57,5.19,7.5,6,"Nil
",NA,03:20.3
3379,IGFS2013,95,101010101,143,148,161,1,Groundgear_A,Long,36D9,V,25/11/2013 16:22,30,53.711,-10.878,53.742,-10.864,VIIbDeep,112.7,20.6,4.3,1.925252671,3.571897349,0.402552831,Y,20.89433129,490,2.92,4.35,7.89,6,"Nil
",NA,03:20.3
3380,IGFS2013,PO14,101010101,207,217,162,1,Groundgear_A,Long,36D8,V,26/11/2013 8:13,31,53.699,-11.35,53.689,-11.402,VIIbSlope,121,21.8,4,1.946176838,3.610717696,0.436896841,Y,22.51413801,631,2.01,4.66,5.17,16,"Nil
",NA,03:20.3
3381,IGFS2013,PO24,101010101,210,214,163,1,Groundgear_A,Long,36D8,V,26/11/2013 9:57,30,53.587,-11.533,53.566,-11.575,VIIbSlope,120,22,4,1.958473231,3.633531041,0.436023725,Y,22.31800195,661,2.13,4.11,6.75,10,"Nil
",NA,03:20.3
3382,IGFS2013,PO22,101010101,260,271,164,1,Groundgear_A,Long,36D8,V,26/11/2013 12:01,31,53.589,-11.785,53.582,-11.839,VIIbSlope,129,22.6,4.1,1.972769347,3.660054447,0.472147024,Y,24.09355951,770,2.6,5.09,5.44,16,"Nil
",NA,03:20.3
3383,IGFS2013,PO138,101010101,322,323,165,1,Groundgear_A,Long,36D8,V,26/11/2013 14:26,30,53.791,-11.928,53.819,-11.899,VIIbSlope,129.2,23,4.3,1.970299728,3.655472593,0.472287059,Y,24.13328956,965,2.16,5.63,6.86,16,"Nil
",NA,03:20.3
3384,IGFS2013,PO113,101010101,359,364,166,1,Groundgear_A,Long,36D8,V,26/11/2013 16:27,30,53.95,-11.869,53.951,-11.923,VIIbSlope,131.5,23.2,4.1,1.911853575,3.547038173,0.46643552,Y,24.59108039,1041,2.39,6.35,3.8,17,"Nil
",NA,03:20.3
3385,IGFS2013,MB1,101010101,173,171,167,1,Groundgear_A,Long,36D8,V,27/11/2013 7:55,30,53.809,-11.067,53.839,-11.045,VIIbDeep,114.7,22.36,4.4,1.961851122,3.639797999,0.417484831,Y,21.28299431,537,3.16,4.02,12.21,12,"Nil
",NA,03:20.3
3386,IGFS2013,FG99,101010101,294,307,168,1,Groundgear_A,Long,36D8,V,27/11/2013 10:46,30,53.955,-11.477,53.954,-11.532,VIIbSlope,128.6,22.9,4.1,1.947037566,3.612314593,0.464543657,Y,24.01413631,907,3.41,8.16,5.74,12,"Nil
",NA,03:20.3
3387,IGFS2013,FG87,101010101,303,297,169,1,Groundgear_A,Long,37D8,V,27/11/2013 13:17,30,54.137,-11.282,54.155,-11.236,VIIbSlope,127.8,22.9,4.3,1.9471055,3.612440631,0.461669913,Y,23.85543673,920,3.98,6.08,14.2,11,"Nil
",NA,03:20.3
3388,IGFS2013,FG91,101010101,265,283,170,1,Groundgear_A,Long,37D9,V,27/11/2013 15:51,30,54.2,-10.998,54.232,-10.999,VIIbSlope,127,22.7,4.3,1.92018005,3.562486178,0.452435745,Y,23.6969313,774,3.74,5.72,13.84,13,"Nil
",NA,03:20.3
3389,IGFS2013,SC552,101010101,84,82,171,1,Groundgear_A,Long,3.70E+01,V,28/11/2013 9:06,15,54.483,-9.514,54.483,-9.485,VIIbMedium,101.8,20.96,4.7,1.013112811,1.879615604,0.191344868,Y,18.79311263,328,2.9,7.26,10.86,9,"Nil
",NA,03:20.3
3390,IGFS2013,20,101010101,46,46,172,1,Groundgear_A,Short,3.70E+01,V,28/11/2013 11:05,31,54.341,-9.631,54.347,-9.688,VIIbCoast,75.7,19.1,4.8,2.030207244,3.766618264,0.285133003,Y,21.56002289,225,3.77,6.62,9.35,11,"Nil
",NA,03:20.3
3391,IGFS2013,FG218,101010101,96,99,173,1,Groundgear_A,Long,3.70E+01,V,28/11/2013 13:05,30,54.486,-9.831,54.487,-9.888,VIIbMedium,109.4,20.3,4.7,1.992024409,3.695778125,0.404318127,Y,20.25522006,378,4.66,8.14,10.14,12,"Nil
",NA,03:20.3
3392,IGFS2013,22,101010101,108,114,174,1,Groundgear_A,Long,37D9,V,28/11/2013 15:58,21,54.302,-10.313,54.294,-10.348,VIIbMedium,105.4,19.7,4.6,1.318686041,2.44654182,0.257865508,Y,19.4840421,400,4.23,7.31,10.45,6,"Nil
",NA,03:20.3
3393,IGFS2013,FG82,101010101,134,119,175,1,Groundgear_A,Long,36D9,V,29/11/2013 8:03,30,53.9,-10.587,53.874,-10.553,VIIbDeep,114.4,21.1,4.6,1.971035883,3.656838373,0.41834231,Y,21.22462985,482,3.15,8.45,11.66,23,"Nil
",NA,03:20.3
3394,IGFS2013,FG80,101010101,84,92,176,1,Groundgear_A,Long,36D9,V,29/11/2013 10:08,31,53.714,-10.346,53.69,-10.387,VIIbMedium,105.1,20.1,4.6,2.050132897,3.80358608,0.399756897,Y,19.42635348,336,3.59,9.21,9.65,16,"Nil
",NA,03:20.3
3395,IGFS2013,FG75,101010101,115,114,177,1,Groundgear_A,Long,35D9,V,29/11/2013 13:11,31,53.311,-10.274,53.289,-10.231,VIIbMedium,113,20.9,4.4,2.03208014,3.770093024,0.426020512,Y,20.95256612,424,2.66,6.33,7.43,20,"Nil
",NA,03:20.3
3396,IGFS2013,56,101010101,102,102,178,1,Groundgear_A,Long,35D9,V,29/11/2013 15:23,30,53.107,-10.198,53.074,-10.187,VIIbMedium,110.7,20.4,4.5,2.018941491,3.745717052,0.414650878,Y,20.50667218,390,3.88,7.24,14.24,19,"Nil
",NA,03:20.3
3397,IGFS2013,58,101010101,86,85,179,1,Groundgear_A,Short,3.50E+01,V,30/11/2013 8:02,30,53.123,-9.939,53.103,-9.894,VIIbCoast,82.5,20.86,4.8,2.019194118,3.746185748,0.309060324,Y,23.60852899,338,1.77,5.54,5.88,12,"Nil
",NA,03:20.3
3398,IGFS2013,59,101010101,68,64,180,1,Groundgear_A,Short,3.50E+01,V,30/11/2013 9:39,30,53.053,-9.719,53.035,-9.673,VIIbCoast,80.8,20.4,4.8,1.982682507,3.678446209,0.297218454,Y,23.09351533,311,1.58,4.4,6.4,10,"Nil
",NA,03:20.3
3399,IGFS2013,60,101010101,71,72,181,1,Groundgear_A,Short,3.40E+01,V,30/11/2013 11:33,31,52.919,-9.72,52.95,-9.705,VIIbCoast,81.4,19.8,4.5,1.937298794,3.594246372,0.292571655,Y,23.27505701,310,2.63,4.33,9.93,8,"Nil
",NA,03:20.3
3400,IGFS2014,150,101020101,119,124,1,1,Groundgear_D,Long,38D9,V,25/09/2014 6:16,30,54.532,-10.321,54.561,-10.289,VIaMedium,106.6,20.4,4.1,2.067209401,3.835267906,0.408839559,Y,19.71500297,415,2.6,5.4,9,19,"Nil
",Test999999,03:20.3
3401,IGFS2014,149,101020101,228,226,2,1,Groundgear_D,Long,38D9,V,25/09/2014 9:23,30,54.581,-10.611,54.609,-10.579,VIaSlope,120.3,22.8,4.2,2.016247361,3.740718666,0.450008456,Y,22.37681371,704,3.4,7.2,9,21,"Nil
",NA,03:20.3
3402,IGFS2014,GD11,101020101,193,213,3,1,Groundgear_D,Long,38D9,V,25/09/2014 12:13,30,54.833,-10.315,54.864,-10.286,VIaDeep,116.5,22.3,4.1,2.113752232,3.921618242,0.456868525,Y,21.63367072,595,2.5,5.3,8.5,21,"Nil
",NA,03:20.3
3403,IGFS2014,FG108,101020101,235,232,4,1,Groundgear_D,Long,39D9,V,25/09/2014 14:46,30,55.077,-10.072,55.106,-10.045,VIaDeep,117.2,22.3,4.1,1.972668177,3.659866747,0.428936383,Y,21.77027426,718,3.7,9.2,12.9,26,"Nil
",NA,03:20.3
3404,IGFS2014,FG109,101020101,260,247,5,1,Groundgear_D,Long,3.90E+01,V,25/09/2014 17:07,30,55.319,-9.879,55.345,-9.842,VIaSlope,116.1,21.9,3.9,2.00899857,3.727270075,0.432736056,Y,21.55566956,732,3.8,6.7,12.4,27,"Nil
",NA,03:20.3
3405,IGFS2014,15,101020101,55,61,6,1,Groundgear_D,Short,3.80E+02,V,26/09/2014 5:20,30,54.519,-8.51,54.518,-8.567,VIaCoast,70.1,18.2,4.6,1.990470085,3.692894406,0.258871898,Y,19.89462032,233,5.1,14.9,4,16,"Nil
",NA,03:20.3
3406,IGFS2014,SC555,101020101,88,89,7,1,Groundgear_D,Long,3.80E+02,V,26/09/2014 7:39,30,54.595,-8.874,54.583,-8.928,VIaMedium,99.2,19.7,4.4,2.014651579,3.737758031,0.370785597,Y,18.29587193,324,6.6,13.9,13,14,"Nil
",NA,03:20.3
3407,IGFS2014,MB44,101020101,69,55,8,1,Groundgear_D,Short,3.80E+02,V,26/09/2014 10:56,30,54.869,-8.783,54.857,-8.831,VIaCoast,77.8,19.5,4.7,1.81061539,3.359212227,0.261346711,Y,22.18942557,273,6.2,13.8,16.3,15,"Nil
",NA,03:20.3
3408,IGFS2014,GD1,101020101,92,100,9,1,Groundgear_D,Long,3.90E+01,V,26/09/2014 14:14,30,55.043,-9.189,55.071,-9.223,VIaMedium,104.5,19.2,4.1,2.047982176,3.799595874,0.397057769,Y,19.31103759,349,6,14.8,11,21,"Nil
",NA,03:20.3
3409,IGFS2014,GD8,101020101,116,123,10,1,Groundgear_D,Long,3.90E+01,V,26/09/2014 17:10,30,55.24,-9.57,55.218,-9.614,VIaMedium,108.4,21.58,4.1,2.004967813,3.71979186,0.403225438,Y,20.06207237,402,5.9,13.1,15.9,17,"Nil
",NA,03:20.3
3410,IGFS2014,FG110,101020101,241,253,11,1,Groundgear_D,Long,3.90E+01,V,27/09/2014 5:17,30,55.509,-9.478,55.492,-9.529,VIaSlope,112.8,23,3.8,2.014558869,3.737586028,0.421599704,Y,20.91374039,718,6.3,12.8,16.3,19,"Nil
",NA,03:20.3
3411,IGFS2014,R213,101020101,107,107,12,1,Groundgear_D,Long,4.00E+01,V,27/09/2014 7:49,30,55.586,-9.166,55.62,-9.166,VIaMedium,106.9,20.6,4.1,2.040317809,3.785376269,0.404656723,Y,19.77279519,390,7.4,8,24.4,21,"Nil
",NA,03:20.3
3412,IGFS2014,SC544,101020101,125,133,13,1,Groundgear_D,Long,4.00E+02,V,27/09/2014 9:55,30,55.792,-8.993,55.826,-8.992,VIaDeep,110.4,21.6,4,2.040666564,3.786023309,0.417976973,Y,20.44860832,427,6.2,7.9,24.2,21,"Nil
",NA,03:20.3
3413,IGFS2014,FG112,101020101,235,223,14,1,Groundgear_D,Long,4.10E+01,V,27/09/2014 12:21,30,56.008,-9.216,56.04,-9.201,VIaSlope,122.9,23.1,4,1.985499141,3.683671876,0.452723274,Y,22.88756724,745,5.6,4.9,12.1,21,"Nil
",headline a bit all over the shop,03:20.3
3414,IGFS2014,MB23,101020101,130,131,15,1,Groundgear_D,Long,4.10E+02,V,27/09/2014 14:38,30,56.009,-8.87,55.996,-8.814,VIaDeep,110.7,21.2,4.1,2.038355288,3.781735228,0.41863809,Y,20.50667218,438,4.8,8.7,13.8,17,"Nil
",NA,03:20.3
3415,IGFS2014,FG118,101020101,121,124,16,1,Groundgear_D,Long,4.10E+02,V,27/09/2014 17:00,30,56.16,-8.752,56.147,-8.802,VIaDeep,108.1,21.2,4.3,1.84762077,3.427867847,0.370552514,Y,20.00417452,427,6.1,11.4,18.3,25,"Nil
",NA,03:20.3
3416,IGFS2014,MM12,101020101,165,158,17,1,Groundgear_D,Long,4.10E+02,V,28/09/2014 5:09,30,56.252,-8.182,56.232,-8.229,VIaDeep,114,21.4,3.9,1.976831827,3.667591515,0.418105433,Y,21.14684645,527,4.6,10.8,12.3,7,"Nil
",NA,03:20.3
3417,IGFS2014,FG119,101020101,137,143,18,1,Groundgear_D,Long,4.10E+02,V,28/09/2014 7:35,30,56.024,-8.411,55.994,-8.383,VIaDeep,109.3,20.9,4.1,2.031673809,3.769339163,0.411988771,Y,20.23589452,462,4.2,8.3,16,10,"Nil
",NA,03:20.3
3418,IGFS2014,MB24,101020101,149,145,19,1,Groundgear_D,Long,4.10E+02,V,28/09/2014 9:33,30,56.03,-8.066,56.044,-8.012,VIaDeep,113.1,21,3.9,1.999372588,3.70941111,0.419534396,Y,20.97198276,485,5.1,8.3,18.6,9,"Nil
",NA,03:20.3
3419,IGFS2014,FG93,101020101,156,150,20,1,Groundgear_D,Long,4.10E+03,V,28/09/2014 11:29,30,56.038,-7.699,56.058,-7.651,VIaDeep,111.7,20.9,NA,2.009956775,3.72904782,0.416534641,Y,20.70037784,499,4.6,7.4,17.1,7,"Nil
",NA,03:20.3
3420,IGFS2014,MB2,101020101,88,104,21,1,Groundgear_D,Short,4.10E+03,V,28/09/2014 13:54,30,56.181,-7.81,56.204,-7.767,VIaCoast,80.8,20.2,4.2,1.993925657,3.699305486,0.298903883,Y,23.09351533,336,4.4,7.5,15.2,6,"Nil
",NA,03:20.3
3421,IGFS2014,FG94,101020101,168,174,22,1,Groundgear_D,Long,4.10E+03,V,28/09/2014 17:00,30,56.402,-7.774,56.379,-7.817,VIaDeep,118.2,21.9,3.8,1.98860947,3.689442431,0.436092095,Y,21.96564831,527,4.2,9.8,10.9,9,"Nil
",NA,03:20.3
3422,IGFS2014,MMMA3,101020101,143,131,23,1,Groundgear_D,Long,4.00E+02,V,29/09/2014 5:08,30,55.823,-8.328,55.816,-8.386,VIaDeep,106.8,20,4.1,2.004124424,3.718227131,0.397106658,Y,19.7535288,485,3.6,9.3,8.9,7,"Nil
",NA,03:20.3
3423,IGFS2014,6A,101020101,93,91,24,1,Groundgear_D,Long,4.00E+02,V,29/09/2014 7:40,30,55.669,-8.664,55.662,-8.606,VIaMedium,104.1,20.4,4.3,2.01168335,3.732251112,0.388527341,Y,19.23420552,349,2.8,6.8,8.3,9,"Nil
",NA,03:20.3
3424,IGFS2014,8,101020101,89,91,25,1,Groundgear_D,Long,4.00E+02,V,29/09/2014 9:29,30,55.625,-8.321,55.644,-8.272,VIaMedium,102.8,20,4.1,2.016638053,3.741443511,0.384620393,Y,18.98474846,336,2.5,4.9,11.5,7,"Nil
",NA,03:20.3
3425,IGFS2014,MB7,101020101,63,63,26,1,Groundgear_D,Short,4.00E+03,V,29/09/2014 12:19,30,55.514,-7.766,55.544,-7.741,VIaCoast,80.16715038,19.6,4,1.991237634,3.69431843,0.296162981,N,999,259,3.5,4,13,11,"Nil
",NA,03:20.3
3426,IGFS2014,FG114,101020101,59,64,27,1,Groundgear_D,Short,4.00E+03,V,29/09/2014 14:06,30,55.651,-7.574,55.651,-7.515,VIaCoast,78.3,19,4.1,2.001995527,3.714277416,0.290827922,Y,22.3396966,259,1.9,5.1,7.6,11,"Nil
",NA,03:20.3
3427,IGFS2014,GD6,101020101,115,121,28,1,Groundgear_D,Long,4.00E+03,V,29/09/2014 16:48,30,55.785,-7.824,55.797,-7.768,VIaMedium,101.7,19.8,4.3,2.025736877,3.758324447,0.382221596,Y,18.77396108,390,1.6,4,6.5,9,"Nil
",NA,03:20.3
3428,IGFS2014,SC583,101020101,77,74,29,1,Groundgear_D,Short,4.10E+04,V,30/09/2014 5:06,30,56.397,-6.773,56.367,-6.8,VIaCoast,76.9,19.5,4.2,2.012481217,3.733731386,0.287123944,Y,21.91934133,298,1.4,3.6,3.2,24,"Nil
",NA,03:20.3
3429,IGFS2014,FG192,101020101,87,93,30,1,Groundgear_D,Short,4.10E+03,V,30/09/2014 7:00,30,56.322,-7.03,56.3,-7.074,VIaCoast,77.6,19.7,4.1,1.974282079,3.662861,0.284238014,Y,22.1293622,324,2.3,4.2,4.2,23,"Nil
",NA,03:20.3
3430,IGFS2014,FG117,101020101,61,73,31,1,Groundgear_D,Short,4.10E+04,V,30/09/2014 9:32,30,56.186,-6.731,56.186,-6.79,VIaCoast,74.4,18.9,4.4,1.974612601,3.663474214,0.272562482,Y,21.17176289,273,3.6,13.5,4,23,"Nil
",NA,03:20.3
3431,IGFS2014,FG116,101020101,81,92,32,1,Groundgear_D,Short,4.10E+03,V,30/09/2014 11:46,30,56.052,-6.983,56.052,-7.042,VIaCoast,78.3,19.8,4.3,1.981487573,3.676229263,0.287848751,Y,22.3396966,324,3.4,8.5,4.6,18,"Nil
",NA,03:20.3
3432,IGFS2014,SC573,101020101,53,57,33,1,Groundgear_D,Short,4.00E+04,I,30/09/2014 14:25,30,55.928,-6.672,55.895,-6.681,VIaCoast,72.6,18.8,4.2,2.003508018,3.717083521,0.269860264,Y,20.63584461,246,3.2,4.6,8.9,22,"No damage, just overload of macerel.",4 or 5 lifts of MAC; fish from previous haul still in hopper and couldnt get all the MAC on deck Decided to slip.,03:20.3
3433,IGFS2014,GD4,101020101,51,60,34,1,Groundgear_D,Short,4.00E+03,V,30/09/2014 17:16,30,55.801,-7.116,55.773,-7.15,VIaCoast,72.8,18.8,4.1,2.035985769,3.777339089,0.274990286,Y,20.69529697,233,3,5,8.3,10,"Nil
",NA,03:20.3
3434,IGFS2014,FG45,101020101,167,199,35,1,Groundgear_D,Long,3.90E+04,V,01/10/2014 5:09,30,55.36,-6.314,55.328,-6.331,VIaMedium,112.1,20.6,3.6,2.00629093,3.722246623,0.417263846,Y,20.77792931,527,2.4,3.3,9.4,10,"Nil
",Overshot tow a bit on southern side. No damage.,03:20.3
3435,IGFS2014,COD1,101020101,74,62,36,1,Groundgear_D,Short,3.90E+04,V,01/10/2014 7:43,30,55.368,-6.84,55.368,-6.898,VIaCoast,75.9,18.8,4.2,1.982232648,3.677611592,0.27913072,Y,21.61984706,298,2.3,6.6,4.8,15,"Nil
",NA,03:20.3
3436,IGFS2014,mar-05,101020101,125,128,37,1,Groundgear_D,Long,4.00E+04,V,01/10/2014 10:23,30,55.564,-6.753,55.581,-6.703,VIaMedium,105.2,20.4,4,1.982601728,3.678296341,0.386956775,Y,19.44558074,427,5.2,7.6,18.2,18,"Nil
",NA,03:20.3
3437,IGFS2014,33,101020101,72,77,38,1,Groundgear_D,Short,4.00E+03,V,01/10/2014 13:11,30,55.508,-7.029,55.53,-7.074,VIaCoast,79.2,19.3,3.9,2.022413905,3.752159378,0.297171023,Y,22.6105941,286,4.9,10.4,4.2,21,"Nil
",NA,03:20.3
3438,IGFS2014,FG100,101020101,53,54,39,1,Groundgear_D,Short,4.00E+03,V,01/10/2014 15:08,30,55.502,-7.355,55.502,-7.415,VIaCoast,75.6,20,4.5,2.04365132,3.791560891,0.286642003,Y,21.53012006,242,4.8,13.1,13.1,16,Narrowly missed string of pots,NA,03:20.3
3439,IGFS2014,FG115,101020101,14,16,40,1,Groundgear_D,Short,3.90E+03,V,02/10/2014 4:58,30,55.214,-7.587,55.248,-7.583,VIaCoast,59.8,16,4.7,2.044799463,3.793691026,0.226862723,Y,16.87539426,137,3.2,9.3,8.3,19,"Nil
",NA,03:20.3
3440,IGFS2014,10,101020101,24,46,41,1,Groundgear_D,Short,3.90E+03,I,02/10/2014 7:40,30,55.211,-7.916,55.238,-7.948,VIaCoast,63.8,16.9,NA,1.956940184,3.630686797,0.231637818,Y,18.04167856,165,6.2,10.7,9.6,16,"No damage, massive haul of mac hom could not get it aboard. Strong mark on TEY in minute 29",NA,03:20.3
3441,IGFS2014,12,101020101,99,100,42,1,Groundgear_D,Long,3.90E+02,V,02/10/2014 11:39,30,55.429,-8.583,55.459,-8.61,VIaMedium,101.8,19.9,4.3,2.022145074,3.75166062,0.381919051,Y,18.79311263,366,9.2,12.7,11.8,33,"Nil
",NA,03:20.3
3442,IGFS2014,11,101020101,96,93,43,1,Groundgear_D,Long,3.90E+02,V,02/10/2014 14:24,30,55.309,-8.673,55.315,-8.731,VIaMedium,104.9,20.4,4.1,2.017417835,3.742890231,0.392629185,Y,19.38790578,366,8.6,23.1,14.8,37,"Nil
",NA,03:20.3
3443,IGFS2014,14,101020101,33,45,44,1,Groundgear_D,Short,3.80E+02,V,03/10/2014 16:46,30,54.582,-8.348,54.567,-8.4,VIaCoast,72,18.3,4.4,2.023695788,3.75453764,0.27032671,Y,20.45762651,206,1,3.2,1,12,"Nil
",First tow with maroport door sensors. Marport symmetry not working properly.,03:20.3
3444,IGFS2014,FG102,101020101,109,105,45,1,Groundgear_D,Long,3.80E+01,V,04/10/2014 5:06,30,54.973,-9.709,54.94,-9.702,VIaMedium,108.4,20.8,4.1,1.99479574,3.70091974,0.4011797,Y,20.06207237,415,7.4,6.3,26.4,14,"Nil
",NA,03:20.3
3445,IGFS2014,FG102,101020101,99,98,46,1,Groundgear_D,Long,3.80E+01,V,04/10/2014 7:32,30,54.709,-9.571,54.687,-9.613,VIaMedium,108.2,18.9,4.1,1.967927052,3.651070597,0.395045839,Y,20.02347144,366,5.8,13.1,13.8,15,"Nil
",NA,03:20.3
3446,IGFS2014,FG91,101010101,277,293,47,1,Groundgear_A,Long,37D9,V,14/11/2014 10:39,30,54.216,-11,54.25,-10.999,VIIbSlope,127,23.27,4.2,2.040157791,3.78507939,0.480705083,Y,23.6969313,800,2.63,7.2,7.42,22,No data transmitted from Wing sensors,NA,03:20.3
3447,IGFS2014,21,101010101,175,176,48,1,Groundgear_A,Long,37D9,V,14/11/2014 13:40,30,54.158,-10.691,54.188,-10.671,VIIbDeep,120,22.4,4.4,1.932628228,3.585581128,0.430269735,Y,22.31800195,540,3.11,7.15,7.79,28,"Nil
",NA,03:20.3
3448,IGFS2014,22,101010101,125,115,49,1,Groundgear_A,Long,37D9,V,14/11/2014 15:48,30,54.288,-10.375,54.3,-10.322,VIIbMedium,106,19.5,4.5,1.994549904,3.700463644,0.392249146,Y,19.5994811,436,3.16,7.54,7.29,18,"Nil
",NA,03:20.3
3449,IGFS2014,MB27,101010101,57,51,50,1,Groundgear_A,Short,3.70E+02,V,15/11/2014 7:53,30,54.424,-8.841,54.393,-8.82,VIIbCoast,79.8,19.7,4.8,1.999871522,3.710336775,0.296084875,Y,22.7914888,260,2.15,2.26,6.75,15,"Nil
",NA,03:20.3
3450,IGFS2014,MM1,101010101,39,36,51,1,Groundgear_A,Short,3.70E+01,V,15/11/2014 10:25,30,54.322,-9.271,54.33,-9.326,VIIbCoast,74.7,18.7,4.9,1.987596891,3.687563806,0.275461016,Y,21.2612702,200,0.48,1.56,2.85,4,"Nil
",NA,03:20.3
3451,IGFS2014,20,101010101,43,46,52,1,Groundgear_A,Short,3.70E+01,V,15/11/2014 12:20,30,54.34,-9.624,54.347,-9.679,VIIbCoast,73.6,18.4,4.9,1.973167611,3.660793341,0.26943439,Y,20.93334047,207,0.86,1.64,2.36,15,"Nil
",Hauled up a string of pots,03:20.3
3452,IGFS2014,FG218,101010101,98,98,53,1,Groundgear_A,Long,3.70E+01,V,15/11/2014 14:23,19,54.486,-9.842,54.487,-9.878,VIIbMedium,108.9,20.2,4.7,1.258980344,2.335770583,0.254365416,Y,20.15861634,366,1.76,6.15,2.13,17,"Nil
","Trawl hauled after 19 minutes. Door and wing sensor numbers increased. No damage to net. Beware of distance logged, it has to be wrong.",03:20.3
3453,IGFS2014,FG82,101010101,135,121,54,1,Groundgear_A,Long,36D9,V,16/11/2014 7:42,30,53.899,-10.586,53.873,-10.552,VIIbDeep,114.1,21.1,4.4,1.971053259,3.65687061,0.417248937,Y,21.16628846,460,2.02,4.5,8.77,16,"Nil
",NA,03:20.3
3454,IGFS2014,FG83,101010101,36,46,55,1,Groundgear_A,Short,36D9,V,16/11/2014 10:58,30,53.844,-9.986,53.839,-10.041,VIIbCoast,75.2,18.8,4.8,1.974290753,3.662877093,0.275448357,Y,21.4105702,210,1.12,4.85,3.05,8,"Nil
",NA,03:20.3
3455,IGFS2014,FG80,101010101,87,93,56,1,Groundgear_A,Long,36D9,V,16/11/2014 13:04,21,53.714,-10.347,53.698,-10.374,VIIbMedium,106.2,20.2,4.5,1.358269562,2.519980634,0.267621943,Y,19.63797915,335,2.36,6.49,4.22,5,"Nil
",NA,03:20.3
3456,IGFS2014,95,101010101,151,152,57,1,Groundgear_A,Long,36D9,V,16/11/2014 17:06,26,53.724,-10.871,53.751,-10.86,VIIbDeep,116,21,4.4,1.666331529,3.091524173,0.358616804,Y,21.53617584,490,2.42,4.2,9.82,11,"Nil
",Beware of distance logged,03:20.3
3457,IGFS2014,GD12,101010101,267,263,58,1,Groundgear_A,Long,37D8,V,17/11/2014 7:46,30,54.015,-11.297,53.984,-11.32,VIIbSlope,126.8,22.6,4.1,2.02971181,3.765699091,0.477490645,Y,23.65733505,800,2.27,4.61,5.5,11,"Nil
",NA,03:20.3
3458,IGFS2014,PO14,101010101,213,221,59,1,Groundgear_A,Long,36D8,V,17/11/2014 10:22,30,53.698,-11.355,53.688,-11.408,VIIbSlope,122.9,22,4.2,1.980120196,3.673692386,0.451496794,Y,22.88756724,650,2.19,5.7,4.31,11,"Nil
",NA,03:20.3
3459,IGFS2014,PO12,101010101,291,290,60,1,Groundgear_A,Long,36D8,V,17/11/2014 12:36,30,53.764,-11.675,53.736,-11.705,VIIbSlope,127,22.7,4.1,1.989823697,3.691695171,0.468845287,Y,23.6969313,850,1.59,3.82,4.89,9,"Nil
",NA,03:20.3
3460,IGFS2014,PO22,101010101,278,266,61,1,Groundgear_A,Long,36D8,V,17/11/2014 15:01,30,53.579,-11.859,53.586,-11.805,VIIbSlope,127.4,22.7,4.1,1.972902669,3.660301797,0.466322449,Y,23.77615987,850,1.61,3.53,5.01,9,"Nil
",NA,03:20.3
3461,IGFS2014,FG103,101010101,196,195,62,1,Groundgear_A,Long,35D8,V,17/11/2014 17:04,20,53.436,-11.654,53.418,-11.674,VIIbDeep,118.5,21.4,4.4,1.295918223,2.404300971,0.284909665,Y,22.02431284,608,1.64,3.55,4.78,6,"Nil
",Distance log is calculated wrong. It was only a 20 minute tow,03:20.3
3462,IGFS2014,FG104,101010101,215,216,63,1,Groundgear_A,Long,35D8,V,18/11/2014 7:38,30,53.28,-11.899,53.251,-11.923,VIIbSlope,121.6,22.1,4.4,1.941961532,3.60289709,0.438112286,Y,22.6319532,650,1.46,3.38,3.83,24,"Nil
",NA,03:20.3
3463,IGFS2014,PO174,101010101,317,318,64,1,Groundgear_A,Long,35D7,V,18/11/2014 9:51,30,53.319,-12.24,53.289,-12.263,VIIbSlope,131.4,23.2,4,1.980286938,3.67400174,0.482763829,Y,24.57114185,935,2.75,4.11,7.15,26,"Nil
",NA,03:20.3
3464,IGFS2014,PO189,101010101,312,317,65,1,Groundgear_A,Long,35D7,V,18/11/2014 11:52,30,53.14,-12.319,53.107,-12.328,VIIbSlope,131.8,23.2,3.9,2.005952635,3.721618989,0.490509383,Y,24.65091508,925,2.76,4.5,5.77,28,"Nil
",NA,03:20.3
3465,IGFS2014,FG221,101010101,316,322,66,1,Groundgear_A,Long,34D7,V,18/11/2014 14:31,30,52.888,-12.284,52.857,-12.28,VIIbSlope,134.7,23.6,3.9,1.865100725,3.460298192,0.466102166,Y,25.2308122,920,3.01,10.68,6.53,29,"Nil
",NA,03:20.3
3466,IGFS2014,PO39,101010101,251,245,67,1,Groundgear_A,Long,34D7,V,19/11/2014 7:39,30,52.732,-12.071,52.701,-12.053,VIIbSlope,128.6,22.9,4.2,1.971594545,3.657874851,0.470402706,Y,24.01413631,760,5.97,13.15,11.57,12,"Nil
",NA,03:20.3
3467,IGFS2014,FG172,101010101,230,223,68,1,Groundgear_A,Long,34D8,V,19/11/2014 9:37,30,52.545,-11.957,52.513,-11.942,VIIbSlope,126.7,22.4,4.1,1.996202316,3.703529343,0.469237168,Y,23.63754142,690,5.02,12.17,11.28,6,"Nil
",NA,03:20.3
3468,IGFS2014,FG156,101010101,465,452,69,1,Groundgear_A,Long,33D8,V,19/11/2014 12:11,30,52.288,-12.003,52.26,-11.976,VIIjSlope,137.7,24.2,3.9,1.951126079,3.619899962,0.498460225,Y,25.83363149,1360,4.73,9.57,13.77,13,"Nil
",NA,03:20.3
3469,IGFS2014,FG74,101010101,495,578,70,1,Groundgear_A,Long,33D8,V,19/11/2014 15:10,30,52.01,-11.801,51.977,-11.803,VIIjSlope,139.8,24.1,3.9,1.980494943,3.674387649,0.513679393,Y,26.25743461,1500,5.91,11.47,13.83,14,"Nil
",NA,03:20.3
3470,IGFS2014,FG73,101010101,216,216,71,1,Groundgear_A,Long,32D8,V,20/11/2014 7:34,30,51.749,-11.401,51.782,-11.403,VIIjSlope,123,22.3,4.2,1.98043194,3.674270761,0.451935304,Y,22.90724974,675,3.87,6.9,15.06,17,"Nil
",NA,03:20.3
3471,IGFS2014,39,101010101,149,148,72,1,Groundgear_A,Long,33D8,V,20/11/2014 10:21,20,52.059,-11.197,52.048,-11.166,VIIjDeep,118.1,21.1,5.6,1.322470738,2.453563521,0.289765852,Y,21.94609885,485,3.96,6.36,11.2,14,"Nil
","Hauled at 20 mins, lots of marks on sounder. Data from trawl sounder not right. Distance log is too far, tow less than 30 mins.",03:20.3
3472,IGFS2014,FG67,101010101,156,158,73,1,Groundgear_A,Long,32D8,V,20/11/2014 12:36,30,51.836,-11.007,51.806,-10.987,VIIjDeep,121.7,21.8,4.5,1.946635614,3.611568857,0.43952793,Y,22.65159887,484,3.17,6.49,9.1,16,"Nil
",NA,03:20.3
3473,IGFS2014,FG68,101010101,121,125,74,1,Groundgear_A,Long,32D9,V,20/11/2014 14:36,30,51.852,-10.767,51.82,-10.762,VIIjDeep,110.2,20.3,4.7,1.928055312,3.577097054,0.394196095,Y,20.40991127,415,3.07,5.51,7.79,12,"Nil
",NA,03:20.3
3474,IGFS2014,42,101010101,154,152,75,1,Groundgear_A,Long,32D9,V,20/11/2014 16:32,30,51.663,-10.837,51.635,-10.809,VIIjDeep,116.1,20.9,4.6,1.97754126,3.668907718,0.425960186,Y,21.55566956,485,3.17,5.02,9.19,20,"Nil
",NA,03:20.3
3475,IGFS2014,FG158,101010101,357,372,76,1,Groundgear_A,Long,31D8,V,21/11/2014 8:23,30,51.262,-11.469,51.232,-11.457,VIIjSlope,134.8,23.5,4.1,1.85478433,3.441158312,0.46386814,Y,25.25085765,1045,3.43,14.39,8.16,25,"Nil
",NA,03:20.3
3476,IGFS2014,FG159,101010101,181,180,77,1,Groundgear_A,Long,31D8,V,21/11/2014 11:29,30,51.085,-11.071,51.053,-11.072,VIIjDeep,122.2,22,4.2,1.919205012,3.560677201,0.435114754,Y,22.74986947,550,3.29,7.19,6.35,13,"Nil
",NA,03:20.3
3477,IGFS2014,FG124,101010101,227,238,78,1,Groundgear_A,Long,30D8,V,21/11/2014 13:25,30,50.901,-11.113,50.868,-11.108,VIIjSlope,128.4,22.6,4,1.987801639,3.687943671,0.473531967,Y,23.97444311,700,2.88,9.04,5.97,18,"Nil
",NA,03:20.3
3478,IGFS2014,81,101010101,257,255,79,1,Groundgear_A,Long,30D8,V,21/11/2014 15:06,30,50.744,-11.047,50.715,-11.02,VIIjSlope,128.7,22.8,4,2.019741369,3.747201056,0.482264776,Y,24.0339875,825,2.3,6.73,5.75,10,"Nil
",NA,03:20.3
3479,IGFS2014,FG195,101010101,130,132,80,1,Groundgear_A,Long,2.90E+01,V,22/11/2014 7:33,30,50.066,-9.988,50.08,-9.943,VIIjDeep,116.2,21,4.4,1.928573956,3.578059288,0.415770489,Y,21.57516591,445,2.37,8.14,8.17,21,"Nil
",NA,03:20.3
3480,IGFS2014,CC425,101010101,131,132,81,1,Groundgear_A,Long,2.90E+01,V,22/11/2014 9:29,30,50.137,-9.71,50.134,-9.659,VIIjDeep,116.7,21,4.3,1.973513006,3.661434148,0.427289365,Y,21.67268708,435,3.16,7.92,8.79,16,"Nil
",NA,03:20.3
3481,IGFS2014,FG161,101010101,124,124,82,1,Groundgear_A,Long,2.90E+01,V,22/11/2014 11:59,30,50.347,-9.757,50.36,-9.709,VIIjDeep,114.2,21,4.6,1.999451992,3.709558426,0.423631572,Y,21.18573303,425,2.21,10.3,13.02,13,"Nil
",NA,03:20.3
3482,IGFS2014,FG162,101010101,125,127,83,1,Groundgear_A,Long,2.90E+01,V,22/11/2014 14:01,30,50.338,-9.4,50.361,-9.362,VIIjDeep,115.1,23,4.4,2.006687005,3.722981456,0.428515166,Y,21.36084964,425,3.89,8.04,13.16,14,"Nil
",NA,03:20.3
3483,IGFS2014,FG132,101010101,125,125,84,1,Groundgear_A,Long,3.00E+01,V,22/11/2014 16:09,30,50.518,-9.15,50.521,-9.098,VIIjDeep,114.8,21.4,4.7,1.995873957,3.702920143,0.425095232,Y,21.30245427,435,4.64,9.35,9.95,12,"Nil
",NA,03:20.3
3484,IGFS2014,FG204,101010101,46,52,85,1,Groundgear_A,Short,3.20E+01,V,23/11/2014 7:30,30,51.617,-9.796,51.598,-9.838,VIIjCoast,78.5,19.5,4.9,1.938505819,3.59648575,0.282324131,Y,22.39985033,230,1.91,4.92,3.37,4,"Nil
",Dog-leg on tow,03:20.3
3485,IGFS2014,FG9,101010101,49,42,86,1,Groundgear_A,Short,3.10E+01,V,23/11/2014 9:56,30,51.446,-9.69,51.459,-9.634,VIIjCoast,77.2,19.1,4.7,2.238316527,4.152720829,0.320590048,Y,22.00931215,230,1.69,4.26,3.79,3,"Nil
","Symmetry sensor taken off for a camera tow. No speed, distance or angle recorded",03:20.3
3486,IGFS2014,FG56,101010101,60,58,87,1,Groundgear_A,Short,3.10E+01,V,23/11/2014 11:48,30,51.413,-9.413,51.424,-9.363,VIIjCoast,78,19.2,4.9,1.987420446,3.687236449,0.287604443,Y,22.24951462,255,1.98,4.24,4.01,6,"Nil
",NA,03:20.3
3487,IGFS2014,FG199,101010101,113,110,88,1,Groundgear_A,Long,3.10E+01,V,23/11/2014 13:41,30,51.288,-9.223,51.257,-9.238,VIIjMedium,110.6,22.9,4.2,1.942673165,3.604217374,0.398626442,Y,20.48731511,405,3.71,4.51,12.46,3,"Nil
",NA,03:20.3
3488,IGFS2014,FG34,101010101,114,115,89,1,Groundgear_A,Long,3.10E+01,V,23/11/2014 15:29,30,51.117,-9.318,51.117,-9.369,VIIjMedium,113.8,20.6,4.4,1.924806829,3.571070183,0.406387787,Y,21.10797008,400,4.2,10.96,4.43,3,"Nil
",NA,03:20.3
3489,IGFS2014,MB20,101010101,119,120,90,1,Groundgear_A,Long,3.10E+01,V,23/11/2014 17:11,20,51.115,-9.591,51.109,-9.625,VIIjMedium,112.4,20.6,4.4,1.332821736,2.472767599,0.277939078,Y,20.83611905,410,4.92,9.95,8.17,5,"Nil
",20 minute tow. Logged distance is too far.,03:20.3
3490,IGFS2014,FG181,101010101,108,105,91,1,Groundgear_A,Long,3.10E+02,V,24/11/2014 7:36,30,51.076,-8.647,51.094,-8.604,VIIgMedium,112.4,20.9,4.4,1.949962959,3.617742039,0.406634205,Y,20.83611905,385,1.83,3.63,7.19,12,"Nil
",NA,03:20.3
3491,IGFS2014,64,101010101,98,99,92,1,Groundgear_A,Long,3.10E+02,V,24/11/2014 9:32,30,51.261,-8.693,51.262,-8.747,VIIgMedium,109.4,21,4.8,2.032552032,3.770968519,0.412543956,Y,20.25522006,365,1.6,5.04,2.14,17,"Nil
",NA,03:20.3
3492,IGFS2014,FG182,101010101,67,54,93,1,Groundgear_A,Short,3.10E+02,V,24/11/2014 11:50,30,51.492,-8.9,51.519,-8.868,VIIgCoast,82.4,20.1,4.5,2.013893732,3.736352008,0.307875405,Y,23.57817848,285,1.46,3.27,4.33,16,"Nil
",NA,03:20.3
3493,IGFS2014,FG183,101010101,89,88,94,1,Groundgear_A,Long,3.10E+02,V,24/11/2014 14:04,30,51.444,-8.556,51.459,-8.508,VIIgMedium,103.4,19.7,4.9,2.010875674,3.730752642,0.385759823,Y,19.09983574,337,2.23,5.02,3.91,13,"Nil
",NA,03:20.3
3494,IGFS2014,53A,101010101,70,57,95,1,Groundgear_A,Short,3.20E+02,V,24/11/2014 16:05,30,51.609,-8.252,51.642,-8.257,VIIgCoast,83.2,20.2,4.6,1.987766169,3.687877864,0.306831438,Y,23.82118011,298,2.03,2.6,6.94,13,"Nil
",NA,03:20.3
3495,IGFS2014,FG18,101010101,85,84,96,1,Groundgear_A,Long,3.20E+03,V,26/11/2014 7:30,30,51.619,-7.848,51.632,-7.799,VIIgMedium,104.7,19.8,6.3,1.98817555,3.688637384,0.386200334,Y,19.34946716,324,1.7,3.94,2.6,2,"Nil
",NA,03:20.3
3496,IGFS2014,CN204,101010101,78,77,97,1,Groundgear_A,Short,3.20E+03,V,26/11/2014 9:43,30,51.62,-7.444,51.637,-7.405,VIIgCoast,82.37123509,20.4,4.6,1.777106634,3.297043848,0.271581574,N,999,311,1.76,3.82,3.88,4,"Nil
",NA,03:20.3
3497,IGFS2014,FG176,101010101,80,81,98,1,Groundgear_A,Short,3.10E+03,V,26/11/2014 11:39,30,51.49,-7.497,51.482,-7.551,VIIgCoast,83.7,20.8,4.8,2.077894547,3.855091925,0.322671194,Y,23.97328718,311,1.65,4.68,2.21,2,"Nil
",NA,03:20.3
3498,IGFS2014,FG15,101010101,86,86,99,1,Groundgear_A,Long,3.10E+03,V,26/11/2014 13:49,30,51.348,-7.464,51.328,-7.423,VIIgMedium,105.4,20.3,4.7,1.951918036,3.62136927,0.381692321,Y,19.4840421,324,2.17,3.17,6.62,4,"Nil
",NA,03:20.3
3499,IGFS2014,FG23,101010101,106,104,100,1,Groundgear_A,Long,3.10E+03,V,26/11/2014 15:56,30,51.175,-7.419,51.152,-7.455,VIIgMedium,107.8,21.6,4.3,1.935064133,3.590100432,0.387012827,Y,19.94629796,378,2.41,6.23,5.82,3,"Nil
",NA,03:20.3
3500,IGFS2014,FG168,101010101,91,91,101,1,Groundgear_A,Long,3.10E+03,V,27/11/2014 7:33,30,51.289,-7.248,51.297,-7.196,VIIgMedium,106.3,20.9,4.6,2.013078902,3.734840263,0.39701352,Y,19.65723164,336,1.96,4.85,3.24,13,"Nil
",NA,03:20.3
3501,IGFS2014,FG201,101010101,82,79,102,1,Groundgear_A,Short,3.20E+03,V,27/11/2014 9:51,30,51.5,-7.24,51.501,-7.187,VIIgCoast,84.9,20.9,4.5,1.984591771,3.681988443,0.312600819,Y,24.33908091,324,2.06,4.47,6.08,20,"Nil
",NA,03:20.3
3502,IGFS2014,FG208,101010101,75,74,103,1,Groundgear_A,Short,3.20E+03,V,27/11/2014 11:28,30,51.598,-7.037,51.623,-6.995,VIIgCoast,83,20.4,4.6,2.169539941,4.025120484,0.334085,Y,23.76038723,300,1.39,4.43,4.94,13,"Nil
",NA,03:20.3
3503,IGFS2014,FG46,101010101,72,70,104,1,Groundgear_A,Short,3.20E+03,V,27/11/2014 13:34,30,51.805,-7.086,51.833,-7.065,VIIgCoast,82.1,20.2,4.6,1.851721495,3.435475872,0.282052569,Y,23.48716898,300,2.01,6.62,5.99,21,"Nil
",NA,03:20.3
3504,IGFS2014,FG177,101010101,48,43,105,1,Groundgear_A,Short,3.30E+03,V,27/11/2014 16:19,30,52.033,-7.366,52.029,-7.419,VIIgCoast,77,19.3,4.8,1.975191476,3.664548193,0.282170211,Y,21.94932527,220,1.94,5.93,3.86,22,"Nil
",NA,03:20.3
3505,IGFS2014,MB32,101010101,72,70,106,1,Groundgear_A,Short,3.10E+05,V,28/11/2014 7:30,30,51.481,-5.535,51.465,-5.494,VIIgCoast,84.4,21.2,5.1,1.810603166,3.359189547,0.283515598,Y,24.18653948,298,2.87,11,5.46,32,"Nil
",NA,03:20.3
3506,IGFS2014,CN203,101010101,68,71,107,1,Groundgear_A,Short,3.10E+05,V,28/11/2014 9:49,30,51.457,-5.266,51.426,-5.266,VIIgCoast,78.9,19.4,4.4,1.858988536,3.448958323,0.272122812,Y,22.520236,273,2.54,7.24,8.75,31,"Nil
",NA,03:20.3
3507,IGFS2014,44,101010101,77,75,108,1,Groundgear_A,Short,3.10E+05,V,28/11/2014 12:25,30,51.251,-5.503,51.28,-5.531,VIIgCoast,83.5,20.5,4.7,2.033151374,3.772080472,0.314968719,Y,23.91242287,300,3.27,5.63,10.39,21,"Nil
",NA,03:20.3
3508,IGFS2014,FG165,101010101,85,83,109,1,Groundgear_A,Long,3.10E+05,V,28/11/2014 16:21,30,51.302,-5.815,51.335,-5.811,VIIgMedium,105.5,19.6,4.6,1.984581675,3.681969713,0.388447805,Y,19.50327621,324,3.7,6.05,10.4,18,"Nil
",NA,03:20.3
3509,IGFS2014,FG136,101010101,86,88,110,1,Groundgear_A,Long,3.20E+05,V,29/11/2014 7:33,30,51.49,-5.78,51.514,-5.817,VIIgMedium,106.8,20.5,4.2,1.997257139,3.705486344,0.395745942,Y,19.7535288,324,3,3.28,9.81,12,"Nil
",peaky ground-trawl heights,03:20.3
3510,IGFS2014,FG139,101010101,115,113,111,1,Groundgear_A,Long,3.20E+04,V,29/11/2014 10:01,30,51.598,-6.203,51.626,-6.181,VIIgMedium,111.6,21,4.8,1.869278852,3.468049818,0.38703436,Y,20.68099618,402,1.77,4.4,6.29,4,"Nil
",NA,03:20.3
3511,IGFS2014,40,101010101,117,115,112,1,Groundgear_A,Long,3.20E+05,V,29/11/2014 12:47,30,51.754,-5.858,51.732,-5.898,VIIgMedium,112.1,20.6,4.2,1.989545028,3.69117816,0.413781072,Y,20.77792931,415,1.45,4.68,5.56,6,"Nil
",NA,03:20.3
3512,IGFS2014,FG25,101010101,76,79,113,1,Groundgear_A,Long,3.30E+04,V,29/11/2014 15:56,30,52.006,-6.258,52.017,-6.209,VIIgCoast,105.1201268,19.9,4.7,1.929662011,3.580077943,0.376338247,N,999,298,2.01,2.65,4.34,2,"Nil
",NA,03:20.3
3513,IGFS2014,33A,101010101,56,51,114,1,Groundgear_A,Short,3.20E+04,V,30/11/2014 7:27,30,51.977,-6.74,52.007,-6.757,VIIgCoast,71.8,17.9,4.8,1.906106656,3.536375986,0.253911796,Y,20.39826649,259,1.12,2.32,5.33,8,"Nil
","Big Lift of mackerel about 7 tonnes, took in .75 tonne but slipped the rest.",03:20.3
3514,IGFS2014,FG167,101010101,71,69,115,1,Groundgear_A,Short,3.20E+04,V,30/11/2014 9:53,30,51.856,-6.612,51.826,-6.593,VIIgCoast,80.2,19.9,4.7,1.932641414,3.585605592,0.287565568,Y,22.91221859,298,1.37,1.78,5.43,8,"Nil
",NA,03:20.3
3515,IGFS2014,110,101010101,77,79,116,1,Groundgear_A,Short,3.20E+04,V,30/11/2014 11:57,30,51.617,-6.524,51.586,-6.503,VIIgCoast,80.8,20,4.6,2.017690775,3.743396614,0.302466446,Y,23.09351533,305,1.75,2.19,4.05,9,"Nil
",NA,03:20.3
3516,IGFS2014,111,101010101,114,118,117,1,Groundgear_A,Long,3.10E+04,V,30/11/2014 14:04,30,51.412,-6.36,51.382,-6.377,VIIgMedium,108.3,20.5,4.5,1.908693337,3.541175022,0.383509255,Y,20.04277072,400,1.26,2.74,3.38,8,"Nil
",NA,03:20.3
3517,IGFS2014,CN308,101010101,109,111,118,1,Groundgear_A,Short,3.10E+04,A,30/11/2014 16:22,30,51.449,-6.135,51.479,-6.121,VIIgMedium,87.1,20.8,4,1.873902042,3.476627166,0.302814226,Y,15.99973509,390,1.5,2.3,7.87,10,"Nil
","Tow done with short bridles as changing over net from lower drum and discoverd short bridles on it. too late to change and not near any coastal strata
",03:20.3
3518,IGFS2014,113,101010101,83,85,119,1,Groundgear_A,Long,3.10E+05,V,01/12/2014 7:23,30,51.06,-5.786,51.09,-5.805,VIIgMedium,105,19.4,NA,1.936804807,3.593329883,0.377299638,Y,19.40712849,324,1.82,2.07,6.01,6,"sounder nout working
",NA,03:20.3
3519,IGFS2014,CN304,101010101,105,103,120,1,Groundgear_A,Long,3.10E+04,V,01/12/2014 9:46,30,51.179,-6.133,51.148,-6.147,VIIgMedium,99.6,22.8,3.5,1.932390156,3.585139435,0.357079888,Y,18.37227666,378,1.39,3.37,3.76,6,"trawl eye bit low
",NA,03:20.3
3520,IGFS2014,112,101010101,112,109,121,1,Groundgear_A,Long,3.10E+04,V,01/12/2014 11:44,30,51.218,-6.336,51.25,-6.331,VIIgMedium,109.8,22.3,3.9,1.928097454,3.57717524,0.392773841,Y,20.33254632,390,1.51,1.95,5.82,2,"Nil
",NA,03:20.3
3521,IGFS2014,FG39,101010101,109,108,122,1,Groundgear_A,Long,3.10E+04,V,01/12/2014 14:00,20,51.214,-6.602,51.197,-6.625,VIIgMedium,109.3,19.6,4.1,1.337840624,2.482079079,0.271291243,Y,20.23589452,391,1.2,3.38,2.76,7,"Nil
",NA,03:20.3
3522,IGFS2014,FG40,101010101,84,85,123,1,Groundgear_A,Long,3.10E+04,V,01/12/2014 16:08,30,51.365,-6.667,51.364,-6.72,VIIgMedium,104.6,19.6,4.4,1.990487567,3.69292684,0.386280147,Y,19.33025124,324,1.2,3.56,1.61,9,"Nil
",NA,03:20.3
3523,IGFS2014,CC307,101010101,103,106,124,1,Groundgear_A,Long,3.00E+03,I,02/12/2014 7:30,30,50.646,-7.294,50.651,-7.344,VIIgMedium,117,22.4,4.1,1.929517972,3.579810708,0.418837853,Y,21.73123144,378,2.57,10.61,3.04,20,"Stone through net probably, all scanmar gear showed good readings",NA,03:20.3
3524,IGFS2014,MB30,101010101,113,108,125,1,Groundgear_A,Long,3.00E+03,V,02/12/2014 11:40,30,50.618,-7.606,50.649,-7.617,VIIgMedium,117,21.3,4.1,1.905474894,3.535203885,0.413618855,Y,21.73123144,400,4.57,10.96,11.56,22,"Nil
",NA,03:20.3
3525,IGFS2014,FG53,101010101,113,109,126,1,Groundgear_A,Long,3.00E+03,V,02/12/2014 13:56,30,50.724,-7.84,50.705,-7.882,VIIgMedium,114.6,20.7,4,1.963221804,3.642341009,0.41741228,Y,21.26353692,400,3.46,10.57,7.38,19,"Nil
",NA,03:20.3
3526,IGFS2014,FG133,101010101,120,118,127,1,Groundgear_A,Long,3.00E+02,V,02/12/2014 16:03,30,50.54,-8.025,50.517,-8.069,VIIgMedium,116.1,21.4,4.2,2.174762366,4.034809584,0.468441393,Y,21.55566956,415,3.81,14,5.63,19,"Nil
",NA,03:20.3
3527,IGFS2014,FG36A,101010101,113,122,128,1,Groundgear_A,Long,3.10E+03,V,03/12/2014 7:28,30,51.042,-7.607,51.018,-7.641,VIIgMedium,111.9,21.4,4,1.929728708,3.580201684,0.400624568,Y,20.73914861,402,1.93,5.13,5.65,14,"Nil
",Stick to FG36 for future. gear prob left on ground of FG36A- doors readings dodgy at start of tow,03:20.3
3528,IGFS2014,FG35,101010101,112,113,129,1,Groundgear_A,Long,3.00E+03,V,03/12/2014 9:06,27,50.907,-7.751,50.885,-7.784,VIIgMedium,109.6,20.4,4.2,1.818287464,3.37344613,0.369729696,Y,20.29387837,378,2.24,5.12,6.06,13,"Nil
",NA,03:20.3
3529,IGFS2014,FG140,101010101,100,100,130,1,Groundgear_A,Long,3.10E+02,V,03/12/2014 11:32,30,51.035,-8.067,51.022,-8.114,VIIgMedium,111.5,20.2,3.9,1.940667915,3.60049706,0.401455422,Y,20.66161699,378,2.18,6.33,4.28,14,"Nil
",NA,03:20.3
3530,IGFS2014,FG133,101010101,116,115,131,1,Groundgear_A,Long,3.00E+02,V,03/12/2014 14:22,30,50.755,-8.204,50.738,-8.248,VIIgMedium,113.9,20.7,3.9,1.959805876,3.636003481,0.414140796,Y,21.12740699,415,3.57,5.56,7.44,15,"Nil
",NA,03:20.3
3531,IGFS2014,FG14,101010101,123,122,132,1,Groundgear_A,Long,3.00E+02,V,03/12/2014 16:10,29,50.637,-8.213,50.619,-8.253,VIIgMedium,115.8,21.4,4.1,1.868703572,3.466982508,0.401476574,Y,21.49719622,427,2.2,5.85,8.95,12,"Nil
",NA,03:20.3
3532,IGFS2014,FG66,101010101,128,128,133,1,Groundgear_A,Long,31D9,V,04/12/2014 7:41,30,51.065,-10.236,51.032,-10.233,VIIjDeep,115.1,20.6,4,1.982035859,3.677246491,0.423251071,Y,21.36084964,450,4.55,7.1,17.34,4,"Nil
",NA,03:20.3
3533,IGFS2014,FG131,101010101,129,128,134,1,Groundgear_A,Long,30D9,V,04/12/2014 9:50,30,50.927,-9.998,50.903,-10.03,VIIjDeep,115.1,20.8,4.1,1.882097752,3.491832563,0.401909928,Y,21.36084964,438,4.12,5.43,12.99,4,"Nil
",NA,03:20.3
3534,IGFS2014,84,101010101,119,121,135,1,Groundgear_A,Long,3.00E+01,V,04/12/2014 11:52,30,50.747,-9.936,50.753,-9.885,VIIjDeep,116,21.2,4.1,1.97309083,3.660650891,0.424635503,Y,21.53617584,427,4.13,7.26,11.17,7,"Bridge QC was not logging data. info taken mid tow
",NA,03:20.3
3535,IGFS2014,FG163,101010101,120,121,136,1,Groundgear_A,Long,3.00E+01,V,04/12/2014 13:51,30,50.833,-9.59,50.836,-9.537,VIIjDeep,114.3,20.9,4.2,2.020486076,3.748582702,0.428463003,Y,21.20518016,427,3.72,5.11,9.46,6,"Nil
",NA,03:20.3
3536,IGFS2014,FG55,101010101,129,127,137,1,Groundgear_A,Long,3.00E+01,V,04/12/2014 16:09,30,50.609,-9.45,50.588,-9.49,VIIjMedium,118.1,22.2,3.9,1.978780923,3.671207649,0.433569623,Y,21.94609885,428,4.51,7.43,10.03,3,"Nil
",NA,03:20.3
3537,IGFS2014,85,101010101,119,119,138,1,Groundgear_A,Long,3.00E+01,V,05/12/2014 7:29,30,50.75,-9.272,50.755,-9.222,VIIjMedium,115.8,20.5,3.9,1.925358969,3.572094562,0.41364855,Y,21.49719622,427,4.4,8.06,12.7,19,"Nil
",NA,03:20.3
3538,IGFS2014,CC321,101010101,115,118,139,1,Groundgear_A,Long,3.00E+01,V,05/12/2014 9:43,30,50.904,-9.11,50.877,-9.08,VIIjMedium,116.7,21.7,3.9,1.978777796,3.671201847,0.428429256,Y,21.67268708,415,3.99,7.46,11.1,17,"Nil
",NA,03:20.3
3539,IGFS2014,FG11,101010101,113,117,140,1,Groundgear_A,Long,3.00E+02,V,05/12/2014 11:33,30,50.876,-8.892,50.844,-8.892,VIIgMedium,116.3,22,3.8,1.918764069,3.559859126,0.414011616,Y,21.59466489,402,5.28,5.14,15.3,16,"Nil
",NA,03:20.3
3540,IGFS2014,CC306,101010101,121,124,141,1,Groundgear_A,Long,3.00E+02,V,05/12/2014 13:50,30,50.625,-8.909,50.6,-8.874,VIIgMedium,116.1,21.1,3.9,2.007456818,3.724409681,0.432403964,Y,21.55566956,427,5.91,9.52,14.35,19,"Nil
",NA,03:20.3
3541,IGFS2014,FG12,101010101,121,124,142,1,Groundgear_A,Long,3.00E+02,V,05/12/2014 15:49,30,50.558,-8.613,50.589,-8.594,VIIgMedium,116.2,21.1,3.9,1.995270769,3.701801055,0.430149283,Y,21.57516591,427,7.74,6.66,19.58,21,"Nil
",NA,03:20.3
3542,IGFS2014,62A,101010101,114,111,143,1,Groundgear_A,Long,3.00E+02,V,06/12/2014 7:38,30,50.706,-8.494,50.729,-8.462,VIIgMedium,115.6,20.9,3.8,1.840010968,3.413749476,0.394629439,Y,21.45822706,427,3.93,4.34,12.78,20,"Nil
",NA,03:20.3
3543,IGFS2014,VMS1,101010101,115,111,144,1,Groundgear_A,Long,3.00E+02,V,06/12/2014 9:42,30,50.884,-8.493,50.904,-8.453,VIIgMedium,114.5,20.9,3.7,1.933694067,3.587558566,0.410775456,Y,21.2440821,402,2.49,5.48,8.87,14,"Nil
",NA,03:20.3
3544,IGFS2014,FG16,101010101,105,103,145,1,Groundgear_A,Long,3.10E+02,V,06/12/2014 11:58,30,51.092,-8.262,51.109,-8.216,VIIgMedium,110.6,20.1,4,2.013787045,3.736154072,0.41321864,Y,20.48731511,378,1.97,5.94,5.87,16,"Nil
",NA,03:20.3
3545,IGFS2014,FG37,101010101,86,82,146,1,Groundgear_A,Long,3.10E+03,V,07/12/2014 7:33,31,51.359,-7.754,51.334,-7.785,VIIgMedium,108.2,20.2,4.2,1.898100078,3.52152148,0.381028624,Y,20.02347144,336,2.96,11.17,4.05,25,"Nil
",NA,03:20.3
3546,IGFS2014,FG51,101010101,86,85,147,1,Groundgear_A,Long,3.10E+02,V,07/12/2014 10:10,30,51.347,-8.102,51.353,-8.154,VIIgMedium,110.1,20.8,4.3,1.985532781,3.683734288,0.405579145,Y,20.3905664,348,3,10.48,4.73,20.6,"Nil
",NA,03:20.3
3547,IGFS2014,FG185,101010101,89,91,148,1,Groundgear_A,Long,3.10E+02,V,07/12/2014 12:38,30,51.3,-8.511,51.317,-8.554,VIIgMedium,112.9,20.6,4.1,1.910808795,3.545099805,0.400241768,Y,20.933152,364,4.09,9.79,5.94,22,"Nil
",NA,03:20.3
3548,IGFS2014,FG180,101010101,98,103,149,1,Groundgear_A,Long,3.10E+02,V,07/12/2014 15:15,30,51.189,-8.844,51.178,-8.891,VIIgMedium,115.9,20.8,3.9,1.890124481,3.506724455,0.406429364,Y,21.51668472,390,4.2,12.69,5.14,24,"Nil
",NA,03:20.3
3549,IGFS2014,FG4,101010101,157,157,150,1,Groundgear_A,Long,31D9,V,08/12/2014 8:08,31,51.458,-10.796,51.485,-10.824,VIIjDeep,122.8,21.5,3.8,1.929051528,3.578945321,0.439494485,Y,22.8678876,528,7.79,16.94,10.31,26,"Nil
",NA,03:20.3
3550,IGFS2014,FG170,101010101,123,122,151,1,Groundgear_A,Long,31D9,V,08/12/2014 10:59,30,51.454,-10.416,51.474,-10.457,VIIjDeep,119.8,21.4,3.8,1.948601852,3.615216794,0.433102972,Y,22.27880787,450,4.77,14.6,7.92,16,"Nil
",NA,03:20.3
3551,IGFS2014,43,101010101,81,79,152,1,Groundgear_A,Long,32D9,V,08/12/2014 13:34,30,51.669,-10.494,51.669,-10.447,VIIjMedium,108.2,20.1,4.4,1.752622725,3.251619155,0.351825193,Y,20.02347144,347,4.62,9.31,17.25,21,"Nil
",NA,03:20.3
3552,IGFS2014,71,101010101,56,51,153,1,Groundgear_A,Short,33D9,V,08/12/2014 16:38,30,51.999,-10.371,52.018,-10.329,VIIjMedium,80.9,19.5,4.3,1.927360306,3.575807617,0.289282836,Y,14.83359819,274,2.79,6.59,9.47,12,"Nil
",NA,03:20.3
3553,IGFS2014,FG203,101010101,160,160,156,1,Groundgear_A,Long,31D9,V,09/12/2014 8:03,30,51.219,-10.748,51.25,-10.728,VIIjDeep,122.8,21.7,3.8,2.005608723,3.720980933,0.456936459,Y,22.8678876,525,4.93,10.89,14.79,30,"Nil
",NA,03:20.3
3554,IGFS2014,FG129,101010101,150,150,157,1,Groundgear_A,Long,31D9,V,09/12/2014 10:06,31,51.137,-10.537,51.107,-10.519,VIIjDeep,119.8,21.4,4.1,1.922896254,3.567525518,0.427389557,Y,22.27880787,498,4.62,10.61,14.49,23,"Nil
",NA,03:20.3
3555,IGFS2014,FG128,101010101,124,125,158,1,Groundgear_A,Long,31D9,V,09/12/2014 12:32,30,51.294,-10.308,51.312,-10.35,VIIjDeep,116.7,21.1,4.2,1.91247661,3.548194083,0.414074249,Y,21.67268708,435,4.79,14.85,10.12,33,"Nil
",NA,03:20.3
3556,IGFS2014,FG33,101010101,65,65,159,1,Groundgear_A,Short,31D9,V,09/12/2014 14:54,29,51.491,-10.076,51.511,-10.037,VIIjCoast,84.2,20.3,4.8,1.889211734,3.505031047,0.295123614,Y,24.12557402,296,4.5,13.29,16.78,32,"Nil
",NA,03:20.3
3557,IGFS2014,FG223,101010101,32,36,160,1,Groundgear_A,Short,3.20E+01,V,11/12/2014 12:15,30,51.672,-9.617,51.657,-9.661,VIIjCoast,65.8,19.4,4.6,1.87130585,3.471810482,0.22844513,Y,18.62769995,205,1.49,8.99,2.79,27,"Nil
",NA,03:20.3
3558,IGFS2014,DS1,101010101,142,140,163,1,Groundgear_A,Long,32D9,V,12/12/2014 14:50,30,51.962,-10.969,51.993,-10.99,VIIjDeep,119.7,21.1,3.8,2.015285878,3.738934838,0.4475505,Y,22.25921496,474,7.09,12,11.75,17,"Nil
",NA,03:20.3
3559,IGFS2014,FG121,101010101,178,177,164,1,Groundgear_A,Long,34D8,V,13/12/2014 8:07,21,52.786,-11.837,52.81,-11.833,VIIbDeep,122.1,21.4,4,1.446876563,2.684372101,0.327761834,Y,22.73020971,566,7.81,12.77,10.2,17,"Nil
",NA,03:20.3
3560,IGFS2014,90,101010101,140,138,165,1,Groundgear_A,Long,34D8,V,13/12/2014 10:27,36,52.753,-11.494,52.726,-11.528,VIIbDeep,118.1,21.4,4.1,2.03831572,3.781661817,0.446614261,Y,21.94609885,475,5.8,10.11,19.29,17,"Nil
",NA,03:20.3
3561,IGFS2014,FG213,101010101,131,133,166,1,Groundgear_A,Long,34D8,I,13/12/2014 12:55,30,52.516,-11.328,52.483,-11.33,VIIbDeep,119.6,22.5,3.9,1.980634332,3.674646256,0.439487692,Y,22.23962478,461,5.9,8.29,19.6,16,Rock caused damage to net belly and wings back to cod end,NA,03:20.3
3562,IGFS2014,48,101010101,117,114,167,1,Groundgear_A,Long,34D9,V,13/12/2014 16:24,27,52.664,-10.745,52.649,-10.699,VIIbMedium,112.5,21.1,4.5,1.903786965,3.532072291,0.397358133,Y,20.85552063,429,4.86,11.81,16.51,17,"Nil
",NA,03:20.3
3563,IGFS2014,50,101010101,129,127,168,1,Groundgear_A,Long,34D8,V,14/12/2014 8:09,25,52.856,-11.04,52.88,-11.053,VIIjDeep,109.3,19.9,4.5,1.514928678,2.810628344,0.307201678,Y,20.23589452,448,6.39,13.76,10.5,25,"Nil
",NA,03:20.3
3564,IGFS2014,FG120,101010101,129,133,169,1,Groundgear_A,Long,35D8,V,14/12/2014 11:13,30,52.989,-11.238,53.023,-11.234,VIIjDeep,115.7,21.2,4.4,2.04456314,3.793252579,0.438879323,Y,21.47771034,445,8.92,15.83,20.75,28,"Nil
",NA,03:20.3
3565,IGFS2014,MB12,101010101,127,123,170,1,Groundgear_A,Long,35D9,V,14/12/2014 13:30,22,53.089,-10.977,53.077,-10.939,VIIbDeep,115.1,21.1,4.4,1.54977075,2.875270409,0.330943624,Y,21.36084964,448,7.52,26.19,15.07,25,"Nil
",NA,03:20.3
3566,IGFS2014,MB13,101010101,133,126,171,1,Groundgear_A,Long,35D9,V,14/12/2014 16:13,29,53.253,-10.989,53.284,-10.972,VIIbDeep,115.2,21.1,4.3,1.957483963,3.631695663,0.41837134,Y,21.38031994,460,6.99,15.34,19.83,25,"Nil
",NA,03:20.3
3567,IGFS2014,52,101010101,118,115,172,1,Groundgear_A,Long,35D9,V,15/12/2014 8:03,30,53.152,-10.738,53.174,-10.701,VIIbMedium,111.4,20.6,4.6,1.876362073,3.48119123,0.387804703,Y,20.64224027,438,6.74,10.32,20.74,12,"Nil
",NA,03:20.3
3568,IGFS2014,53,101010101,104,108,173,1,Groundgear_A,Long,34D9,V,15/12/2014 10:57,31,52.9,-10.435,52.921,-10.394,VIIbMedium,110.9,20.4,4.4,1.948599412,3.615212268,0.400927041,Y,20.54539364,402,6.8,7.97,26.22,10,"Nil
",NA,03:20.3
3569,IGFS2014,56A,101010101,102,105,174,1,Groundgear_A,Long,35D9,V,15/12/2014 13:03,30,53.063,-10.197,53.085,-10.191,VIIbMedium,115.7,22.8,4.1,1.337331119,2.481133802,0.287067181,Y,21.47771034,338,6.99,12.13,14.46,10,"Nil
",NA,03:20.3
3570,IGFS2014,58,101010101,88,84,175,1,Groundgear_A,Short,3.50E+01,V,15/12/2014 15:13,30,53.123,-9.937,53.103,-9.893,VIIbCoast,83.3,20.4,4.5,1.990278356,3.692538693,0.307588473,Y,23.85158722,335,4.94,8.29,8.92,14,"Nil
",NA,03:20.3
3571,IGFS2014,68,101010101,17,23,179,1,Groundgear_A,Short,3.40E+01,V,16/12/2014 8:04,30,52.553,-9.765,52.544,-9.815,VIIbCoast,69.9,17.8,4.9,1.906196383,3.536542454,0.247204318,Y,19.83547387,178,1.12,4.96,2.57,6,"Nil
",NA,03:20.3
3572,IGFS2014,MB17,101010101,86,83,180,1,Groundgear_A,Long,34D9,V,16/12/2014 10:21,30,52.578,-10.113,52.588,-10.062,VIIbMedium,105.9,20,4.5,1.957424953,3.631586184,0.384584977,Y,19.58023553,349,4.25,7.15,13.5,13,"Nil
",NA,03:20.3
3573,IGFS2014,66,101010101,48,55,181,1,Groundgear_A,Short,3.40E+01,V,16/12/2014 13:04,30,52.77,-9.623,52.802,-9.609,VIIbCoast,77.9,19.3,4.6,1.985770192,3.684174753,0.286997213,Y,22.21946688,247,3.01,6.8,9.54,13,"Nil
",NA,03:20.3
3574,IGFS2014,FG206,101010101,89,94,182,1,Groundgear_A,Long,3.40E+01,V,16/12/2014 15:15,32,52.908,-9.878,52.925,-9.925,VIIbMedium,109,21.6,4.2,1.98585879,3.684339128,0.401592965,Y,20.17793229,349,2.94,8.42,6.39,21,"Nil
",NA,03:20.3
3575,IGFS2015,FG150,101020101,121,121,1,1,Groundgear_D,Long,38D9,V,20/09/2015 7:06,35,54.546,-10.303,54.581,-10.27,VIaMedium,107.9,19.7,4.2,2.394516555,4.442516799,0.479347563,Y,19.96558778,415,2.48,8.74,17.07,22,"Nil
","First tow, all fine so set as valid. Tow extended due to burst hydraulic hose.",03:20.3
3576,IGFS2015,GD11,101020101,142,212,2,1,Groundgear_D,Long,38D9,V,20/09/2015 9:45,30,54.831,-10.318,54.862,-10.287,VIaDeep,117,22.2,4.3,2.147535273,3.984295497,0.466162573,Y,21.73123144,609,2.82,9.32,13.32,17,"Nil
",Big haul boarfish,03:20.3
3577,IGFS2015,FG108,101020101,230,232,3,1,Groundgear_D,Long,39D9,V,20/09/2015 12:14,30,55.074,-10.075,55.104,-10.047,VIaDeep,116,22.1,4.2,2.041837951,3.78819657,0.439430802,Y,21.53617584,691,2.1,7.92,7.94,12,"Nil
",NA,03:20.3
3578,IGFS2015,FG109,101020101,247,240,4,1,Groundgear_D,Long,3.90E+01,V,20/09/2015 14:56,30,55.33,-9.862,55.356,-9.827,VIaSlope,116,21.7,4,1.966415161,3.648265605,0.42319881,Y,21.53617584,745,2.2,7.68,9.12,12,"Nil
",NA,03:20.3
3579,IGFS2015,R213,101020101,107,109,5,1,Groundgear_D,Long,4.00E+01,V,21/09/2015 4:58,30,55.581,-9.165,55.614,-9.166,VIaMedium,108.8,21.2,4.3,1.980598152,3.674579131,0.39979421,Y,20.13930278,402,3.71,6.72,18.5,18,"Nil
",NA,03:20.3
3580,IGFS2015,SC544,101020101,133,136,6,1,Groundgear_D,Long,4.00E+02,V,21/09/2015 7:35,31,55.789,-8.991,55.826,-8.992,VIaDeep,109.6,21.1,4.2,2.220677482,4.119995329,0.451551488,Y,20.29387837,438,3.74,4.59,19.46,13,"Nil
",Missed start of tow due to PC probs. Mostly BOF 1/2 hopper,03:20.3
3581,IGFS2015,MB23,101020101,133,132,7,1,Groundgear_D,Long,4.10E+02,V,21/09/2015 9:48,30,55.995,-8.812,56.008,-8.865,VIaDeep,111,21.1,4,1.945579852,3.609610115,0.400666723,Y,20.56475805,450,3.4,8.45,7.83,12,"Nil
",NA,03:20.3
3582,IGFS2015,FG112,101020101,241,222,8,1,Groundgear_D,Long,4.10E+01,V,21/09/2015 12:24,32,56.013,-9.213,56.046,-9.198,VIaSlope,121.3,23,4,2.043586752,3.791441099,0.459901805,Y,22.57303301,718,3.61,5.23,19.2,8,"Nil
",NA,03:20.3
3583,IGFS2015,94,101020101,233,239,9,1,Groundgear_D,Long,4.10E+01,V,21/09/2015 14:19,20,56.186,-9.185,56.208,-9.177,VIaSlope,121.5,22.8,4.2,1.347192369,2.499429257,0.303680655,Y,22.61231033,691,3.71,5.24,19.83,8,"Nil
",WHB + BOF,03:20.3
3584,IGFS2015,FG106,101020101,340,323,10,1,Groundgear_D,Long,4.10E+01,V,21/09/2015 16:50,30,56.451,-9.073,56.483,-9.068,VIaSlope,125,23,4,1.927740328,3.576512668,0.447064083,Y,23.30150455,1068,3.79,5.85,16.25,8,"Nil
",Extended warp from 1018 -> 1068,03:20.3
3585,IGFS2015,2,101020101,152,143,11,1,Groundgear_D,Long,4.10E+02,V,22/09/2015 4:57,21,56.314,-8.33,56.311,-8.37,VIaDeep,111,20.7,4.1,1.346406363,2.497970989,0.27727478,Y,20.56475805,485,4.17,10.04,5.78,10,"Nil
","Alot on TEY, hauled early. Mix NOP/WHB",03:20.3
3586,IGFS2015,FG119,101020101,138,146,12,1,Groundgear_D,Long,4.10E+02,V,22/09/2015 7:38,30,56.026,-8.413,55.996,-8.385,VIaDeep,112,21.1,4.1,2.031651795,3.769298321,0.422161412,Y,20.75853772,462,5.11,6.8,11.25,12,"Nil
",NA,03:20.3
3587,IGFS2015,MMMA3,101020101,134,146,13,1,Groundgear_D,Long,4.00E+02,V,22/09/2015 10:01,31,55.815,-8.388,55.823,-8.328,VIaDeep,108,20.4,4.1,2.08327569,3.865075492,0.417428153,Y,19.98487997,440,3.54,8.46,13.63,14,"Nil
",NA,03:20.3
3588,IGFS2015,FG96,101020101,172,170,14,1,Groundgear_D,Long,4.00E+03,V,22/09/2015 12:33,21,55.923,-7.974,55.914,-7.936,VIaDeep,121,22.2,3.4,1.389856186,2.578582905,0.312008531,Y,22.51413801,527,4.49,8.88,8.22,14,"Nil
","Speed was high, didn't notice until the end of tow, few pc issues.",03:20.3
3589,IGFS2015,FG93,101020101,158,151,15,1,Groundgear_D,Long,4.10E+03,V,22/09/2015 14:30,30,56.037,-7.7,56.057,-7.652,VIaDeep,113.1,21.2,3.9,2.00999011,3.729109667,0.421762303,Y,20.97198276,499,3.13,5.74,14.79,14,"Nil
",NA,03:20.3
3590,IGFS2015,FG116,101020101,94,81,16,1,Groundgear_D,Short,4.10E+03,V,23/09/2015 5:37,30,56.052,-7.049,56.052,-6.988,VIaCoast,82.8,20.7,4.1,2.048656643,3.800847204,0.314710148,Y,23.69962274,366,1.89,7.05,9.56,19,"Nil
",NA,03:20.3
3591,IGFS2015,FG117,101020101,71,65,17,1,Groundgear_D,Short,4.10E+04,V,23/09/2015 7:31,27,56.186,-6.798,56.186,-6.746,VIaCoast,77.9,19.8,4.3,1.740336531,3.228824733,0.251525447,Y,22.21946688,286,1.74,6.95,6.48,16,"Nil
",""" buoys on tow so veered north. Lost TSP sensor signal at end of tow",03:20.3
3592,IGFS2015,SC583,101020101,78,74,18,1,Groundgear_D,Short,4.10E+04,V,23/09/2015 9:57,31,56.395,-6.771,56.368,-6.797,VIaCoast,80.4,20.1,4.1,1.83722344,3.40857781,0.274049656,Y,22.97262379,298,2.27,6.87,3.73,13,"Nil
",NA,03:20.3
3593,IGFS2015,FG142,101020101,90,93,19,1,Groundgear_D,Long,4.10E+03,V,23/09/2015 12:34,31,56.23,-7.123,56.242,-7.179,VIaMedium,101.4,19.7,4.1,2.005541242,3.720855736,0.377294772,Y,18.71651946,324,1.98,8.89,2.97,19,"Nil
",No mini-CTD collected.,03:20.3
3594,IGFS2015,FG144,101020101,151,151,20,1,Groundgear_D,Long,4.10E+03,V,23/09/2015 15:09,21,56.333,-7.575,56.338,-7.613,VIaMedium,111.1,20.9,4,1.301892045,2.415384128,0.268349177,Y,20.58412491,485,2.07,8.75,4.32,20,"Nil
",NA,03:20.3
3595,IGFS2015,MB2,101020101,108,89,21,1,Groundgear_D,Long,4.10E+03,V,24/09/2015 5:07,31,56.206,-7.762,56.184,-7.804,VIaMedium,109.8,21.6,4.1,1.928270055,3.577495463,0.392809002,Y,20.33254632,402,5.17,14,14.68,21,"Nil
",NA,03:20.3
3596,IGFS2015,SC575,101020101,111,108,22,1,Groundgear_D,Long,4.00E+03,V,24/09/2015 8:30,29,55.98,-7.278,55.98,-7.217,VIaMedium,108.2,20.6,3.9,2.052471199,3.807924301,0.412017409,Y,20.02347144,390,4.74,12.6,12.63,24,"Nil
",NA,03:20.3
3597,IGFS2015,SC573,101020101,52,57,23,1,Groundgear_D,Short,4.00E+04,V,24/09/2015 11:17,31,55.937,-6.667,55.903,-6.679,VIaCoast,80.3,20.1,3.9,2.080110586,3.859203314,0.309894026,Y,22.94241782,273,5.63,9.32,22.14,23,"Nil
",NA,03:20.3
3598,IGFS2015,mar-05,101020101,112,129,24,1,Groundgear_D,Long,4.00E+04,V,24/09/2015 14:30,30,55.586,-6.684,55.569,-6.736,VIaMedium,108.4,19.8,4,2.041014643,3.786669097,0.41047493,Y,20.06207237,390,8.07,18.57,17.84,21,"Nil
",NA,03:20.3
3599,IGFS2015,FG98,101020101,129,146,25,1,Groundgear_D,Long,3.90E+04,V,24/09/2015 17:11,31,55.297,-6.483,55.278,-6.531,VIaMedium,110.1,20.7,NA,2.000484218,3.711473503,0.408633233,Y,20.3905664,415,6.07,7.02,15.46,17,"Nil
",NA,03:20.3
3600,IGFS2015,COD1,101020101,76,71,26,1,Groundgear_D,Short,3.90E+04,V,25/09/2015 4:59,32,55.367,-6.821,55.368,-6.881,VIaCoast,81,19.4,3.8,2.051489155,3.806102328,0.308294289,Y,23.15400187,298,3.54,12.02,7.12,15,"Nil
","2 tope, 4 boxes JOD",03:20.3
3601,IGFS2015,33,101020101,72,79,27,1,Groundgear_D,Short,4.00E+03,V,25/09/2015 7:02,28,55.508,-7.03,55.528,-7.071,VIaCoast,81.6,19.8,4,1.840930614,3.415455685,0.278701184,Y,23.33562582,311,3.91,10.9,7.02,15,"Nil
",NA,03:20.3
3602,IGFS2015,FG100,101020101,54,57,28,1,Groundgear_D,Short,4.00E+03,V,25/09/2015 8:55,30,55.502,-7.375,55.503,-7.435,VIaCoast,77.8,19.9,4.8,2.044506268,3.793147066,0.295106842,Y,22.18942557,246,2.42,15.91,7.26,10,"Nil
",No TS signal so headline is an estimate based on TEY + 0.4,03:20.3
3603,IGFS2015,FG114,101020101,65,62,29,1,Groundgear_D,Short,4.00E+03,V,25/09/2015 11:04,31,55.651,-7.527,55.651,-7.585,VIaCoast,79.3,13.4,4.3,1.9680634,3.651323561,0.289549958,Y,22.64072664,273,3.94,13.39,8.77,16,"Nil
","Big haul - 4.5ton. MAC, HER, HOM, HAD",03:20.3
3604,IGFS2015,GD4,101020101,51,54,30,1,Groundgear_D,Short,4.00E+03,V,25/09/2015 14:03,30,55.772,-7.15,55.799,-7.116,VIaCoast,75,19.2,4.3,1.986772431,3.686034194,0.276452565,Y,21.35083196,233,4.51,6.37,18.7,17,"Nil
",NA,03:20.3
3605,IGFS2015,MB6,101020101,139,139,31,1,Groundgear_D,Long,4.00E+03,V,26/09/2015 5:00,16,55.856,-7.658,55.85,-7.688,VIaDeep,110.6,20.5,3.9,1.074824237,1.994108046,0.22054835,Y,20.48731511,450,1.17,8.05,4.6,13,"Nil
","Alot marked on the sounder and TEY so hauled eary after 15min


",03:20.3
3606,IGFS2015,MB25,101020101,101,101,32,1,Groundgear_D,Long,4.00E+02,V,26/09/2015 6:59,30,55.757,-8.053,55.729,-8.084,VIaMedium,105,20.3,4.1,1.981087812,3.675487592,0.385926197,Y,19.40712849,378,1.94,5.01,7.62,13,"Nil
",NA,03:20.3
3607,IGFS2015,6A,101020101,91,92,33,1,Groundgear_D,Long,4.00E+02,V,26/09/2015 9:32,30,55.661,-8.602,55.669,-8.661,VIaMedium,106.6,20,4.1,2.058058042,3.818289503,0.407029661,Y,19.71500297,336,1.4,5.84,4.3,18,"Nil
","Big catch NOP & MAC
",03:20.3
3608,IGFS2015,GD2,101020101,84,84,34,1,Groundgear_D,Long,4.00E+02,V,26/09/2015 11:41,21,55.564,-8.358,55.576,-8.319,VIaMedium,104.4,16.6,4.1,1.508990654,2.799611603,0.292279451,Y,19.29182619,311,1.19,3.56,5.45,15,"Nil
",NA,03:20.3
3609,IGFS2015,MB7,101020101,69,66,35,1,Groundgear_D,Short,4.00E+03,I,26/09/2015 14:38,30,55.545,-7.739,55.515,-7.763,VIaCoast,80.9,19.9,4.1,1.976923204,3.667761046,0.296721869,Y,23.12375519,273,1.39,4.55,5.13,15,Pot caught in footrope.,Trouble getting headline >4m and some lift off turned out to be a pot caught in footrope.,03:20.3
3610,IGFS2015,FG115,101020101,23,19,36,1,Groundgear_D,Short,3.90E+03,V,26/09/2015 16:47,20,55.258,-7.583,55.237,-7.585,VIaCoast,65.1,16.9,4.6,1.261986293,2.341347483,0.152421721,Y,18.42236606,151,0.38,1.73,4.01,5,"Nil
",NA,03:20.3
3611,IGFS2015,10,101020101,27,40,37,1,Groundgear_D,Short,3.90E+03,I,27/09/2015 4:54,28,55.209,-7.915,55.234,-7.943,VIaCoast,68.3,17.7,4.5,1.781270395,3.304768821,0.225715711,Y,19.36308757,179,1.04,3.83,1.85,16,"Big bag of MAC, had to slip","Big bag of MAC >10t, had to slip.
",03:20.3
3612,IGFS2015,10,101020101,23,29,38,1,Groundgear_D,Short,3.90E+03,V,27/09/2015 6:22,15,55.207,-7.911,55.219,-7.929,VIaCoast,66.1,17.3,4.8,0.948629074,1.759979729,0.11633466,Y,18.71577601,165,0.53,1.85,1.68,8,"Nil
",!5min repeat of previous invalid tow.,03:20.3
3613,IGFS2015,9,101020101,76,80,39,1,Groundgear_D,Short,3.90E+02,V,27/09/2015 7:59,30,55.354,-8.188,55.376,-8.234,VIaCoast,81.9,20.4,4.1,2.052980179,3.808868606,0.311946339,Y,23.42653089,298,2.21,6.28,4.7,13,"Nil
",NA,03:20.3
3614,IGFS2015,12,101020101,100,100,40,1,Groundgear_D,Long,3.90E+02,V,27/09/2015 10:15,31,55.435,-8.59,55.465,-8.615,VIaMedium,103.5,19.6,4.1,1.9919455,3.695631725,0.382497884,Y,19.11902472,366,3.43,5.67,8.49,NA,"Nil
",Very slack,03:20.3
3615,IGFS2015,MB106,101020101,97,100,41,1,Groundgear_D,Long,3.90E+02,V,27/09/2015 13:01,30,55.274,-8.696,55.272,-8.756,VIaMedium,105.1,19.8,4.1,2.058995185,3.820028173,0.401484961,Y,19.42635348,360,2.42,9.29,4.33,17,"Nil
",Very slack,03:20.3
3616,IGFS2015,GD9,101020101,104,103,42,1,Groundgear_D,Long,3.90E+01,I,27/09/2015 15:25,33,55.331,-9.122,55.298,-9.127,VIaMedium,111,21.1,4.1,1.98759377,3.687558014,0.40931894,Y,20.56475805,366,2.95,7.53,7.33,17,Short tear in the belly from footrope straight back to the first guard meshes.,Short tear in the belly.,03:20.3
3617,IGFS2015,MB44,101020101,71,70,43,1,Groundgear_D,Short,3.80E+02,V,28/09/2015 5:02,30,54.87,-8.782,54.856,-8.834,VIaCoast,79.6,19.4,4.3,1.986124068,3.684831295,0.293312571,Y,22.731164,273,1.58,4.21,2.8,21,"Nil
",NA,03:20.3
3618,IGFS2015,mar-04,101020101,NA,NA,44,1,Groundgear_D,Long,3.90E+01,V,28/09/2015 7:16,19,55.078,-9.002,55.098,-9.007,VIaMedium,100,19.5,4.1,1.212360542,2.249277443,0.224927744,Y,18.44871523,336,2.2,4.67,8.83,NA,"Pot in wing at end of tow.
","Moderate bag of NOP. Hauled early, struggling with headline height. Pot in wing.",03:20.3
3619,IGFS2015,SC546,101020101,111,106,45,1,Groundgear_D,Long,3.90E+01,V,28/09/2015 9:32,40,55.141,-9.378,55.096,-9.359,VIaMedium,110.2,20.6,3.9,2.778143339,5.154254804,0.567998879,Y,20.40991127,390,2.26,6.34,8.34,19,"Nil
",NA,03:20.3
3620,IGFS2015,FG102,101020101,111,107,46,1,Groundgear_D,Long,3.80E+01,V,28/09/2015 12:27,28,54.976,-9.707,54.945,-9.703,VIaMedium,111.1,20.8,3.9,1.865212736,3.460506004,0.384462217,Y,20.58412491,402,2.46,7.1,5.71,24,"Nil
","Hauled early. Poor headline, some lift off.",03:20.3
3621,IGFS2015,MM5,101020101,101,245,47,1,Groundgear_D,Long,3.80E+01,V,28/09/2015 15:06,29,54.714,-9.562,54.693,-9.602,VIaMedium,105.7,19.9,4.1,1.875995373,3.480510897,0.367890002,Y,19.54175128,366,1.69,6.7,2.79,19,"Nil
",NA,03:20.3
3622,IGFS2015,14,101020101,34,41,48,1,Groundgear_D,Long,3.80E+02,V,29/09/2015 5:07,22,54.585,-8.341,54.574,-8.378,VIaCoast,105.7,19.2,4.1,1.448626954,2.687619581,0.28408139,Y,30.87099436,206,0.31,1.72,1.59,7,"No readings from Marport sensors due to cannisters being mixed up - porst/starboard......easy mistake?!!!!
",NA,03:20.3
3623,IGFS2015,MB9,101020101,84,84,49,1,Groundgear_D,Short,3.80E+02,V,29/09/2015 7:14,30,54.557,-8.815,54.539,-8.862,VIaCoast,80.2,22.2,4.1,1.963104867,3.642124057,0.292098349,Y,22.91221859,311,1.26,2.23,2.66,18,"Nil
",NA,03:20.3
3624,IGFS2015,18,101020101,93,93,50,1,Groundgear_D,Long,3.80E+01,V,29/09/2015 9:42,30,54.596,-9.244,54.596,-9.302,VIaMedium,103.6,23.1,4.2,2.020635442,3.748859819,0.388381877,Y,19.13821593,336,1.84,6.58,2.15,11,"Nil
",NA,03:20.3
3625,IGFS2015,62,101010101,40,42,51,1,Groundgear_A,Long,3.50E+01,V,16/11/2015 8:16,30,53.192,-9.389,53.194,-9.444,VIIbCoast,72.1,18.4,5.2,1.985025224,3.682792623,0.265529348,Y,20.48731511,NA,1.4,7.61,3.34,27,"Small monk, sprat, trigger fish",NA,03:20.3
3626,IGFS2015,MB52,101010101,38,41,52,1,Groundgear_A,Short,3.50E+01,V,16/11/2015 9:58,30,53.138,-9.331,53.113,-9.362,VIIbCoast,71.2,18.2,5.3,1.870822186,3.470913147,0.247129016,Y,20.22032325,NA,2.53,10.08,4.85,20,"Nil
","Small whiting, sprat, nop",03:20.3
3627,IGFS2015,59,101010101,69,71,53,1,Groundgear_A,Short,3.50E+01,V,16/11/2015 12:40,30,53.029,-9.662,53.048,-9.703,VIIbCoast,79.9,19.8,5.1,1.869823942,3.469061118,0.277177983,Y,22.8216612,NA,6.77,16.38,13.32,23,"Nil
",NA,03:20.3
3628,IGFS2015,MB15,101010101,99,98,54,1,Groundgear_A,Long,3.40E+01,V,16/11/2015 14:56,30,52.964,-9.931,52.948,-9.971,VIIbMedium,110.6,20.8,4.9,1.737966784,3.22442817,0.356621756,Y,20.48731511,NA,7.03,13.91,10.03,15,"Nil
",NA,03:20.3
3629,IGFS2015,FG146,101010101,280,275,55,1,Groundgear_A,Long,35D7,V,17/11/2015 8:02,30,53.231,-12.163,53.254,-12.124,VIIbSlope,129.5,23.2,4.6,1.967980584,3.651169915,0.472826504,Y,24.19290781,860,4.93,8.85,12.41,18,"Nil
",NA,03:20.3
3630,IGFS2015,FG175,101010101,209,206,56,1,Groundgear_A,Long,35D8,V,17/11/2015 10:20,30,53.117,-11.952,53.087,-11.95,VIIbSlope,124,22.3,4.8,1.800977999,3.341332095,0.41432518,Y,23.10423247,650,5.29,12.91,16.9,33,"Nil
",NA,03:20.3
3631,IGFS2015,FG4,101010101,164,161,57,1,Groundgear_A,Long,31D9,V,18/11/2015 7:50,29,51.489,-10.829,51.463,-10.802,VIIjDeep,122.1,21.9,4.6,1.858306459,3.447692873,0.4209633,Y,22.73020971,525,7.47,12.02,25.37,22,"Nil
",NA,03:20.3
3632,IGFS2015,FG170,101010101,129,130,58,1,Groundgear_A,Long,31D9,V,18/11/2015 10:23,30,51.473,-10.455,51.453,-10.413,VIIjDeep,116.2,21.8,4.9,1.978285575,3.670288637,0.42648754,Y,21.57516591,450,5.76,10.92,20.54,31,"Nil
",NA,03:20.3
3633,IGFS2015,FG190,101010101,125,120,59,1,Groundgear_A,Long,31D9,V,18/11/2015 12:36,30,51.352,-10.29,51.375,-10.25,VIIjDeep,112.8,20.9,4.8,2.038896182,3.782738743,0.42669293,Y,20.91374039,427,6.05,15.49,20.7,30,"Nil
",NA,03:20.3
3634,IGFS2015,FG33,101010101,69,67,60,1,Groundgear_A,Short,32D9,V,18/11/2015 14:27,30,51.491,-10.077,51.513,-10.037,VIIjCoast,82.6,20.5,5,1.995436327,3.702108213,0.305794138,Y,23.63888653,286,4.24,13.59,18.8,36,"Nil
",NA,03:20.3
3635,IGFS2015,FG204,101010101,49,55,61,1,Groundgear_A,Short,3.20E+01,V,18/11/2015 16:33,31,51.619,-9.792,51.6,-9.83,VIIjCoast,80.8,20.1,5,1.819739812,3.376140654,0.272792165,Y,23.09351533,246,3.98,17.49,6.31,33,"Nil
",NA,03:20.3
3636,IGFS2015,FG160,101010101,159,159,62,1,Groundgear_A,Long,30D9,V,19/11/2015 7:46,30,50.545,-10.46,50.543,-10.407,VIIjDeep,116.4,21.4,4.8,2.028476709,3.763407623,0.438060647,Y,21.61416649,500,4.38,12.25,11.66,7,"Nil
",NA,03:20.3
3637,IGFS2015,FG54,101010101,148,140,63,1,Groundgear_A,Long,30D9,V,19/11/2015 10:09,30,50.517,-10.087,50.505,-10.039,VIIjMedium,116.8,21.4,4.7,1.971179154,3.657104182,0.427149768,Y,21.69219922,485,3.91,8.54,9.2,13,"Nil
",NA,03:20.3
3638,IGFS2015,FG211,101010101,126,114,64,1,Groundgear_A,Long,2.90E+01,V,19/11/2015 12:05,30,50.409,-9.806,50.38,-9.826,VIIjDeep,115.4,21.5,4.8,1.900209797,3.525435616,0.40683527,Y,21.4192683,438,5.42,11.64,15.22,12,"Nil
",NA,03:20.3
3639,IGFS2015,CC425,101010101,131,133,65,1,Groundgear_A,Long,2.90E+01,V,19/11/2015 14:40,30,50.132,-9.643,50.136,-9.691,VIIjDeep,115.1,21.5,4.9,1.865232711,3.460543063,0.398308507,Y,21.36084964,450,4.3,10.39,6.78,1,"Nil
",NA,03:20.3
3640,IGFS2015,FG195,101010101,136,134,66,1,Groundgear_A,Long,2.90E+01,V,19/11/2015 16:34,30,50.083,-9.936,50.068,-9.98,VIIjDeep,116.2,21.3,4.7,1.921153085,3.564291439,0.414170665,Y,21.57516591,450,4.42,10.86,7.85,4,"Nil
",NA,03:20.3
3641,IGFS2015,FG62,101010101,295,247,67,1,Groundgear_A,Long,30D9,V,20/11/2015 7:54,31,50.554,-10.932,50.525,-10.907,VIIjSlope,127.4,22.6,4.4,1.983901267,3.680707361,0.468922118,Y,23.77615987,899,3.83,7.02,13.74,16,"Nil
",NA,03:20.3
3642,IGFS2015,FG61,101010101,245,236,68,1,Groundgear_A,Long,29D9,V,20/11/2015 10:12,33,50.345,-10.891,50.373,-10.865,VIIjSlope,124.2,22.2,4.6,1.952632303,3.622694439,0.449938649,Y,23.14366363,745,3.73,6.55,10.67,22,"Nil
",NA,03:20.3
3643,IGFS2015,FG30,101010101,160,156,69,1,Groundgear_A,Long,29D9,V,20/11/2015 12:14,30,50.377,-10.582,50.35,-10.554,VIIjDeep,117.3,21.2,4.6,1.942609432,3.604099131,0.422760828,Y,21.78979965,513,2.38,5.92,8.68,20,"Nil
",NA,03:20.3
3644,IGFS2015,FG212,101010101,150,148,70,1,Groundgear_A,Long,29D9,V,20/11/2015 14:18,30,50.163,-10.592,50.129,-10.606,VIIjDeep,116.6,21.4,4.8,2.108588499,3.912038031,0.456143634,Y,21.65317758,486,3.81,9.19,9.34,22,"Nil
",NA,03:20.3
3645,IGFS2015,FG210,101010101,350,261,71,1,Groundgear_A,Long,29D8,V,20/11/2015 17:20,18,50.01,-11.006,50.028,-11.023,VIIjSlope,123.7,22.4,4.9,1.26325019,2.343692375,0.289914747,Y,23.04510744,745,3.68,9.99,7.39,17,"Nil
","Slightly late tow, took time to settle until the revs pulled back a bit. ",03:20.3
3646,IGFS2015,81,101010101,258,249,72,1,Groundgear_A,Long,30D8,V,21/11/2015 7:51,31,50.748,-11.052,50.721,-11.026,VIIjSlope,123.8,21.6,4.4,1.897295468,3.520028698,0.435779553,Y,23.06481289,677,4.86,14.81,16.21,28,"Nil
",NA,03:20.3
3647,IGFS2015,82,101010101,168,167,73,1,Groundgear_A,Long,30D9,V,21/11/2015 10:17,30,50.717,-10.741,50.715,-10.689,VIIjDeep,119.4,21.7,4.7,1.983116319,3.679251055,0.439302576,Y,22.20045264,540,6.45,8.78,15.96,26,"Nil
",Squids! (SQI),03:20.3
3648,IGFS2015,FG130,101010101,141,140,74,1,Groundgear_A,Long,30D9,V,21/11/2015 13:04,30,50.72,-10.286,50.751,-10.28,VIIjDeep,118.4,21.4,4.6,1.872731559,3.474455582,0.411375541,Y,22.0047553,474,5.39,14.91,6.36,23,"Nil
",NA,03:20.3
3649,IGFS2015,84,101010101,120,118,75,1,Groundgear_A,Long,3.00E+01,V,21/11/2015 15:13,30,50.747,-9.932,50.754,-9.881,VIIjDeep,115.2,21,4.5,1.984879156,3.682521625,0.424226491,Y,21.38031994,415,3.56,7.13,17.18,22,"Nil
",NA,03:20.3
3650,IGFS2015,BB1,101010101,122,121,76,1,Groundgear_A,Long,3.00E+01,I,21/11/2015 16:58,30,50.833,-9.713,50.835,-9.661,VIIjDeep,109.9,19.9,4.6,1.978151156,3.670039251,0.403337314,Y,20.35188392,415,2.23,6.08,9.95,24,"No damage, large catch of BOF",Catch slipped due to excess BOF at end of tow. Catch beyond the liner and couldn't be handled without bag dammage. FG,03:20.3
3651,IGFS2015,FG56,101010101,62,60,77,1,Groundgear_A,Short,3.10E+01,V,22/11/2015 7:37,30,51.412,-9.42,51.423,-9.371,VIIjCoast,81.8,20.21,4.8,1.952128171,3.621759129,0.296259897,Y,23.39622227,260,1.37,3.84,2.08,10,"Wing sensor pairs mixed up so not working
",NA,03:20.3
3652,IGFS2015,FG199,101010101,116,113,78,1,Groundgear_A,Long,3.10E+01,V,22/11/2015 9:29,31,51.291,-9.221,51.259,-9.236,VIIjMedium,113.6,22.6,4.4,2.000121972,3.710801433,0.421547043,Y,21.06910388,415,2.53,3.49,9.83,13,"Nil
",NA,03:20.3
3653,IGFS2015,FG34A,101010101,116,117,79,1,Groundgear_A,Long,3.10E+01,V,22/11/2015 11:31,30,51.116,-9.354,51.116,-9.302,VIIjMedium,114.2,21.3,4.9,1.962590502,3.641169763,0.415821587,Y,21.18573303,415,2.76,8.16,9.12,28,"Nil
",NA,03:20.3
3654,IGFS2015,CC321,101010101,116,119,80,1,Groundgear_A,Long,3.00E+01,V,22/11/2015 13:48,30,50.905,-9.112,50.877,-9.079,VIIjMedium,115.8,21.9,4.8,2.094068581,3.885099408,0.449894511,Y,21.49719622,415,2.46,7.88,7.71,19,"Nil
",TSP Not working,03:20.3
3655,IGFS2015,85,101010101,125,125,81,1,Groundgear_A,Long,3.00E+01,V,22/11/2015 15:44,29,50.755,-9.222,50.75,-9.273,VIIjMedium,115.7,21.2,4.7,1.962941432,3.641820838,0.421358671,Y,21.47771034,427,3.49,9.98,9.99,10,"Nil
",NA,03:20.3
3656,IGFS2015,CC306,101010101,119,121,82,1,Groundgear_A,Long,3.00E+02,V,23/11/2015 7:41,31,50.626,-8.91,50.601,-8.876,VIIgMedium,111.8,21.9,4.6,1.98226733,3.677675937,0.41116417,Y,20.71976199,415,1.85,2.6,3.84,5,"Nil
",NA,03:20.3
3657,IGFS2015,FG12,101010101,119,120,83,1,Groundgear_A,Long,3.00E+02,V,23/11/2015 9:48,30,50.56,-8.613,50.592,-8.593,VIIgMedium,113.9,22.6,4.8,2.065040062,3.831243157,0.436378596,Y,21.12740699,415,2.07,3.8,7.59,10,"Nil
",NA,03:20.3
3658,IGFS2015,62A,101010101,114,115,84,1,Groundgear_A,Long,3.00E+02,V,23/11/2015 11:23,30,50.709,-8.491,50.733,-8.455,VIIgMedium,114.4,22.9,4.8,1.987075092,3.686595717,0.42174655,Y,21.22462985,402,1.74,3.19,7.94,13,"Nil
",NA,03:20.3
3659,IGFS2015,FG13,101010101,113,112,85,1,Groundgear_A,Long,3.00E+02,V,23/11/2015 13:04,31,50.745,-8.228,50.765,-8.182,VIIgMedium,113.6,22.8,4.8,2.121156318,3.93535495,0.447056322,Y,21.06910388,402,1.87,4.21,7.45,15,"Nil
",NA,03:20.3
3660,IGFS2015,FG133,101010101,120,121,86,1,Groundgear_A,Long,3.00E+02,V,23/11/2015 15:42,31,50.537,-8.018,50.519,-8.063,VIIgMedium,114.1,22.9,4.7,2.030440237,3.767050533,0.429820466,Y,21.16628846,414,1.59,3.99,4.95,13,"TSP replaced by Marport TE
",TSP replaced by Marport TE,03:20.3
3661,IGFS2015,FG23,101010101,100,104,87,1,Groundgear_A,Long,3.10E+03,V,24/11/2015 7:38,31,51.156,-7.448,51.179,-7.412,VIIgMedium,109.7,22.6,4.6,1.934982466,3.589948916,0.393817396,Y,20.31321114,378,1.26,6.11,3.94,21,"Nil
",NA,03:20.3
3662,IGFS2015,FG197,101010101,103,91,88,1,Groundgear_A,Long,3.10E+03,V,24/11/2015 9:34,30,51.238,-7.601,51.245,-7.651,VIIgMedium,107.9,21.35,4.7,1.92823263,3.57742603,0.386004269,Y,19.96558778,349,1.51,7.62,2.05,24,"Nil
",NA,03:20.3
3663,IGFS2015,FG37A,101010101,89,90,89,1,Groundgear_A,Long,3.10E+03,V,24/11/2015 11:57,30,51.388,-7.83,51.36,-7.857,VIIgMedium,108,21.07,4.6,1.961159876,3.638515541,0.392959678,Y,19.98487997,336,1.85,6.73,4.36,15,"Wings sensors failed. Marport batteries/PCBs?
",NA,03:20.3
3664,IGFS2015,FG51,101010101,94,93,90,1,Groundgear_A,Long,3.10E+02,V,24/11/2015 14:04,31,51.346,-8.096,51.352,-8.143,VIIgMedium,108.2,22.3,4.9,1.801244307,3.341826173,0.361585592,Y,20.02347144,349,1.77,8.69,2.17,18,"Nil
",NA,03:20.3
3665,IGFS2015,53A,101010101,72,60,91,1,Groundgear_A,Short,3.20E+02,V,24/11/2015 16:47,31,51.615,-8.254,51.644,-8.256,VIIgCoast,86.9,21,5,1.740711008,3.229519496,0.280645244,Y,24.95110349,311,1.13,3.16,4.05,23,"Nil
",NA,03:20.3
3666,IGFS2015,FG18,101010101,85,85,92,1,Groundgear_A,Long,3.20E+03,V,25/11/2015 16:45,30,51.62,-7.847,51.632,-7.799,VIIgMedium,104.7,19.6,NA,1.930731378,3.582061926,0.375041884,Y,19.34946716,324,1.2,5.2,2.98,19,"Nil
",NA,03:20.3
3667,IGFS2015,CN303,101010101,93,96,93,1,Groundgear_A,Long,3.10E+04,I,26/11/2015 7:40,20,51.152,-6.488,51.131,-6.48,VIIgMedium,105.6,19.2,4.4,1.294903836,2.402418992,0.253695446,Y,19.5225126,366,2.38,2.33,6.68,14,"Had to slip the bag, about 10t of herring
",NA,03:20.3
3668,IGFS2015,CN304,101010101,102,103,94,1,Groundgear_A,Long,3.10E+04,V,26/11/2015 10:14,30,51.149,-6.145,51.179,-6.134,VIIgMedium,99.7,22.5,4.4,1.84612356,3.425090093,0.341481482,Y,18.39138312,366,223,4.26,4.83,14,"1 Seabass caught
",NA,03:20.3
3669,IGFS2015,113,101010101,84,83,95,1,Groundgear_A,Long,3.10E+05,V,26/11/2015 12:35,30,51.085,-5.801,51.054,-5.781,VIIgMedium,104.8,20.2,4.9,2.006571171,3.72276655,0.390145934,Y,19.36868534,324,1.83,3.68,8.62,10,"Nil
",NA,03:20.3
3670,IGFS2015,44,101010101,75,73,96,1,Groundgear_A,Long,3.10E+05,V,26/11/2015 15:12,30,51.244,-5.493,51.272,-5.523,VIIgMedium,99.9,18.4,4.3,2.023195446,3.753609362,0.374985575,Y,18.4296024,298,1.57,3.72,3.76,10,"Nil
",NA,03:20.3
3671,IGFS2015,CN203,101010101,72,70,97,1,Groundgear_A,Short,3.10E+05,V,27/11/2015 7:39,30,51.456,-5.253,51.422,-5.266,VIIgMedium,83.4,20,NA,2.096295276,3.889230568,0.324361829,Y,15.30302952,286,2.28,3.79,6.82,17,"Nil
",NA,03:20.3
3672,IGFS2015,MB32,101010101,71,72,98,1,Groundgear_A,Short,3.10E+05,V,27/11/2015 9:21,30,51.465,-5.496,51.485,-5.54,VIIgCoast,85,21.4,5.2,2.03802304,3.781118812,0.321395099,Y,24.36961121,286,1.96,8.14,3.24,25,"Nil
",NA,03:20.3
3673,IGFS2015,FG136,101010101,84,88,99,1,Groundgear_A,Long,3.20E+05,V,27/11/2015 11:20,30,51.49,-5.778,51.512,-5.813,VIIgMedium,104.7,22,4.5,1.859180905,3.449315223,0.361143304,Y,19.34946716,324,1.79,8.28,3.95,28,"Nil
",NA,03:20.3
3674,IGFS2015,FG139,101010101,112,111,100,1,Groundgear_A,Long,3.20E+04,V,27/11/2015 14:20,30,51.626,-6.185,51.59,-6.206,VIIgMedium,116.8,21.9,4.9,2.296881735,4.261376132,0.497728732,Y,21.69219922,390,1.83,9.01,4.29,24,"Nil
",NA,03:20.3
3675,IGFS2015,FG25,101010101,83,76,101,1,Groundgear_A,Short,3.30E+04,V,28/11/2015 7:45,30,52.019,-6.203,52.009,-6.244,VIIgCoast,84.9,20.2,4.3,1.63147242,3.0268505,0.256979607,Y,24.33908091,315,2.51,10.98,3.13,25,"Nil
",NA,03:20.3
3676,IGFS2015,33A,101010101,55,50,102,1,Groundgear_A,Short,3.30E+04,V,28/11/2015 7:45,30,51.979,-6.74,52.009,-6.761,VIIgMedium,78.9,19.3,4.8,1.959987121,3.636339742,0.286907206,Y,14.45878676,250,4.39,7.07,16.06,35,"Nil
",NA,03:20.3
3677,IGFS2015,42A,101010101,50,85,103,1,Groundgear_A,Short,3.30E+03,V,28/11/2015 16:51,30,52.025,-7.38,52.053,-7.407,VIIgCoast,82.8,20,4.6,1.953743712,3.624756422,0.300129832,Y,23.69962274,246,1.99,3.33,6.79,22,"Nil
",NA,03:20.3
3678,IGFS2015,FG177,101010101,20,27.8,104,1,Groundgear_A,Short,3.30E+03,V,29/11/2015 14:19,30,52.067,-7.478,52.034,-7.494,VIIgCoast,73.6,17.9,4.6,2.065661891,3.832396829,0.282064407,Y,20.93334047,180,1.96,7.32,3.8,17,"Nil
",NA,03:20.3
3679,IGFS2015,FG138,101010101,55,58,105,1,Groundgear_A,Short,3.20E+03,V,29/11/2015 15:55,30,51.927,-7.392,51.901,-7.42,VIIgCoast,83.5,20,4.8,1.873439283,3.475768613,0.290226679,Y,23.91242287,259,5.91,24.83,4.25,20,"Nil
",NA,03:20.3
3680,IGFS2015,FG46,101010101,74,78,106,1,Groundgear_A,Short,3.20E+03,V,01/12/2015 7:39,30,51.847,-7.057,51.819,-7.075,VIIgCoast,85.1,20.4,NA,1.807481754,3.353398431,0.285374206,Y,24.40014888,298,3.23,10.67,10.04,25,"Nil
",NA,03:20.3
3681,IGFS2015,CN207,101010101,74,74,107,1,Groundgear_A,Short,3.20E+04,V,01/12/2015 9:53,30,51.774,-6.715,51.799,-6.677,VIIgCoast,82.9,20.1,4.6,2.060428013,3.822686481,0.316900709,Y,23.73000145,NA,2.71,10.49,8.66,26,"Nil
",NA,03:20.3
3682,IGFS2015,110,101010101,77,77,108,1,Groundgear_A,Long,3.20E+04,V,01/12/2015 12:20,30,51.623,-6.525,51.591,-6.506,VIIgCoast,86,20.6,4.4,2.045960374,3.795844849,0.326442657,Y,24.67532192,311,3.68,8.42,9.67,27,"Nil
",NA,03:20.3
3683,IGFS2015,FG15,101010101,88,88,109,1,Groundgear_A,Long,3.10E+03,V,02/12/2015 7:46,30,51.349,-7.463,51.328,-7.425,VIIgMedium,109.6,20.6,4.6,1.903420117,3.531391683,0.387040528,Y,20.29387837,336,6.55,10.28,23.39,24,"Nil
",NA,03:20.3
3684,IGFS2015,FG168,101010101,95,93,110,1,Groundgear_A,Long,3.10E+03,V,02/12/2015 10:37,30,51.29,-7.241,51.297,-7.191,VIIgMedium,108.3,20.6,4.7,1.926161705,3.573583869,0.387019133,Y,20.04277072,336,5.32,10.96,12.34,21,"Nil
",NA,03:20.3
3685,IGFS2015,FG187,101010101,112,111,111,1,Groundgear_A,Long,3.10E+04,V,02/12/2015 13:14,30,51.312,-6.925,51.339,-6.899,VIIgMedium,111.7,22.3,4.2,1.8909469,3.508250279,0.391871556,Y,20.70037784,402,4.81,9.2,10.5,14,"Nil
",NA,03:20.3
3686,IGFS2015,FG40,101010101,85,83,112,1,Groundgear_A,Long,3.10E+04,V,02/12/2015 14:50,30,51.365,-6.713,51.365,-6.662,VIIgMedium,105.1,19.5,4.6,1.914484575,3.551919435,0.373306733,Y,19.42635348,324,5.13,8.93,11.79,11,"Nil
",NA,03:20.3
3687,IGFS2015,CN305,101010101,107,118,113,1,Groundgear_A,Long,3.10E+04,V,02/12/2015 16:31,30,51.262,-6.556,51.243,-6.519,VIIgMedium,112.1,21.6,4.4,1.799086907,3.337823574,0.374170023,Y,20.77792931,370,4.39,7.7,16.16,9,"Nil
",NA,03:20.3
3688,IGFS2015,CC307,101010101,107,108,114,1,Groundgear_A,Long,3.00E+03,V,03/12/2015 7:42,30,50.646,-7.288,50.649,-7.338,VIIgMedium,113.8,20.9,4.4,1.914594518,3.55212341,0.404231644,Y,21.10797008,378,3.8,11.05,4.46,27,"Nil
",NA,03:20.3
3689,IGFS2015,MB30,101010101,111,111,115,1,Groundgear_A,Long,3.00E+03,V,03/12/2015 10:14,30,50.619,-7.606,50.651,-7.618,VIIgMedium,113.3,20.9,4.6,1.972500938,3.65955647,0.414627748,Y,21.01082362,390,4.62,5.67,16.05,30,"Nil
",NA,03:20.3
3690,IGFS2015,FG53,101010101,103,108,116,1,Groundgear_A,Long,3.00E+03,V,03/12/2015 13:48,30,50.728,-7.834,50.709,-7.874,VIIgMedium,117.7,21.8,4.8,1.90162541,3.528061984,0.415252896,Y,21.86792786,390,5.39,15.85,12.11,30,"Nil
",NA,03:20.3
3691,IGFS2015,FG35,101010101,103,104,117,1,Groundgear_A,Long,3.00E+03,V,03/12/2015 16:13,30,50.888,-7.779,50.911,-7.744,VIIgMedium,110.2,20.6,4.5,1.913967101,3.55095937,0.391315723,Y,20.40991127,366,5.23,10.62,10.64,24,"Nil
",NA,03:20.3
3692,IGFS2015,FG181,101010101,107,109,118,1,Groundgear_A,Long,3.10E+02,V,04/12/2015 7:38,30,51.097,-8.596,51.081,-8.634,VIIgMedium,114.6,21,4.7,1.72621435,3.202624026,0.367020713,Y,21.26353692,390,3.47,10.18,7.9,22,"Nil
",NA,03:20.3
3693,IGFS2015,FG180,101010101,104,107,119,1,Groundgear_A,Long,3.10E+02,V,04/12/2015 10:10,30,51.188,-8.846,51.179,-8.891,VIIgMedium,116.2,21.4,4.3,1.779719456,3.301891385,0.383679779,Y,21.57516591,390,3.4,11.41,7.11,31,"Nil
",NA,03:20.3
3694,IGFS2015,FG198,101010101,93,99,120,1,Groundgear_A,Long,3.10E+02,V,04/12/2015 12:26,30,51.376,-8.839,51.388,-8.79,VIIgMedium,110.1,20.3,4.1,1.974522152,3.663306404,0.403330035,Y,20.3905664,349,2.52,8.16,11.42,30,"Nil
",NA,03:20.3
3695,IGFS2015,FG183,101010101,90,92,121,1,Groundgear_A,Long,3.10E+02,V,04/12/2015 14:11,30,51.443,-8.561,51.458,-8.514,VIIgMedium,110.4,20.4,4.1,1.977470422,3.668776293,0.405032903,Y,20.44860832,349,2.97,10.78,8.78,27,"Nil
",NA,03:20.3
3696,IGFS2015,CN204,101010101,75,77,122,1,Groundgear_A,Short,3.20E+03,V,08/12/2015 9:24,30,51.638,-7.4,51.619,-7.444,VIIgCoast,89.8,21.4,4,1.998785408,3.708321721,0.333007291,Y,25.8439977,NA,5.69,20.12,7.2,28,"Nil
",NA,03:20.3
3697,IGFS2015,FG176,101010101,80,81,123,1,Groundgear_A,Short,3.10E+03,V,08/12/2015 11:37,30,51.491,-7.499,51.482,-7.547,VIIgCoast,88.2,21.4,4.1,1.876390333,3.481243661,0.307045691,Y,25.35055022,NA,5.63,14.81,9.39,26,"Nil
",NA,03:20.3
3698,IGFS2015,FG201,101010101,79,82,124,1,Groundgear_A,Short,3.20E+03,I,08/12/2015 14:06,30,51.501,-7.177,51.5,-7.23,VIIgCoast,91.3,21.8,3.8,1.984591771,3.681988443,0.336165545,Y,26.3084809,NA,6.48,13.1,12.41,19,Tore belly on net. 3 hour mend.,NA,03:20.3
3699,IGFS2015,FG9,101010101,46,49,125,1,Groundgear_A,Short,3.10E+01,V,09/12/2015 7:52,30,51.459,-9.631,51.449,-9.681,VIIjCoast,84,20.6,4.4,1.966947566,3.649253369,0.306537283,Y,24.0646376,NA,4.39,12.42,7.76,32,"Nil
",NA,03:20.3
3700,IGFS2015,FG205,101010101,44,49,126,1,Groundgear_A,Short,3.20E+01,V,09/12/2015 15:34,30,51.63,-9.687,51.614,-9.736,VIIjCoast,72.8,18.6,4.8,2.065486589,3.832071594,0.278974812,Y,20.69529697,NA,3.67,12.27,4.08,37,"Nil
",NA,03:20.3
3701,IGFS2015,FG129,101010101,155,155,127,1,Groundgear_A,Long,31D9,V,10/12/2015 7:53,30,51.093,-10.512,51.125,-10.531,VIIjDeep,119.4,21.9,4.2,2.048501771,3.800559873,0.453786849,Y,22.20045264,NA,5.84,11.37,20.77,18,"Nil
",NA,03:20.3
3702,IGFS2015,FG203,101010101,166,163,128,1,Groundgear_A,Long,31D9,V,10/12/2015 10:04,30,51.231,-10.741,51.261,-10.721,VIIjDeep,119.4,21.9,4.2,1.950089966,3.617977674,0.431986534,Y,22.20045264,NA,5.99,8.38,22.69,18,"Nil
",NA,03:20.3
3703,IGFS2015,FG209,101010101,188,190,129,1,Groundgear_A,Long,31D8,V,10/12/2015 12:48,30,51.237,-11.102,51.213,-11.143,VIIjDeep,128.1,22.6,4.6,2.110558911,3.915693712,0.501600365,Y,23.91492622,NA,4.17,10.7,14.81,16,"Nil
",NA,03:20.3
3704,IGFS2015,FG126,101010101,305,297,130,1,Groundgear_A,Long,31D8,I,10/12/2015 15:51,30,51.378,-11.463,51.412,-11.458,VIIjSlope,130.9,22.9,4.8,2.047484314,3.798672197,0.497246191,Y,24.47149665,NA,5.4,8.14,18.52,28,"Nil
",NA,03:20.3
3705,IGFS2015,MB51,101010101,90,100,131,1,Groundgear_A,Long,32D9,V,11/12/2015 8:03,30,51.979,-10.634,51.961,-10.681,VIIjMedium,110.2,20.5,4.1,2.048502917,3.800561998,0.418821932,Y,20.40991127,NA,5.38,11.08,16,23,"Nil
",NA,03:20.3
3706,IGFS2015,38,101010101,137,137,132,1,Groundgear_A,Long,33D9,V,11/12/2015 10:27,30,52,-10.945,52.03,-10.93,VIIjDeep,114.8,21,4.4,1.882876011,3.493276459,0.401028137,Y,21.30245427,NA,8.46,10.41,28.71,17,"Nil
",NA,03:20.3
3707,IGFS2015,FG1,101010101,54,155,133,1,Groundgear_A,Long,33D8,V,11/12/2015 13:37,30,52.165,-11.34,52.202,-11.36,VIIjDeep,123.2,21.9,4,2.338360318,4.338330832,0.534482358,Y,22.94662331,NA,9.03,17.41,19.96,14,"Nil
",NA,03:20.3
3708,IGFS2015,FG70,101010101,260,267,134,1,Groundgear_A,Long,33D8,V,11/12/2015 16:07,30,52.121,-11.593,52.149,-11.624,VIIjSlope,130.2,22.8,4.1,2.031977493,3.769902584,0.490841316,Y,24.33212566,NA,7.09,16.11,13.41,8,"Nil
",NA,03:20.3
3709,IGFS2015,90,101010101,140,138,135,1,Groundgear_A,Long,34D8,V,12/12/2015 8:32,30,52.742,-11.507,52.768,-11.475,VIIbDeep,120,21.6,4.1,1.946321429,3.610985954,0.433318314,Y,22.31800195,NA,4.56,11.64,12.96,20,"Nil
",NA,03:20.3
3710,IGFS2015,FG214,101010101,134,133,136,1,Groundgear_A,Long,34D8,V,12/12/2015 10:24,30,52.88,-11.48,52.909,-11.51,VIIbDeep,121.5,22.2,3.9,2.051853341,3.806777997,0.462523527,Y,22.61231033,NA,4.39,13.47,14.62,21,"Nil
",NA,03:20.3
3711,IGFS2015,FG120,101010101,133,131,137,1,Groundgear_A,Long,35D8,V,12/12/2015 13:03,30,52.991,-11.241,53.026,-11.233,VIIbDeep,120.1,21.4,3.9,2.119276563,3.931867464,0.472217282,Y,22.33760311,NA,4.18,12.09,12.09,26,"Nil
",NA,03:20.3
3712,IGFS2015,50,101010101,131,132,138,1,Groundgear_A,Long,34D8,V,12/12/2015 15:40,30,52.907,-11.066,52.875,-11.051,VIIbDeep,117.9,21.4,4.1,1.995077407,3.701442313,0.436400049,Y,21.90700799,NA,3.81,10.33,7.35,22,"Nil
",NA,03:20.3
3713,IGFS2015,FG103,101010101,197,195,139,1,Groundgear_A,Long,35D8,V,13/12/2015 8:52,30,53.424,-11.666,53.452,-11.635,VIIbDeep,126.1,22.4,4.1,2.013518688,3.735656193,0.471066246,Y,23.51884236,NA,3.9,10.02,6.25,24,"Nil
",NA,03:20.3
3714,IGFS2015,PO22,101010101,270,267,140,1,Groundgear_A,Long,36D8,V,13/12/2015 11:11,30,53.579,-11.862,53.586,-11.808,VIIbSlope,133.8,23.4,4,1.972902669,3.660301797,0.48974838,Y,25.05055137,NA,3.52,11.16,6.05,20,"Nil
",NA,03:20.3
3715,IGFS2015,PO12,101010101,287,290,141,1,Groundgear_A,Long,36D8,V,13/12/2015 13:10,30,53.731,-11.711,53.76,-11.68,VIIbSlope,136.4,23.4,4.5,2.05959036,3.821132393,0.521202458,Y,25.57203753,NA,3.35,6.76,6.66,20,"Nil
",NA,03:20.3
3716,IGFS2015,PO14,101010101,219,213,142,1,Groundgear_A,Long,36D8,V,13/12/2015 15:33,30,53.69,-11.398,53.7,-11.343,VIIbSlope,127.8,22.6,4.1,2.048008227,3.799644206,0.48559453,Y,23.85543673,NA,3.15,6.98,8.51,12,"Nil
",NA,03:20.3
3717,IGFS2015,PO113,101010101,375,367,143,1,Groundgear_A,Long,36D8,V,14/12/2015 7:58,30,53.951,-11.936,53.95,-11.877,VIIbSlope,138.7,24,3.8,2.088710125,3.875157931,0.537484405,Y,26.03525147,NA,3.97,7.11,13.19,19,"Nil
",NA,03:20.3
3718,IGFS2015,FG99,101010101,308,300,144,1,Groundgear_A,Long,36D8,V,14/12/2015 10:09,30,53.954,-11.551,53.956,-11.492,VIIbSlope,135.3,23.5,3.6,2.091068848,3.879534041,0.524900956,Y,25.35113459,NA,3.91,5.51,12,20,"Nil
",NA,03:20.3
3719,IGFS2015,FG76,101010101,217,218,145,1,Groundgear_A,Long,36D8,V,14/12/2015 12:19,30,53.918,-11.207,53.95,-11.186,VIIbSlope,129.1,22.6,3.9,2.058686276,3.819455058,0.493091648,Y,24.11342299,NA,3.66,9.86,7.34,20,"Nil
",NA,03:20.3
3720,IGFS2015,FG86,101010101,234,248,146,1,Groundgear_A,Long,37D9,V,14/12/2015 14:30,30,54.111,-10.995,54.145,-10.994,VIIbSlope,129.9,22.6,4.4,2.040123551,3.785015864,0.491673561,Y,24.2724422,NA,3.01,11.07,11.01,14,"Nil
",NA,03:20.3
3721,IGFS2015,21,101010101,173,177,147,1,Groundgear_A,Long,37D9,V,14/12/2015 16:44,30,54.131,-10.706,54.163,-10.686,VIIbDeep,125.2,22.3,4,2.044986336,3.794037729,0.475013524,Y,23.34099401,NA,4.38,8.95,7.99,15,"Nil
",NA,03:20.3
3722,IGFS2015,MM1,101010101,41,39,148,1,Groundgear_A,Short,3.70E+01,V,15/12/2015 8:21,30,54.321,-9.264,54.33,-9.321,VIIbCoast,78.6,19.2,4.4,2.070581633,3.841524365,0.301943815,Y,22.42993695,NA,0.75,2.2,1.85,20,"Nil
","Three fish were identified as Small-eyed ray, to be confirmed. Photos were taken.",03:20.3
3723,IGFS2015,MM2,101010101,90,95,149,1,Groundgear_A,Long,3.70E+01,V,15/12/2015 10:27,28,54.466,-9.609,54.477,-9.661,VIIbMedium,108,19.8,4.2,1.933266304,3.586764943,0.387370614,Y,19.98487997,NA,1.06,4.07,3.34,25,"Nil
","Hauled at 28.5 minutes. Door sensors had come right in, although the other sensors were fine. No damage",03:20.3
3724,IGFS2015,25,101010101,41,64,150,1,Groundgear_A,Short,3.70E+01,V,15/12/2015 12:55,30,54.301,-9.919,54.334,-9.922,VIIbCoast,75.8,18.6,4.5,1.982681546,3.678444427,0.278826088,Y,21.58993189,NA,0.73,2.44,2.69,23,"Nil
","Door sensors came in twice during the tow, but all other sensore were fine.",03:20.3
3725,IGFS2015,23A,101010101,112,115,151,1,Groundgear_A,Long,37D9,V,15/12/2015 15:37,30,54.43,-10.16,54.461,-10.189,VIIbMedium,115.9,20.8,3.9,2.118402564,3.930245944,0.455515505,Y,21.51668472,NA,2.25,8.24,5.99,23,"Nil
",NA,03:20.3
3726,IGFS2015,FG80,101010101,91,95,152,1,Groundgear_A,Long,36D9,V,16/12/2015 8:27,19,53.714,-10.348,53.699,-10.372,VIIbMedium,109.7,20.1,4.1,1.240755716,2.301958657,0.252524865,Y,20.31321114,NA,5.45,9.92,5.48,14,"Nil
",Hauled early. Caught the floats of a pot line. No pots lifted.,03:20.3
3727,IGFS2015,FG75,101010101,117,116,153,1,Groundgear_A,Long,35D9,V,16/12/2015 11:43,30,53.313,-10.276,53.29,-10.232,VIIbMedium,117,21.2,4.2,2.098440108,3.893209847,0.455505552,Y,21.73123144,NA,5.01,5.81,10.35,21,"Nil
",NA,03:20.3
3728,IGFS2015,FG217,101010101,51,43,154,1,Groundgear_A,Short,3.50E+01,V,16/12/2015 14:33,30,53.193,-9.621,53.196,-9.566,VIIbCoast,81.3,19.9,4.4,1.989482914,3.69106292,0.300083415,Y,23.24478293,NA,0.65,1.2,2.05,10,"Nil
","The doors sensors were moving in and out quite a bit, but all other sensors were stable.",03:20.3
3729,IGFS2016,FG149,101020101,233,NA,1,1,Groundgear_D,Long,38D9,V,26/09/2016 5:12,30,54.58,-10.61,54.608,-10.581,VIaSlope,123.2,22.94,4,1.960403054,3.637111417,0.448092127,Y,22.94662331,760,2.54,3.74,7.5,9,"Increased warp from 718 on graph to 760 and backto 690 to try and stabalise the wings, but doors also.",NA,03:20.3
3730,IGFS2016,FG101,101020101,116,116,2,1,Groundgear_D,Long,38D9,V,26/09/2016 7:49,30,54.756,-10.095,54.785,-10.072,VIaDeep,108.7,21.58,4.2,1.914232754,3.551452233,0.386042858,Y,20.1199916,390,3.8,4.74,17.98,11,Ongoing problems with wing sensors,NA,03:20.3
3731,IGFS2016,FG108,101020101,238,242,3,1,Groundgear_D,Long,39D9,V,26/09/2016 10:19,30,55.069,-10.08,55.098,-10.051,VIaSlope,121.3,23.9,3.9,2.006104672,3.721901062,0.451466599,Y,22.57303301,691,3.26,4.68,13.57,10,Wings sensors got a quick charge and worked fine this time!,NA,03:20.3
3732,IGFS2016,H12,101020101,1009,1255,4,1,Groundgear_D,Long,39D9,A,26/09/2016 12:59,15,55.149,-10.173,55.135,-10.166,NA,125,26.2,1.6,0.8738417,1.621227645,0.202653456,Y,23.30150455,2700,2.65,4.5,7.3,NA,"Highly variable depths from 950m - 1255m 
Highly variable depths from 950m - 1255m and sensors very unstable so shooting and hauling wire alot and missed start of tow. Blew 10 large and 10 small floats.","Additional deepwater tow from old Deepwater survey for 4th yr project (Áine Shannon) and Fergus Collins at Biome, Teagasc",03:20.3
3733,IGFS2016,14,101020101,35,41,5,1,Groundgear_D,Short,3.80E+02,V,27/09/2016 8:11,16,54.585,-8.338,54.577,-8.365,VIaCoast,67.3,18.8,4.8,1.056337613,1.959810042,0.131895216,Y,19.06854197,179,0.56,3.02,1,22,"Nil
",Hauled early due to alot of marks on the seabed. Donegal BAy => sprat,03:20.3
3734,IGFS2016,15,101020101,59,65,6,1,Groundgear_D,Short,3.80E+02,V,27/09/2016 9:37,29,54.519,-8.517,54.518,-8.57,VIaCoast,74.3,20.1,4.4,1.850919672,3.433988261,0.255145328,Y,21.14193916,246,1.68,8.33,2.13,26,"Nil
",Snagged pots (c.20 total).,03:20.3
3735,IGFS2016,MB45,101020101,82,87,7,1,Groundgear_D,Short,3.80E+02,V,27/09/2016 12:42,30,54.602,-8.711,54.578,-8.762,VIaCoast,78.9,21,4.3,2.287220159,4.243451131,0.334808294,Y,22.520236,286,3.25,13.82,4.39,25,"Nil
",NA,03:20.3
3736,IGFS2016,MM6,101020101,55,53,8,1,Groundgear_D,Short,3.80E+02,V,27/09/2016 16:49,29,54.869,-8.626,54.835,-8.627,VIaCoast,75.4,20,4.2,2.040358803,3.785452325,0.285423105,Y,21.47033287,246,4.72,7.73,15.64,29,"Nil
",NA,03:20.3
3737,IGFS2016,GD8,101020101,112,114,9,1,Groundgear_D,Long,3.90E+01,V,28/09/2016 5:11,17,55.244,-9.565,55.231,-9.588,VIaMedium,105,21.51,4.4,1.109266862,2.058009021,0.216090947,Y,19.40712849,415,8.57,13.83,20.01,12,"Wing sensors stopped making sense...needed a charge.
",Hauled early due to alot of blue dust on TEY,03:20.3
3738,IGFS2016,FG109,101020101,254,253,10,1,Groundgear_D,Long,3.90E+01,I,28/09/2016 7:27,20,55.329,-9.866,55.346,-9.84,VIaSlope,122.8,23.1,3.6,1.353305183,2.510770284,0.308322591,Y,22.8678876,786,7.06,9.13,20.38,NA,"No damage, but rope missing from liner so pssobly lost some catch.","Hauled early due to big marks on TEY, but catch v. small. Rope missing from liner. No damage so nobody sure what happened.",03:20.3
3739,IGFS2016,FG110,101020101,264,250,11,1,Groundgear_D,Long,3.90E+01,V,28/09/2016 10:09,30,55.49,-9.535,55.508,-9.483,VIaSlope,128.4,24.4,3.5,2.074662397,3.849095356,0.494223844,Y,23.97444311,773,6.58,13.83,22.01,31,"SHot extra warp to get trawl down in bad weather - shooting with weather so vessel speed up.
",NA,03:20.3
3740,IGFS2016,5,101020101,131,119,12,1,Groundgear_D,Long,4.00E+01,I,28/09/2016 13:35,30,55.735,-9.096,55.717,-9.14,VIaMedium,109.2,22.6,4.1,1.840484571,3.414628146,0.372877394,Y,20.21657138,415,6.58,20.44,12.87,35,"Wing torn, probably by hopper on descent. Flat ground, great fishing.","Headline sensors flakey, torn wing 
probably due to a hopper. Great catch, flat ground. Oto only catch.",03:20.3
3741,IGFS2016,MMMA3,101020101,147,139,13,1,Groundgear_D,Long,4.00E+02,V,29/09/2016 7:45,30,55.823,-8.323,55.817,-8.38,VIaDeep,112.7,22.4,3.9,1.959165078,3.634814617,0.409643607,Y,20.89433129,485,6.54,17.91,13.55,24,TEY (battery) and TSP (mounted upside down) not working. ,NA,03:20.3
3742,IGFS2016,FG95,101020101,151,162,14,1,Groundgear_D,Long,4.00E+03,V,29/09/2016 11:39,21,55.866,-7.938,55.869,-7.978,VIaDeep,114.9,22.4,3.9,1.361740548,2.526420312,0.290285694,Y,21.32191681,474,7.45,18.82,20.11,27,"Nil
","Hauled early, marks on TEY",03:20.3
3743,IGFS2016,MB4,101020101,165,169,15,1,Groundgear_D,Long,4.00E+03,V,29/09/2016 14:15,30,55.997,-7.81,55.978,-7.858,VIaDeep,117.9,22.9,3.8,1.976758858,3.667456137,0.432393079,Y,21.90700799,513,5.76,19.53,13.1,23,"Nil
",NA,03:20.3
3744,IGFS2016,MB2,101020101,116,94,16,1,Groundgear_D,Long,4.10E+03,V,29/09/2016 16:59,30,56.211,-7.753,56.189,-7.794,VIaMedium,107.2,22.4,3.8,1.903894241,3.532271319,0.378659485,Y,19.83060838,366,5.65,15.12,9.28,17,"Nil
",Offshore coast strata and long bridles left on accidentaly so converted to Medium strata.,03:20.3
3745,IGFS2016,GD19,101020101,155,155,17,1,Groundgear_D,Long,4.10E+02,V,30/09/2016 5:07,22,56.199,-8.24,56.199,-8.282,VIaDeep,114.8,22.2,NA,1.40518122,2.60701525,0.299285351,Y,21.30245427,485,4.5,11.07,7.88,10,"Nil
","Hauled early, TS not working poperly and TEY low so potentially caugt up",03:20.3
3746,IGFS2016,FG119,101020101,145,150,18,1,Groundgear_D,Long,4.00E+02,V,30/09/2016 7:28,30,56.018,-8.404,55.988,-8.376,VIaDeep,112.8,22.3,NA,2.031739853,3.769461694,0.425195279,Y,20.91374039,462,3.44,6.36,14.08,9,"TS not working
",NA,03:20.3
3747,IGFS2016,MB23,101020101,137,138,19,1,Groundgear_D,Long,4.00E+02,V,30/09/2016 10:09,30,55.993,-8.807,56.007,-8.864,VIaDeep,114.8,22.8,3.6,2.092938299,3.883002409,0.445768677,Y,21.30245427,438,3.01,8.63,7.69,3,"Nil
",Haul of boarfish,03:20.3
3748,IGFS2016,FG118,101020101,130,132,20,1,Groundgear_D,Long,4.10E+02,V,30/09/2016 12:27,30,56.155,-8.771,56.141,-8.824,VIaDeep,113.4,22.8,3.8,1.964318679,3.644376028,0.413272242,Y,21.03024784,427,3.48,9.44,11.07,10,"Nil
",NA,03:20.3
3749,IGFS2016,94,101020101,244,237,21,1,Groundgear_D,Long,4.10E+01,V,30/09/2016 15:01,30,56.199,-9.18,56.167,-9.192,VIaSlope,124.4,23.7,3.6,1.962031784,3.64013318,0.452832568,Y,23.18310638,691,3.41,8.64,9.38,8,"Nil
",NA,03:20.3
3750,IGFS2016,MB48,101020101,168,166,22,1,Groundgear_D,Long,4.10E+02,V,01/10/2016 5:46,15,56.393,-8.275,56.383,-8.298,VIaDeep,116.7,23.2,3.7,0.97289546,1.805000853,0.2106436,Y,21.67268708,527,3.37,7.33,13.25,13,"Nil
",Hauled early due to alot of marks on TEY,03:20.3
3751,IGFS2016,MB48,101020101,177,175,23,1,Groundgear_D,Long,4.10E+02,V,01/10/2016 7:25,18,56.292,-8.103,56.287,-8.068,VIaDeep,117.8,22.8,3.6,1.206150832,2.237756646,0.263607733,Y,21.88746659,540,3.16,5.21,10.39,15,"Nil
",NA,03:20.3
3752,IGFS2016,FG144,101020101,157,152,24,1,Groundgear_D,Long,4.10E+03,V,01/10/2016 9:42,20,56.34,-7.624,56.335,-7.584,VIaDeep,109.8,21.9,3.8,1.366790624,2.535789655,0.278429704,Y,20.33254632,485,1.74,3.87,9.89,10,"Nil
",NA,03:20.3
3753,IGFS2016,93,101020101,95,94,25,1,Groundgear_D,Long,4.10E+03,V,01/10/2016 11:40,31,56.212,-7.297,56.219,-7.238,VIaMedium,102.8,21.1,4.1,2.017326067,3.742719976,0.384751614,Y,18.98474846,366,1.7,4.19,6.03,8,"Nil
",NA,03:20.3
3754,IGFS2016,FG192,101020101,97,78,26,1,Groundgear_D,Short,4.10E+03,V,01/10/2016 13:30,32,56.301,-7.072,56.324,-7.03,VIaCoast,73.6,19.8,4.1,1.966803896,3.648986819,0.26856543,Y,20.93334047,324,1.41,3.38,4.56,11,"Nil
",NA,03:20.3
3755,IGFS2016,SC583,101020101,85,82,27,1,Groundgear_D,Short,4.10E+04,V,01/10/2016 15:43,30,56.404,-6.765,56.375,-6.793,VIaCoast,75.8,20.2,3.9,1.974387263,3.663056147,0.277659656,Y,21.58993189,311,1.44,3.69,3.51,12,"Nil
",NA,03:20.3
3756,IGFS2016,FG143,101020101,111,112,28,1,Groundgear_D,Long,4.10E+03,V,02/10/2016 5:06,15,56.065,-7.445,56.053,-7.424,VIaMedium,104.2,21.6,3.9,1.007904707,1.869953074,0.19484911,Y,19.25341016,390,2.32,4.33,10.92,6,"Nil
","Alot of marks on sounder and TEY
",03:20.3
3757,IGFS2016,FG116,101020101,99,87,29,1,Groundgear_D,Short,4.10E+03,V,02/10/2016 7:07,30,56.052,-7.044,56.052,-6.983,VIaCoast,79.6,21.2,3.8,2.048656643,3.800847204,0.302547437,Y,22.731164,336,1.97,4.92,7.64,13,"Nil
",NA,03:20.3
3758,IGFS2016,FG117,101020101,77,68,30,1,Groundgear_D,Short,4.10E+04,V,02/10/2016 9:39,29,56.185,-6.804,56.186,-6.746,VIaCoast,76.9,20.6,4,1.942097349,3.603149071,0.277082164,Y,21.91934133,286,1.7,4.06,5.56,14,"Nil
",NA,03:20.3
3759,IGFS2016,SC573,101020101,60,62,31,1,Groundgear_D,Short,4.00E+04,V,02/10/2016 12:08,20,55.925,-6.674,55.903,-6.679,VIaCoast,76.4,20.6,4.1,1.330984607,2.469359196,0.188659043,Y,21.76951604,246,2.09,2.35,7.5,20,"Nil
",NA,03:20.3
3760,IGFS2016,31A,101020101,57,61,32,1,Groundgear_D,Short,4.00E+03,V,02/10/2016 14:06,30,55.88,-7.058,55.849,-7.076,VIaCoast,76.3,20.4,3.8,1.957031193,3.630855645,0.277034286,Y,21.73956979,233,2.06,2.73,7.55,21,"Nil
",NA,03:20.3
3761,IGFS2016,32,101020101,67,65,33,1,Groundgear_D,Short,4.00E+03,V,02/10/2016 16:46,30,55.637,-7.334,55.606,-7.314,VIaCoast,78.9,20.37,4,1.980390689,3.674194228,0.289893925,Y,22.520236,259,1.57,2.64,4.73,26,"Nil
",NA,03:20.3
3762,IGFS2016,FG115,101020101,18,23,34,1,Groundgear_D,Short,3.90E+03,V,03/10/2016 5:09,30,55.225,-7.586,55.257,-7.582,VIaCoast,61.3,17.4,4.4,1.925076013,3.571569598,0.218937216,Y,17.31187897,137,0.31,1.02,2.37,23,"Nil
",NA,03:20.3
3763,IGFS2016,COD1,101020101,72,76,35,1,Groundgear_D,Short,3.90E+04,V,03/10/2016 8:12,25,55.368,-6.883,55.367,-6.828,VIaCoast,80.9,21.8,4.1,1.880684637,3.48921083,0.282277156,Y,23.12375519,298,0.79,1.92,2.58,21,"Nil
",Strong tide so had to increase speed to maintain steerage,03:20.3
3764,IGFS2016,FG45,101020101,175,NA,36,1,Groundgear_D,Long,3.90E+04,V,03/10/2016 10:48,23,55.347,-6.32,55.372,-6.306,VIaMedium,114.5,21.8,3.6,1.574659476,2.921446153,0.334505584,Y,21.2440821,527,1.63,3.75,2.99,17,"Nil
",NA,03:20.3
3765,IGFS2016,mar-05,101020101,115,126,37,1,Groundgear_D,Long,4.00E+04,I,03/10/2016 13:13,30,55.586,-6.689,55.569,-6.738,VIaMedium,104.9,21.1,3.8,1.953346428,3.624019347,0.38015963,Y,19.38790578,415,2.35,3.72,5.78,26,"Nil
",NA,03:20.3
3766,IGFS2016,33,101020101,75,80,38,1,Groundgear_D,Short,4.00E+03,I,03/10/2016 15:21,30,55.542,-7.098,55.522,-7.055,VIaCoast,86.5,21.6,3.4,1.892684945,3.511474852,0.303742575,Y,24.82845811,311,4.47,6.15,10.74,19,"Tore belly
",Tore belly,03:20.3
3767,IGFS2016,MM11,101020101,122,121,39,1,Groundgear_D,Long,4.00E+03,V,04/10/2016 5:10,25,55.831,-7.624,55.809,-7.65,VIaMedium,110.4,21.8,3.6,1.585783505,2.942084425,0.324806121,Y,20.44860832,427,4.07,7.33,10.35,34,"Nil
",NA,03:20.3
3768,IGFS2016,MB25,101020101,107,105,40,1,Groundgear_D,Long,4.00E+02,V,04/10/2016 7:49,30,55.761,-8.047,55.733,-8.078,VIaMedium,109.5,18.9,3.9,1.981031883,3.675383828,0.402454529,Y,20.27454801,390,3.34,8.31,7.19,21,"Nil
",NA,03:20.3
3769,IGFS2016,GD2,101020101,85,86,41,1,Groundgear_D,Long,4.00E+02,V,04/10/2016 10:06,15,55.594,-8.265,55.586,-8.291,VIaMedium,103.6,27.1,4.1,1.005599734,1.865676686,0.193284105,Y,19.13821593,324,3.3,6.49,7.31,13,"Nil
",Hauled early due to large marks on sounder. TEY showing a bit but not huge,03:20.3
3770,IGFS2016,12,101020101,100,100,42,1,Groundgear_D,Long,3.90E+02,V,04/10/2016 12:31,16,55.432,-8.587,55.447,-8.6,VIaMedium,104.4,21.2,NA,1.003441143,1.86167188,0.194358544,Y,19.29182619,366,4.35,5.12,13.4,13,"Nil
","TS not working , hauled early due to big marks",03:20.3
3771,IGFS2016,MM15,101020101,90,94,43,1,Groundgear_D,Long,3.90E+02,V,04/10/2016 14:07,19,55.481,-8.869,55.464,-8.891,VIaMedium,107,29.8,3.9,1.266107375,2.348993275,0.25134228,Y,19.79206392,349,4.95,8.62,13.71,11,"Nil
",Hauled a little early still alot of fish on the ground,03:20.3
3772,IGFS2016,GD9,101020101,101,101,44,1,Groundgear_D,Long,3.90E+01,V,04/10/2016 16:08,21,55.323,-9.127,55.3,-9.127,VIaMedium,108.1,20.6,3.8,1.380148801,2.560572915,0.276797932,Y,20.00417452,366,533,577,20.11,9,"Nil
",Alot of fish on the ground so still doing 20min tows,03:20.3
3773,IGFS2016,mar-04,101020101,96,92,45,1,Groundgear_D,Long,3.90E+01,V,05/10/2016 5:09,24,55.118,-9.013,55.091,-9.004,VIaMedium,105.7,21.4,4,1.649441216,3.060187785,0.323461849,Y,19.54175128,349,2.82,3.37,9.82,22,"Nil
",NA,03:20.3
3774,IGFS2016,27,101020101,94,95,46,1,Groundgear_D,Long,3.80E+01,V,05/10/2016 7:46,30,54.993,-9.415,54.963,-9.396,VIaMedium,108.2,22.1,3.9,1.915806296,3.554371606,0.384583008,Y,20.02347144,349,2.52,3.45,11.59,28,"Nil
",NA,03:20.3
3775,IGFS2016,FG102,101020101,110,106,47,1,Groundgear_D,Long,3.80E+01,V,05/10/2016 10:40,30,54.977,-9.709,54.944,-9.702,VIaMedium,110,22.2,3.7,1.994794132,3.700916758,0.407100843,Y,20.37122395,390,3.09,7.52,7.62,27,"Nil
",NA,03:20.3
3776,IGFS2016,53,101010101,115,115,48,1,Groundgear_A,Long,34D9,V,15/11/2016 9:37,23,52.924,-10.385,52.909,-10.418,VIIbMedium,116.5,22.9,4.2,1.49702122,2.777404861,0.323567666,Y,21.63367072,402,4.1,8.91,11.02,7,"Nil
","Small whg, some SPR, a few small DGS",03:20.3
3777,IGFS2016,52,101010101,114,130,49,1,Groundgear_A,Long,35D9,V,15/11/2016 12:41,30,53.18,-10.693,53.156,-10.732,VIIbMedium,116,22.6,4.3,2.012177432,3.733167777,0.433047462,Y,21.53617584,427,3.74,8.93,11.85,13,"Nil
",NA,03:20.3
3778,IGFS2016,MB13,101010101,143,145,50,1,Groundgear_A,Long,35D9,I,15/11/2016 15:12,31,53.288,-10.971,53.256,-10.989,VIIbDeep,118,22.7,4.2,2.025743864,3.758337409,0.443483814,Y,21.92655208,462,4.37,7.07,19.54,18,"Tear in port wing, couple of fathom",NA,03:20.3
3779,IGFS2016,FG190,101010101,116,128,51,1,Groundgear_A,Long,31D9,V,16/11/2016 7:40,31,51.378,-10.244,51.356,-10.283,VIIjMedium,114.9,22.4,NA,1.97069068,3.656197921,0.420097141,Y,21.32191681,402,3.7,8.54,12.51,18,"Nil
",TS not working,03:20.3
3780,IGFS2016,FG129,101010101,162,158,52,1,Groundgear_A,Long,31D9,V,16/11/2016 10:20,31,51.132,-10.537,51.101,-10.516,VIIjDeep,122,23.3,4,2.020799189,3.749163616,0.457397961,Y,22.71055277,499,4.66,9.92,18.39,16,"Nil
",NA,03:20.3
3781,IGFS2016,FG66,101010101,131,128,53,1,Groundgear_A,Long,31D9,V,16/11/2016 12:36,30,51.055,-10.234,51.021,-10.233,VIIjDeep,119.2,22.8,4.1,2.039099811,3.783116532,0.450947491,Y,22.16129143,450,4.23,8.21,10.74,22,"Nil
",NA,03:20.3
3782,IGFS2016,FG131,101010101,139,131,54,1,Groundgear_A,Long,30D9,V,16/11/2016 14:41,30,50.901,-10.029,50.928,-9.996,VIIjDeep,118.3,23.1,4.4,2.045927905,3.795784611,0.44904132,Y,21.98520046,438,5.62,8.06,23.27,25,"Nil
",NA,03:20.3
3783,IGFS2016,CC322,101010101,122,124,55,1,Groundgear_A,Long,3.00E+01,V,16/11/2016 16:51,27,50.912,-9.645,50.935,-9.617,VIIjMedium,118.1,23.4,4.4,1.740132385,3.228445983,0.381279471,Y,21.94609885,427,5.58,7.18,23.56,25,"Nil
",NA,03:20.3
3784,IGFS2016,CN303,101010101,98,97,56,1,Groundgear_A,Long,3.10E+04,V,17/11/2016 7:38,31,51.118,-6.476,51.151,-6.486,VIIgMedium,113.8,22.5,4.6,2.014462074,3.737406446,0.425316854,Y,21.10797008,378,4.33,11.86,10.64,32,"Nil
",NA,03:20.3
3785,IGFS2016,CN304,101010101,105,104,57,1,Groundgear_A,Long,3.10E+04,V,17/11/2016 10:20,30,51.189,-6.13,51.157,-6.143,VIIgMedium,109,23.7,4,1.980453243,3.674310284,0.400499821,Y,20.17793229,378,5.09,15.29,15.86,25,"Nil
",NA,03:20.3
3786,IGFS2016,44,101010101,74,75,58,1,Groundgear_A,Short,3.10E+05,V,17/11/2016 16:26,30,51.239,-5.483,51.264,-5.515,VIIgCoast,85.1,21.7,NA,1.922897258,3.567527381,0.30359658,Y,24.40014888,298,6.89,17.33,13.01,31,TS needed charging,NA,03:20.3
3787,IGFS2016,CN203,101010101,70,72,59,1,Groundgear_A,Short,3.10E+05,V,18/11/2016 7:30,30,51.41,-5.267,51.443,-5.266,VIIgCoast,86.2,22.8,4.7,1.979273254,3.672121065,0.316536836,Y,24.73655376,298,3.14,7.78,13.87,26,"Nil
",NA,03:20.3
3788,IGFS2016,MB32,101010101,73,75,60,1,Groundgear_A,Short,3.10E+05,V,18/11/2016 9:24,30,51.466,-5.499,51.486,-5.542,VIIgCoast,87.1,23.5,5,2.007838235,3.725117319,0.324457718,Y,25.01247197,298,3.97,11.13,9.71,16,"Nil
",NA,03:20.3
3789,IGFS2016,CN307,101010101,83,84,61,1,Groundgear_A,Short,3.10E+05,V,18/11/2016 11:40,34,51.404,-5.775,51.44,-5.789,VIIgMedium,80.1,13.9,NA,2.221712786,4.121916115,0.330165481,Y,14.68359665,327,4.77,6.85,15.5,28,TS Not working,NA,03:20.3
3790,IGFS2016,CN308,101010101,109,110,62,1,Groundgear_A,Long,3.10E+04,V,18/11/2016 14:15,30,51.475,-6.121,51.444,-6.138,VIIgMedium,122.2,24.1,4.6,1.96505321,3.645738795,0.445509281,Y,22.74986947,390,4.06,10.73,7.59,20,"Nil
",NA,03:20.3
3791,IGFS2016,111,101010101,111,120,63,1,Groundgear_A,Long,3.10E+04,V,18/11/2016 16:33,30,51.414,-6.355,51.384,-6.375,VIIgMedium,119.4,23.6,4.2,1.949169888,3.616270665,0.431782717,Y,22.20045264,402,3.08,9.29,6.57,18,"Nil
",NA,03:20.3
3792,IGFS2016,FG38,101010101,71,75,64,1,Groundgear_A,Short,3.20E+04,V,19/11/2016 7:24,20,51.739,-6.501,51.721,-6.481,VIIgCoast,83.8,21.7,4.4,1.311474824,2.433162939,0.203899054,Y,24.00373011,286,4.45,4,7.71,15,"Nil
",NA,03:20.3
3793,IGFS2016,FG139,101010101,116,113,65,1,Groundgear_A,Long,3.20E+04,V,19/11/2016 9:26,30,51.588,-6.207,51.621,-6.188,VIIgMedium,115.2,23.1,4.6,2.102323628,3.900414894,0.449327796,Y,21.38031994,402,1.94,5.08,8.06,14,"Nil
",NA,03:20.3
3794,IGFS2016,40,101010101,116,119,66,1,Groundgear_A,Long,3.20E+05,V,19/11/2016 11:31,30,51.736,-5.9,51.755,-5.857,VIIgMedium,114.2,23.1,4.1,1.964881184,3.645419637,0.416306922,Y,21.18573303,415,1.92,5.1,4.5,11,"Nil
",NA,03:20.3
3795,IGFS2016,FG26,101010101,111,110,67,1,Groundgear_A,Long,3.20E+04,V,19/11/2016 13:28,30,51.809,-6.076,51.841,-6.082,VIIgMedium,114.8,23.9,4.2,1.931991484,3.584399785,0.411489095,Y,21.30245427,402,1.66,2.7,5.09,6,"Nil
",NA,03:20.3
3796,IGFS2016,FG25,101010101,77,75,68,1,Groundgear_A,Short,3.30E+04,V,19/11/2016 15:37,30,52.016,-6.213,52.004,-6.262,VIIgCoast,83.4,22.1,4.8,1.951035937,3.619732722,0.301885709,Y,23.88200147,311,10.09,3.6,2.39,12,"Nil
",NA,03:20.3
3797,IGFS2016,CC307,101010101,107,107,69,1,Groundgear_A,Long,3.00E+03,V,20/11/2016 7:20,31,50.646,-7.271,50.649,-7.323,VIIgMedium,115.2,22.2,4.1,1.990515204,3.692978116,0.425431079,Y,21.38031994,390,3.82,6.35,12.44,7,"Nil
",NA,03:20.3
3798,IGFS2016,MB30,101010101,114,110,70,1,Groundgear_A,Long,3.00E+03,V,20/11/2016 9:26,30,50.615,-7.605,50.649,-7.617,VIIgMedium,117.1,22.7,4.1,2.089338152,3.876323103,0.453917435,Y,21.75075152,402,3.49,7.74,11.04,6,"Nil
",NA,03:20.3
3799,IGFS2016,FG53,101010101,107,111,71,1,Groundgear_A,Long,3.00E+03,V,20/11/2016 11:17,30,50.723,-7.843,50.703,-7.885,VIIgMedium,118.8,23.2,4.2,1.998653184,3.708076408,0.440519477,Y,22.08300167,401,3.49,8.32,7.13,8,"Nil
","
",03:20.3
3800,IGFS2016,FG133,101010101,118,120,72,1,Groundgear_A,Long,3.00E+02,V,20/11/2016 13:13,30,50.534,-8.024,50.516,-8.072,VIIgMedium,119.8,23.4,4.1,2.128532147,3.949039234,0.4730949,Y,22.27880787,415,3.92,11.27,9.93,12,"Nil
",NA,03:20.3
3801,IGFS2016,FG13,101010101,112,113,73,1,Groundgear_A,Long,3.00E+02,V,20/11/2016 16:07,30,50.76,-8.192,50.742,-8.235,VIIgMedium,116.9,22.8,4.2,1.959656246,3.635725874,0.425016355,Y,21.71171401,402,3.21,6.22,6.49,19,"Nil
",NA,03:20.3
3802,IGFS2016,VMS1,101010101,116,116,74,1,Groundgear_A,Long,3.00E+02,V,21/11/2016 7:30,30,50.879,-8.506,50.898,-8.465,VIIgMedium,119.1,23.1,4.1,1.927694843,3.57642828,0.425952608,Y,22.14171491,402,4.67,15.7,11.27,37,"Nil
",NA,03:20.3
3803,IGFS2016,FG141,101010101,113,110,75,1,Groundgear_A,Long,3.10E+02,V,21/11/2016 10:36,30,51.098,-8.768,51.1,-8.821,VIIgMedium,117.6,22.9,4.2,2.004657081,3.719215363,0.437379727,Y,21.84839181,402,3.16,8.66,9.44,23,"Nil
",NA,03:20.3
3804,IGFS2016,64,101010101,102,102,76,1,Groundgear_A,Long,3.10E+02,V,21/11/2016 13:14,30,51.261,-8.764,51.261,-8.71,VIIgMedium,117.1,22.4,4.1,2.031689312,3.769367926,0.441392984,Y,21.75075152,378,3.24,14.21,6.37,34,"Nil
",NA,03:20.3
3805,IGFS2016,FG183,101010101,92,91,77,1,Groundgear_A,Long,3.10E+02,V,21/11/2016 16:10,30,51.44,-8.573,51.457,-8.527,VIIgMedium,110.4,21.8,4.4,2.002556721,3.715318592,0.410171173,Y,20.44860832,335,2.67,12.39,5.39,38,"Nil
",NA,03:20.3
3806,IGFS2016,FG182,101010101,60,60,78,1,Groundgear_A,Short,3.10E+02,V,22/11/2016 7:19,30,51.52,-8.867,51.493,-8.898,VIIgCoast,82.8,21.4,4.2,1.991852215,3.695458654,0.305983977,Y,23.69962274,259,0.87,3.06,3.34,22,"Nil
",NA,03:20.3
3807,IGFS2016,FG56,101010101,64,65,79,1,Groundgear_A,Short,3.10E+01,V,22/11/2016 9:49,30,51.427,-9.35,51.416,-9.401,VIIgCoast,84.4,21.8,4.1,2.022710139,3.752708977,0.316728638,Y,24.18653948,273,0.83,2.79,2.15,12,"Nil
",NA,03:20.3
3808,IGFS2016,FG199,101010101,119,116,80,1,Groundgear_A,Long,3.10E+01,V,22/11/2016 11:43,30,51.291,-9.225,51.26,-9.237,VIIjMedium,118.4,22.9,4.1,1.912943605,3.549060491,0.420208762,Y,22.0047553,415,2.09,3.38,7.78,19,"Nil
",NA,03:20.3
3809,IGFS2016,MB20A,101010101,119,121,81,1,Groundgear_A,Long,3.10E+01,V,22/11/2016 14:16,29,51.112,-9.607,51.103,-9.654,VIIjMedium,116.8,22.9,4.4,1.854468657,3.440572648,0.401858885,Y,21.69219922,427,2.57,7.77,4.13,13,"Nil
",NA,03:20.3
3810,IGFS2016,COD5A,101010101,122,128,82,1,Groundgear_A,Long,3.10E+01,V,22/11/2016 16:28,27,51.16,-9.944,51.141,-9.976,VIIjMedium,119.2,23.2,4.2,1.659680736,3.079185039,0.367038857,Y,22.16129143,427,3.08,4.83,13.24,20,"Nil
",NA,03:20.3
3811,IGFS2016,FG160,101010101,158,159,83,1,Groundgear_A,Long,30D9,V,23/11/2016 7:19,30,50.544,-10.371,50.544,-10.422,VIIjDeep,120.6,22.8,4,1.94851668,3.615058776,0.435976088,Y,22.43565033,499,2.51,5.27,6.7,11,"Nil
",NA,03:20.3
3812,IGFS2016,FG188,101010101,160,158,84,1,Groundgear_A,Long,30D9,V,23/11/2016 9:26,30,50.726,-10.529,50.754,-10.503,VIIjDeep,118.6,22.6,4.3,1.948651536,3.615308972,0.428775644,Y,22.04387308,499,2.68,6.73,7.22,14,"Nil
",NA,03:20.3
3813,IGFS2016,FG6,101010101,173,176,85,1,Groundgear_A,Long,30D9,V,23/11/2016 11:39,30,50.844,-10.838,50.845,-10.889,VIIjDeep,118.6,22.7,4.1,1.937035112,3.593757165,0.4262196,Y,22.04387308,526,3.88,4.27,8.43,12,"Nil
",NA,03:20.3
3814,IGFS2016,FG62,101010101,287,247,86,1,Groundgear_A,Long,30D9,V,23/11/2016 14:03,29,50.552,-10.931,50.523,-10.906,VIIjSlope,128.2,23.7,4.1,1.983920192,3.680742471,0.471871185,Y,23.93476213,837,1.63,5.46,5.53,16,"Nil
",NA,03:20.3
3815,IGFS2016,FG64,101010101,507,501,87,1,Groundgear_A,Long,29D8,V,23/11/2016 16:27,32,50.281,-11.091,50.249,-11.109,VIIjSlope,138.4,25.1,3.9,2.039468759,3.783801038,0.523678064,Y,25.97472922,1483,1.56,5.4,6.15,14,"Nil
",NA,03:20.3
3816,IGFS2016,CC424,101010101,123,NA,88,1,Groundgear_A,Long,29D9,I,24/11/2016 7:40,2,50.065,-10.213,50.065,-10.212,VIIjDeep,113.7381,21.7,NA,0.038591884,0.071599043,0.008143539,N,999,NA,NA,NA,NA,NA,"Wing tangled up and didn't open so hauled back. Heavy BOF marks everywhre so abandoned tow.
",Hevy marks all along tow. Wing got caught up and trawl didn'y open so hauled back immediately and checked cod end. Alot of BOFs so moved to next station.,03:20.3
3817,IGFS2016,DS2,101010101,146,144,89,1,Groundgear_A,Long,29D9,V,24/11/2016 11:02,30,50.44,-10.038,50.44,-10.014,VIIjDeep,121.9,22.3,4.3,0.918964239,1.704942929,0.207832543,Y,22.69089865,474,3.32,11.49,11.3,25,"Nil
",NA,03:20.3
3818,IGFS2016,FG196,101010101,244,227,90,1,Groundgear_A,Long,30D8,V,27/11/2016 7:39,30,50.946,-11.185,50.968,-11.225,VIIjSlope,127.9,24,4.1,2.008735336,3.726781699,0.476655379,Y,23.87526352,718,1.59,5.16,4.61,16,"Nil
",NA,03:20.3
3819,IGFS2016,FG203,101010101,164,162,91,1,Groundgear_A,Long,31D9,V,27/11/2016 11:07,30,51.227,-10.743,51.257,-10.723,VIIjDeep,121.2,23.2,4.2,1.950114029,3.618022318,0.438504305,Y,22.55339855,527,2.39,4.54,7.31,16,"Nil
",NA,03:20.3
3820,IGFS2016,FG209,101010101,186,188,92,1,Groundgear_A,Long,31D8,V,27/11/2016 13:35,30,51.239,-11.098,51.216,-11.137,VIIjDeep,124.2,23.6,4.1,2.014542282,3.737555255,0.464204363,Y,23.14366363,580,2.53,5.03,6.98,17,"Nil
",NA,03:20.3
3821,IGFS2016,FG126,101010101,301,295,93,1,Groundgear_A,Long,31D8,V,27/11/2016 16:15,30,51.388,-11.462,51.42,-11.456,VIIjSlope,130.3,24.2,4.2,1.932094293,3.584590525,0.467072145,Y,24.3520264,910,2.54,4.84,9.82,14,"Nil
",NA,03:20.3
3822,IGFS2016,FG4,101010101,162,162,94,1,Groundgear_A,Long,31D9,V,28/11/2016 7:41,30,51.458,-10.796,51.486,-10.825,VIIjDeep,120.7,23.3,4.2,1.999737853,3.71008878,0.447807716,Y,22.45526808,513,2.6,6.44,10.01,16,"Nil
",NA,03:20.3
3823,IGFS2016,42,101010101,150,150,95,1,Groundgear_A,Long,32D9,V,28/11/2016 9:30,30,51.632,-10.806,51.661,-10.836,VIIjDeep,120.3,23.3,4.4,2.068148921,3.837010985,0.461592422,Y,22.37681371,500,3.32,6.01,11.29,15,"Nil
",NA,03:20.3
3824,IGFS2016,FG3,101010101,180,182,96,1,Groundgear_A,Long,32D8,V,28/11/2016 11:37,30,51.594,-11.096,51.623,-11.093,VIIjDeep,119.7,23.4,4.2,1.742707488,3.23322354,0.387016858,Y,22.25921496,500,2.37,5.57,10.15,17,"Nil
",NA,03:20.3
3825,IGFS2016,FG67,101010101,156,157,97,1,Groundgear_A,Long,32D8,V,28/11/2016 14:01,30,51.802,-10.985,51.832,-11.007,VIIjDeep,119.7,23.3,4.4,1.976240767,3.666494929,0.438879443,Y,22.25921496,500,2.37,5.57,10.15,12,"Nil
",NA,03:20.3
3826,IGFS2016,39,101010101,149,151,98,1,Groundgear_A,Long,33D8,V,28/11/2016 16:12,30,52.045,-11.157,52.061,-11.204,VIIjDeep,118.3,23.1,4.3,1.985098734,3.682929005,0.435690501,Y,21.98520046,486,3.11,5.83,8.64,14,"Nil
",NA,03:20.3
3827,IGFS2016,FG71,101010101,248,251,99,1,Groundgear_A,Long,32D8,V,29/11/2016 7:37,30,51.878,-11.529,51.911,-11.524,VIIjSlope,130,24.2,3.9,1.987753353,3.687854088,0.479421031,Y,24.29233357,760,3.16,3.34,10.86,9,"Nil
",NA,03:20.3
3828,IGFS2016,FG70,101010101,262,269,100,1,Groundgear_A,Long,33D8,V,29/11/2016 9:53,30,52.129,-11.602,52.155,-11.631,VIIjSlope,127.3,24,4.2,1.891206905,3.508732662,0.446661668,Y,23.75634821,785,2.15,4.9,6.87,5,"Nil
",NA,03:20.3
3829,IGFS2016,FG171,101010101,179,180,101,1,Groundgear_A,Long,33D8,V,29/11/2016 12:03,30,52.371,-11.63,52.4,-11.657,VIIjDeep,122.4,23.5,4.2,2.001772615,3.71386385,0.454576935,Y,22.7891975,570,2.92,6.14,8.02,2,"Nil
",NA,03:20.3
3830,IGFS2016,FG155,101010101,288,294,102,1,Groundgear_A,Long,33D8,V,29/11/2016 14:09,30,52.423,-11.954,52.446,-11.993,VIIjSlope,130.6,24.4,4.1,1.986682421,3.685867201,0.481374256,Y,24.41174739,855,2.53,5.43,4.57,3,"Nil
",NA,03:20.3
3831,IGFS2016,FG105,101010101,173,174,103,1,Groundgear_A,Long,34D8,V,29/11/2016 16:36,30,52.589,-11.742,52.617,-11.767,VIIbDeep,119.9,23,4.2,1.911525004,3.546428578,0.425216787,Y,22.29840354,540,2.95,5.3,6.12,1,"Nil
",NA,03:20.3
3832,IGFS2016,PO39,101010101,246,253,104,1,Groundgear_A,Long,34D7,V,30/11/2016 7:31,30,52.701,-12.054,52.732,-12.071,VIIbSlope,128.6,24.1,4,1.959783515,3.635961995,0.467584713,Y,24.01413631,745,3.32,7.32,7.27,1,"Nil
",NA,03:20.3
3833,IGFS2016,PO34,101010101,247,233,105,1,Groundgear_A,Long,34D7,V,30/11/2016 9:51,30,52.956,-12.08,52.988,-12.081,VIIbSlope,127.7,23.9,3.9,1.919798058,3.561777473,0.454838983,Y,23.83561297,704,3.24,5.52,10.81,2,"Nil
",NA,03:20.3
3834,IGFS2016,PO189,101010101,317,314,106,1,Groundgear_A,Long,35D7,V,30/11/2016 12:09,30,53.112,-12.326,53.145,-12.317,VIIbSlope,133.4,24.2,3.8,2.005948185,3.721610732,0.496462872,Y,24.97052058,935,3.82,5.59,10.38,6,"Nil
",NA,03:20.3
3835,IGFS2016,FG148,101010101,241,236,107,1,Groundgear_A,Long,35D7,V,30/11/2016 14:40,30,53.257,-12.015,53.226,-12.018,VIIbSlope,128.9,23.9,3.9,1.862689146,3.455824018,0.445455716,Y,24.0736991,745,2.76,4.34,11.18,4,"Nil
",NA,03:20.3
3836,IGFS2016,FG175,101010101,297,204,108,1,Groundgear_A,Long,35D8,V,30/11/2016 16:24,30,53.11,-11.951,53.077,-11.95,VIIbSlope,127.4,23.8,3.9,1.979809546,3.67311604,0.467954983,Y,23.77615987,650,3.21,4.22,10.83,6,"Nil
",NA,03:20.3
3837,IGFS2016,PO161,101010101,315,314,109,1,Groundgear_A,Long,35D7,V,01/12/2016 7:36,30,53.461,-12.127,53.492,-12.107,VIIbSlope,135.3,24.9,4,1.992617173,3.696877872,0.500187576,Y,25.35113459,935,2.64,3.97,10.05,4,"Nil
",NA,03:20.3
3838,IGFS2016,PO16,101010101,295,293,110,1,Groundgear_A,Long,36D8,V,01/12/2016 9:30,30,53.611,-11.934,53.643,-11.923,VIIbSlope,133.6,24.3,3.9,1.959336692,3.635133008,0.48565377,Y,25.01052946,882,2.47,4.95,8.16,3,"Nil
",NA,03:20.3
3839,IGFS2016,PO24,101010101,213,210,111,1,Groundgear_A,Long,36D8,V,01/12/2016 11:49,30,53.556,-11.591,53.576,-11.549,VIIbSlope,125.6,23.6,4,1.920723842,3.563495069,0.447574981,Y,23.42000819,660,2.65,5.08,10.34,5,"Nil. No trawleye data, battery needs changing
",NA,03:20.3
3840,IGFS2016,PO14,101010101,220,210,112,1,Groundgear_A,Long,36D8,V,01/12/2016 13:35,30,53.688,-11.398,53.7,-11.347,VIIbSlope,125.2,23.6,4.1,1.953301156,3.623935355,0.453716706,Y,23.34099401,675,2.1,3.73,8.31,4,"Nil
",NA,03:20.3
3841,IGFS2016,FG76,101010101,218,220,113,1,Groundgear_A,Long,36D8,V,01/12/2016 16:00,30,53.924,-11.202,53.955,-11.181,VIIbSlope,126.7,23.6,3.9,2.002824286,3.715815002,0.470793761,Y,23.63754142,663,2.71,4.42,10.02,8,"Nil
",NA,03:20.3
3842,IGFS2016,MB27,101010101,53,58,114,1,Groundgear_A,Short,3.70E+02,V,02/12/2016 7:37,30,54.395,-8.821,54.425,-8.84,VIIbCoast,81.6,21.3,4.5,1.918823286,3.559968991,0.29049347,Y,23.33562582,248,1.97,5.51,5.46,10,"Nil
",NA,03:20.3
3843,IGFS2016,MM1,101010101,40,35,115,1,Groundgear_A,Short,3.70E+01,V,02/12/2016 10:00,30,54.322,-9.273,54.331,-9.326,VIIbCoast,80.5,21.1,4.7,1.935461825,3.590838266,0.28906248,Y,23.00283652,233,1.26,4.04,3.7,9,"Nil
",NA,03:20.3
3844,IGFS2016,FG220,101010101,78,84,116,1,Groundgear_A,Long,3.70E+01,I,02/12/2016 11:41,30,54.456,-9.36,54.488,-9.361,VIIbMedium,110.6,60,4.6,1.920258019,3.562630833,0.39402697,Y,20.48731511,312,1.48,4.17,5.78,10,"Severe damage to net. Big rock all the way down to the cod end. Net taken off and put in bin
",NA,03:20.3
3845,IGFS2016,20,101010101,41,44,117,1,Groundgear_A,Short,3.70E+01,V,02/12/2016 14:47,30,54.34,-9.626,54.347,-9.681,VIIbCoast,76.1,20.3,4.9,1.973167611,3.660793341,0.278586373,Y,21.67969599,220,1.88,4.21,3.89,9,"Nil
",NA,03:20.3
3846,IGFS2016,FG218,101010101,97,98,118,1,Groundgear_A,Long,3.70E+01,V,02/12/2016 16:42,20,54.486,-9.848,54.487,-9.884,VIIbMedium,110.4,22.3,4.4,1.258980344,2.335770583,0.257869072,Y,20.44860832,366,1.78,4.06,3.96,4,"Wings stopped showing data after 12 minutes. Trawleye readings very jumpy. No damage to net
",Tow finished after 20 minutes due to darkness,03:20.3
3847,IGFS2016,23A,101010101,114,116,119,1,Groundgear_A,Long,37D9,V,03/12/2016 7:42,30,54.459,-10.187,54.43,-10.159,VIIbMedium,111.5,21.7,4.4,1.996500188,3.704081982,0.413005141,Y,20.66161699,415,1.81,3.28,7.12,15,"Nil
",Pot rope on doors when hauling. One pot visible but fell off and nothing came aboard,03:20.3
3848,IGFS2016,22,101010101,113,123,120,1,Groundgear_A,Long,37D9,V,03/12/2016 9:38,30,54.302,-10.312,54.291,-10.363,VIIbMedium,108.7,21.4,4.4,1.907578202,3.539106125,0.384700836,Y,20.1199916,402,1.77,4.08,6.94,12,"Nil
",NA,03:20.3
3849,IGFS2016,21,101010101,175,173,121,1,Groundgear_A,Long,37D9,V,03/12/2016 11:59,30,54.179,-10.677,54.149,-10.695,VIIbDeep,124.2,23.6,4,1.908155315,3.540176838,0.439689963,Y,23.14366363,554,1.56,4.12,5.3,17,"Nil
",NA,03:20.3
3850,IGFS2016,FG216,101010101,226,226,122,1,Groundgear_A,Long,37D8,V,03/12/2016 14:16,30,54.077,-11.039,54.063,-11.089,VIIbSlope,125.1,23.7,4.2,1.954026316,3.625280735,0.45352262,Y,23.32124781,690,2.01,4.7,5.62,14,"Nil
",NA,03:20.3
3851,IGFS2016,FG152,101010101,326,330,123,1,Groundgear_A,Long,37D8,V,03/12/2016 16:34,30,54.26,-11.203,54.289,-11.178,VIIbSlope,129.7,24.4,4.1,1.948784743,3.615556109,0.468937627,Y,24.23266879,950,1.54,4.3,5.1,9,"Nil
",NA,03:20.3
3852,IGFS2016,MB28,101010101,134,134,124,1,Groundgear_A,Long,35D9,V,04/12/2016 7:42,30,53.425,-10.859,53.397,-10.883,VIIbDeep,112.2,21.3,4,1.887112769,3.501136863,0.392827556,Y,20.7973234,460,1.94,6.17,4.81,24,"Nil
",NA,03:20.3
3853,IGFS2016,89,101010101,141,143,125,1,Groundgear_A,Long,35D8,V,04/12/2016 10:28,30,53.227,-11.212,53.208,-11.257,VIIbDeep,116.6,22.6,4.3,1.980928935,3.675192829,0.428527484,Y,21.65317758,475,2.22,5.95,6.01,24,"Nil
",NA,03:20.3
3854,IGFS2016,MB12,101010101,129,127,126,1,Groundgear_A,Long,35D9,V,04/12/2016 12:46,20,53.094,-10.995,53.085,-10.964,VIIbDeep,112.4,21.9,4.3,1.242847662,2.305839819,0.259176396,Y,20.83611905,450,1.79,5.29,7.46,19,"Nil
",Hauled at 20 mins. ,03:20.3
3855,IGFS2016,FG120,101010101,133,132,127,1,Groundgear_A,Long,35D8,V,04/12/2016 14:46,20,53.033,-11.233,53.012,-11.236,VIIbDeep,115.1,22.7,4.3,1.264318653,2.345674681,0.269987156,Y,21.36084964,450,2.07,4.16,5.5,23,"Nil
",20 minute tow,03:20.3
3856,IGFS2016,FG214,101010101,135,134,128,1,Groundgear_A,Long,34D8,I,04/12/2016 16:46,12,52.93,-11.528,52.918,-11.518,VIIbDeep,115.4044185,21.88,NA,0.805920486,1.49521426,0.172554332,N,999,450,2.57,5.53,7.54,22,"Wing sensors started fluctuating wildly. Hauled in. Large piece of gillnet trapped close to one sensor. Large rocks in net. No damage to net.
",NA,03:20.3
3857,IGFS2016,50,101010101,132,131,129,1,Groundgear_A,Long,34D8,V,05/12/2016 7:49,30,52.907,-11.066,52.875,-11.05,VIIbDeep,111.9,21.3,4,2.005276246,3.720364093,0.416308742,Y,20.73914861,450,1.61,4.03,3.81,15,"Nil
",NA,03:20.3
3858,IGFS2016,MB14,101010101,125,125,130,1,Groundgear_A,Long,34D9,V,05/12/2016 9:48,30,52.774,-10.877,52.75,-10.914,VIIbDeep,112.8,21.9,4.2,1.970968821,3.656713953,0.412477334,Y,20.91374039,438,1.26,3.93,3.06,16,"Nil
",NA,03:20.3
3859,IGFS2016,48,101010101,118,119,131,1,Groundgear_A,Long,34D9,V,05/12/2016 12:04,30,52.65,-10.705,52.666,-10.752,VIIbMedium,112.4,22.2,4.3,1.9645479,3.644801299,0.409675666,Y,20.83611905,427,1.77,2.26,6.94,12,"Nil
",NA,03:20.3
3860,IGFS2016,90,101010101,138,137,132,1,Groundgear_A,Long,34D8,V,05/12/2016 15:39,30,52.766,-11.477,52.741,-11.51,VIIbDeep,118.6,22.8,4.2,1.921162282,3.564308501,0.422726988,Y,22.04387308,474,1.8,5.64,4.28,23,"Nil
",NA,03:20.3
3861,IGFS2016,FG75,101010101,118,116,133,1,Groundgear_A,Long,35D9,V,06/12/2016 7:58,30,53.318,-10.287,53.297,-10.245,VIIbMedium,118.3,22.9,4.1,1.965721141,3.646977997,0.431437497,Y,21.98520046,427,3.01,6.61,7.47,19,"Nil
",NA,03:20.3
3862,IGFS2016,MB15,101010101,98,96,134,1,Groundgear_A,Long,3.40E+01,V,06/12/2016 11:34,30,52.946,-9.974,52.965,-9.929,VIIbMedium,112.7,21.9,4.2,1.988979985,3.690129843,0.415877633,Y,20.89433129,370,0.98,4.65,3.09,20,"Nil
",NA,03:20.3
3863,IGFS2016,59,101010101,71,66,135,1,Groundgear_A,Short,3.50E+01,V,06/12/2016 13:27,30,53.054,-9.719,53.035,-9.674,VIIbCoast,80.9,20.8,4.4,1.98624641,3.685058275,0.298121214,Y,23.12375519,298,1.78,3.38,9.46,21,"Nil
",NA,03:20.3
3864,IGFS2016,62,101010101,37,33,136,1,Groundgear_A,Short,3.50E+01,V,06/12/2016 15:37,30,53.196,-9.474,53.193,-9.42,VIIbCoast,78.8,21,4.6,1.953609172,3.624506812,0.285611137,Y,22.49012977,213,0.65,2.23,2.65,14,"Nil
",NA,03:20.3
3865,IGFS2016,68,101010101,17,25,137,1,Groundgear_A,Short,3.40E+01,V,07/12/2016 8:08,30,52.553,-9.765,52.544,-9.816,VIIbCoast,72,19.5,4.8,1.941290599,3.601652318,0.259318967,Y,20.45762651,170,2.29,9.93,3.19,24,"Nil
",NA,03:20.3
3866,IGFS2016,70,101010101,97,95,138,1,Groundgear_A,Long,34D9,V,07/12/2016 11:40,30,52.521,-10.34,52.551,-10.316,VIIbMedium,112,21.8,4.2,2.002040379,3.714360628,0.41600839,Y,20.75853772,378,3.36,8.8,17.29,27,"Nil
",NA,03:20.3
3867,IGFS2016,66,101010101,49,53,139,1,Groundgear_A,Short,3.40E+01,V,07/12/2016 15:16,30,52.758,-9.629,52.79,-9.613,VIIbCoast,80.8,21.1,4.4,2.005692426,3.721136226,0.300667807,Y,23.09351533,246,3.03,7.44,14.29,25,"Nil
",NA,03:20.3
3868,IGFS2016,MB18,101010101,92,94,140,1,Groundgear_A,Long,32D9,V,08/12/2016 10:40,30,51.927,-10.55,51.912,-10.599,VIIjMedium,106.9,21.2,4.4,2.027591903,3.761766053,0.402132791,Y,19.77279519,336,4.42,12.42,6.29,17,"Nil
",NA,03:20.3
3869,IGFS2016,FG2,101010101,76,79,141,1,Groundgear_A,Short,32D9,V,08/12/2016 10:40,30,51.69,-10.204,51.679,-10.256,VIIjCoast,87.2,22.5,4.2,2.047583051,3.798855382,0.331260189,Y,25.04316771,298,3.53,9.47,7.68,15,"Nil
",NA,03:20.3
3870,IGFS2016,FG170,101010101,130,127.5,142,1,Groundgear_A,Long,31D9,V,08/12/2016 16:27,30,51.477,-10.464,51.458,-10.421,VIIjCoast,118.2,23.2,4.1,1.972847049,3.660198607,0.432635475,Y,35.01468782,438,3.72,5.97,14.46,19,"Nil
",NA,03:20.3
3871,IGFS2016,FG161,101010101,130,130,143,1,Groundgear_A,Long,2.90E+01,V,09/12/2016 8:01,30,50.336,-9.753,50.361,-9.706,VIIjDeep,117.4,22.7,4.3,2.344759429,4.350203023,0.510713835,Y,21.8093277,438,4.24,9.02,14.14,18,"Nil
",NA,03:20.3
3872,IGFS2016,FG162,101010101,128,133,144,1,Groundgear_A,Long,2.90E+01,V,09/12/2016 10:05,30,50.338,-9.399,50.361,-9.361,VIIjDeep,119.4,23.2,4.1,2.006687005,3.722981456,0.444523986,Y,22.20045264,438,4.17,10.56,18.88,17,"Nil
",NA,03:20.3
3873,IGFS2016,FG132,101010101,130,127,145,1,Groundgear_A,Long,3.00E+01,V,09/12/2016 12:06,30,50.518,-9.154,50.52,-9.102,VIIjDeep,118.4,23,4.2,1.991386858,3.694595283,0.437440082,Y,22.0047553,450,6.32,7.59,15.81,16,"Nil
",NA,03:20.3
3874,IGFS2016,CC306,101010101,126,122,146,1,Groundgear_A,Long,3.00E+02,V,09/12/2016 14:01,30,50.625,-8.913,50.605,-8.878,VIIgMedium,117.3,22.9,4.2,1.794660601,3.329611504,0.390563429,Y,21.78979965,415,3.85,6.94,14.77,15,"Nil
",NA,03:20.3
3875,IGFS2016,FG12,101010101,121,123,147,1,Groundgear_A,Long,3.00E+02,V,09/12/2016 16:06,30,50.552,-8.617,50.583,-8.583,VIIgMedium,116.8,22.9,4.1,2.267278444,4.206453514,0.49131377,Y,21.69219922,427,6.53,10.86,16.9,13,"Nil
",NA,03:20.3
3876,IGFS2016,FG35,101010101,105,108,148,1,Groundgear_A,Long,3.00E+03,V,10/12/2016 8:09,30,50.883,-7.787,50.907,-7.749,VIIgMedium,113.8,30.4,4.2,2.036548075,3.778382328,0.429979909,Y,21.10797008,378,4.11,7.54,14.96,4,"Nil
",NA,03:20.3
3877,IGFS2016,FG36,101010101,101,92,149,1,Groundgear_A,Long,3.10E+03,V,10/12/2016 9:58,30,51.034,-7.567,51.053,-7.525,VIIgMedium,112.8,30,4.4,1.954133445,3.625479491,0.408954087,Y,20.91374039,349,5.22,9.38,13.29,4,"Nil
",NA,03:20.3
3878,IGFS2016,FG23,101010101,105,107,150,1,Groundgear_A,Long,3.10E+03,V,10/12/2016 12:06,30,51.156,-7.447,51.18,-7.411,VIIgMedium,113.9,23,4.2,1.978160202,3.670056034,0.418019382,Y,21.12740699,378,5.8,9.54,15.75,9,"Nil
",NA,03:20.3
3879,IGFS2016,FG168,101010101,93,92,151,1,Groundgear_A,Long,3.10E+03,V,10/12/2016 13:50,30,51.29,-7.238,51.297,-7.188,VIIgMedium,110.9,22.8,4.4,1.926161705,3.573583869,0.396310451,Y,20.54539364,336,4.47,8.83,11.1,4,"Nil
",NA,03:20.3
3880,IGFS2016,FG187,101010101,117,111,152,1,Groundgear_A,Long,3.10E+04,V,10/12/2016 15:59,30,51.311,-6.925,51.34,-6.898,VIIgMedium,115.9,23.1,4,2.013266072,3.735187518,0.432908233,Y,21.51668472,415,3.12,5.79,12.96,12,"Nil
",NA,03:20.3
3881,IGFS2016,FG138,101010101,63,59,153,1,Groundgear_A,Short,3.20E+03,V,11/12/2016 7:52,30,51.898,-7.426,51.925,-7.394,VIIgCoast,83.8,21.5,4.2,2.007656144,3.724779488,0.312136521,Y,24.00373011,273,1.59,4.54,4.67,7,"Nil
",wing sensors on bridge qc were not the same as on scanmar screen,03:20.3
3882,IGFS2016,FG46,101010101,73,72,154,1,Groundgear_A,Short,3.20E+03,V,11/12/2016 10:10,30,51.801,-7.087,51.831,-7.068,VIIgCoast,83.1,21.6,4.3,1.932777037,3.585857211,0.297984734,Y,23.79078012,290,1.59,5.02,6.51,11,"TEAR IN NET TOWARDS END OF TOW, SENSORS REMIANED GOOD FOR ENTIRE TOW, HAUL KEPT AS VALID",NA,03:20.3
3883,IGFS2016,CN207,101010101,73,73,155,1,Groundgear_A,Short,3.20E+04,V,11/12/2016 12:39,32,51.772,-6.719,51.796,-6.681,VIIgCoast,83.2,21.9,4.2,2.0172639,3.742604639,0.311384706,Y,23.82118011,298,1.35,4.48,6.24,11,"Nil
",NA,03:20.3
3884,IGFS2016,33A,101010101,55,55,156,1,Groundgear_A,Short,3.20E+04,V,11/12/2016 15:03,30,52.007,-6.755,51.975,-6.737,VIIgCoast,79.9,21.9,4.3,2.031560265,3.769128507,0.301153368,Y,22.8216612,259,1.99,4.95,5.02,9,"Nil
",NA,03:20.3
3885,IGFS2016,FG208,101010101,75,75,157,1,Groundgear_A,Short,3.20E+03,V,12/12/2016 8:02,30,51.623,-6.994,51.6,-7.032,VIIgCoast,85,19.6,NA,1.978750754,3.671151677,0.312047893,Y,24.36961121,298,1.66,5.7,3.95,16,NIL,marport giving normal wing readings intermittently but logger and scanmar screen not,03:20.3
3886,IGFS2016,FG201,101010101,78,79,158,1,Groundgear_A,Short,3.20E+03,V,12/12/2016 9:41,30,51.501,-7.177,51.5,-7.23,VIIgCoast,86.8,28.9,NA,1.984591771,3.681988443,0.319596597,Y,24.92043072,311,1.7,5.08,4.2,15,"Nil
",NA,03:20.3
3887,IGFS2016,FG178,101010101,78,80,159,1,Groundgear_A,Short,3.20E+03,V,12/12/2016 11:36,30,51.589,-7.468,51.584,-7.519,VIIgCoast,86.2,20.67,4,1.928684993,3.578265292,0.308446468,Y,24.73655376,311,1.86,5.31,3.57,17,Nil,"will change wing sensors and headline after this tow, no readings",03:20.3
3888,IGFS2016,FG18,101010101,85,86,160,1,Groundgear_A,Long,3.20E+03,V,12/12/2016 13:57,30,51.632,-7.798,51.62,-7.847,VIIgMedium,108.1,21.3,4,1.96541618,3.646412209,0.39417716,Y,20.00417452,324,2.07,6.88,3.13,17,"Nil
",NA,03:20.3
3889,IGFS2016,53A,101010101,63,75,161,1,Groundgear_A,Short,3.20E+02,V,12/12/2016 16:29,30,51.645,-8.256,51.612,-8.253,VIIgMedium,81.5,21.8,4.1,1.982151752,3.677461506,0.299713113,Y,14.94616757,273,2.22,5.51,5.48,17,"Nil
",NA,03:20.3
3890,IGFS2016,FG197,101010101,93,94,162,1,Groundgear_A,Long,3.10E+03,V,13/12/2016 7:59,30,51.243,-7.672,51.246,-7.62,VIIgMedium,111.6,21.9,4.1,1.965392331,3.646367961,0.406934664,Y,20.68099618,349,2.22,5.37,5.03,9,"Nil
",NA,03:20.3
3891,IGFS2016,FG166,101010101,85,85,163,1,Groundgear_A,Short,3.10E+03,V,13/12/2016 9:56,30,51.4,-7.636,51.422,-7.596,VIIgCoast,87.6,22.4,4.1,1.997659234,3.706232345,0.324665953,Y,25.16602766,326,2.28,7.07,7.12,11,"Nil
",NA,03:20.3
3892,IGFS2016,FG37A,101010101,90,90,164,1,Groundgear_A,Long,3.10E+03,V,13/12/2016 11:50,30,51.388,-7.831,51.36,-7.856,VIIgMedium,112.9,22.3,4.1,1.923447903,3.568548985,0.40288918,Y,20.933152,349,2.7,7.4,8.12,20,"Nil
",NA,03:20.3
3893,IGFS2016,FG51,101010101,95,96,165,1,Groundgear_A,Long,3.10E+02,V,13/12/2016 13:45,30,51.347,-8.097,51.352,-8.148,VIIgMedium,111.9,22.1,4.2,1.938459491,3.596399797,0.402437137,Y,20.73914861,349,2.71,6.69,4.52,22,"Belly torn, 2 hours of mending but tow data looked good throughout and checked *.png again to make sure so treated as Valid tow",NA,03:20.3
3894,IGFS2016,FG17A,101010101,89,88,166,1,Groundgear_A,Long,3.10E+02,V,13/12/2016 16:08,30,51.482,-8.147,51.501,-8.103,VIIgMedium,109.5,21.8,4.3,2.002832339,3.715829942,0.406883379,Y,20.27454801,336,2.07,6.5,3.98,21,"Nil
",NA,03:20.3
3895,IGFS2016,FG16,101010101,106,106,167,1,Groundgear_A,Long,3.10E+02,V,14/12/2016 8:10,30,51.108,-8.216,51.09,-8.266,VIIgMedium,116.2,22.8,4.2,2.174575428,4.03446276,0.468804573,Y,21.57516591,378,3.73,8.99,7,7,"Nil
",NA,03:20.3
3896,IGFS2016,62A,101010101,112,115,168,1,Groundgear_A,Long,3.00E+02,V,14/12/2016 11:14,30,50.728,-8.461,50.704,-8.497,VIIgMedium,116.8,23,4.2,1.987174743,3.686780599,0.430615974,Y,21.69219922,402,4.29,9.8,11.64,14,"Nil
",NA,03:20.3
3897,IGFS2016,FG11,101010101,121,115,169,1,Groundgear_A,Long,3.00E+02,V,14/12/2016 13:57,30,50.843,-8.898,50.875,-8.891,VIIgMedium,117.8,23.2,4.1,1.937066941,3.593816217,0.42335155,Y,21.88746659,415,4.25,6.74,21.25,12,"Nil
",NA,03:20.3
3898,IGFS2016,CC321,101010101,120,122,170,1,Groundgear_A,Long,3.00E+01,V,14/12/2016 15:44,30,50.877,-9.079,50.903,-9.108,VIIjMedium,118.6,23.1,4.1,1.907922475,3.539744852,0.419813739,Y,22.04387308,415,4.92,11.04,17.76,9,"Nil
",NA,03:20.3
3899,IGFS2016,85,101010101,125,127,171,1,Groundgear_A,Long,3.00E+01,V,15/12/2016 8:03,30,50.756,-9.213,50.751,-9.265,VIIjDeep,117.4,22.8,4.4,2.000499435,3.711501735,0.435730304,Y,21.8093277,427,3.63,12.1,8.8,28,"Nil
",NA,03:20.3
3900,IGFS2016,VMS2,101010101,120,119,172,1,Groundgear_A,Long,3.00E+01,V,15/12/2016 9:45,30,50.826,-9.367,50.843,-9.413,VIIjMedium,115.9,22.9,4.4,2.022348355,3.752037765,0.434861177,Y,21.51668472,427,5.17,10.72,17.76,24,"Nil
",NA,03:20.3
3901,IGFS2016,FG57,101010101,122,123,173,1,Groundgear_A,Long,3.00E+01,V,15/12/2016 13:04,30,50.818,-9.769,50.836,-9.82,VIIjDeep,119.7,23,4.1,2.217250521,4.113637331,0.492402388,Y,22.25921496,427,6.05,15.15,12.79,24,"Nil
",NA,03:20.3
3902,IGFS2016,84,101010101,123,126,174,1,Groundgear_A,Long,3.00E+01,V,15/12/2016 14:50,30,50.755,-9.875,50.749,-9.922,VIIjDeep,117.9,22.7,4.2,1.823619831,3.383339205,0.398895692,Y,21.90700799,427,7.14,15.49,10.6,4,"Nil
",NA,03:20.3
3903,IGFS2016,FG9,101010101,50,54,175,1,Groundgear_A,Short,3.10E+01,V,16/12/2016 7:58,30,51.458,-9.633,51.448,-9.683,VIIjCoast,82.8,21.5,4.3,1.966986515,3.64932563,0.302164162,Y,23.69962274,233,5.46,8.56,6.35,13,"Nil
",NA,03:20.3
3904,IGFS2016,FG58,101010101,85,91,176,1,Groundgear_A,Long,3.10E+01,V,16/12/2016 9:30,30,51.353,-9.787,51.33,-9.826,VIIjMedium,111.9,20.98,4.1,2.011915919,3.732682596,0.417687182,Y,20.73914861,324,7.63,9.61,11.28,13,"Nil
",NA,03:20.3
3905,IGFS2016,FG33,101010101,71,69,177,1,Groundgear_A,Short,32D9,V,16/12/2016 11:57,29,51.488,-10.085,51.509,-10.044,VIIjCoast,84.5,21.9,4.2,1.985183137,3.683085597,0.311220733,Y,24.21703314,286,7.94,8.87,15.73,14,"Nil
",NA,03:20.3
3906,IGFS2016,FG204,101010101,57,51,178,1,Groundgear_A,Short,3.20E+01,V,16/12/2016 14:10,30,51.599,-9.834,51.619,-9.791,VIIjCoast,84.1,22.1,4.4,2.004097403,3.718177,0.312698686,Y,24.09510219,246,4.13,8.64,6.24,7,"Nil
",NA,03:20.3
3907,IGFS2016,FG223,101010101,42,40,179,1,Groundgear_A,Short,3.20E+01,V,16/12/2016 15:32,30,51.657,-9.658,51.673,-9.614,VIIjCoast,81.8,21.9,4.4,1.900845506,3.526615039,0.28847711,Y,23.39622227,220,2.19,4.76,2.94,7,"Nil
",NA,03:20.3
3908,IGFS2016,FG121,101010101,185,183,180,1,Groundgear_A,Long,34D8,V,17/12/2016 10:56,30,52.785,-11.835,52.819,-11.833,VIIbDeep,124.7,23.4,3.9,2.040659423,3.786010061,0.472115455,Y,23.24229233,568,4.79,7.93,19.94,28,"Nil
",NA,03:20.3
3909,IGFS2016,FG224,101010101,160,161,181,1,Groundgear_A,Long,35D8,V,17/12/2016 14:22,30,53.115,-11.643,53.15,-11.642,VIIbDeep,123.5,23.3,3.9,2.099772511,3.895681839,0.481116707,Y,23.00570516,499,5.38,7.95,21.53,28,"Nil
",NA,03:20.3
3910,IGFS2017,FG149,101020101,232,229,1,1,Groundgear_D,Long,38D9,V,05/10/2017 5:39,34,54.578,-10.612,54.609,-10.578,VIaSlope,122.3,24,4.2,2.205166778,4.091218513,0.500356024,Y,22.76953207,670,2.43,7.4,6.1,21,Shortened warp from 704 -> 670 -> 690. Unstable headline.,NA,03:20.3
3911,IGFS2017,FG113,101020101,217,215,2,1,Groundgear_D,Long,38D9,V,05/10/2017 7:52,30,54.722,-10.453,54.75,-10.423,VIaSlope,120.8,23.6,NA,1.976698177,3.667343557,0.443015102,Y,22.47488861,636,3.78,6.8,16.1,20,"Nil
",NA,03:20.3
3912,IGFS2017,FG151,101020101,241,225,3,1,Groundgear_D,Long,38D9,V,05/10/2017 10:36,23,54.951,-10.189,54.97,-10.163,VIaDeep,122.3,23.8,4.6,1.451063416,2.692139919,0.329248712,Y,22.76953207,750,4.01,8.1,9.1,20,"Nil
",NA,03:20.3
3913,IGFS2017,FG102,101020101,100,105,4,1,Groundgear_D,Long,3.80E+01,V,05/10/2017 13:25,32,54.904,-9.695,54.936,-9.701,VIaMedium,106.8,21.9,NA,1.931248293,3.583020952,0.382666638,Y,19.7535288,364,3.64,7.1,7.3,19,"Nil
",NA,03:20.3
3914,IGFS2017,FG108,101020101,240,234,5,1,Groundgear_D,Long,39D9,V,05/10/2017 16:36,23,55.09,-10.059,55.115,-10.037,VIaDeep,122.1,24.1,4,1.68024931,3.117345658,0.380627905,Y,22.73020971,704,2.97,6.4,6.4,17,"Nil
",NA,03:20.3
3915,IGFS2017,FG110,101020101,260,249,6,1,Groundgear_D,Long,3.90E+01,V,06/10/2017 5:32,30,55.486,-9.546,55.502,-9.497,VIaSlope,123.8,24.1,3.9,1.9257425,3.572806123,0.442313398,Y,23.06481289,773,1.77,5.4,11.6,11,"Nil
",NA,03:20.3
3916,IGFS2017,6,101020101,107,106,7,1,Groundgear_D,Long,4.00E+02,V,06/10/2017 8:57,30,55.626,-8.86,55.646,-8.906,VIaMedium,107.8,22.1,4.4,1.969433092,3.653864736,0.393886618,Y,19.94629796,366,3.16,5.8,8.6,21,"Nil
",NA,03:20.3
3917,IGFS2017,SC544,101020101,128,134,8,1,Groundgear_D,Long,4.00E+02,V,06/10/2017 10:45,18,55.794,-8.994,55.813,-8.993,VIaDeep,111.7,22.6,NA,1.140715919,2.116356064,0.236396972,Y,20.70037784,427,2.79,6.7,7.5,23,"Hauled early, marking alot of fish. TS and TSP acting up still.",NA,03:20.3
3918,IGFS2017,MB23,101020101,132,130,9,1,Groundgear_D,Long,4.00E+02,V,06/10/2017 12:52,31,55.995,-8.806,56.005,-8.851,VIaDeep,113.9,22.8,NA,1.627988582,3.020386979,0.344022077,Y,21.12740699,474,2.79,7.7,5.6,30,"Nil
",NA,03:20.3
3919,IGFS2017,FG118,101020101,129,127,10,1,Groundgear_D,Long,4.10E+02,V,06/10/2017 15:06,30,56.146,-8.805,56.159,-8.751,VIaDeep,113.1,22.8,NA,1.969930155,3.65478693,0.413356402,Y,20.97198276,438,2.19,4.4,6.6,21,"Nil
",NA,03:20.3
3920,IGFS2017,MMMA3,101020101,133,143,11,1,Groundgear_D,Long,4.00E+02,V,07/10/2017 5:18,31,55.813,-8.396,55.822,-8.338,VIaDeep,108.6,21.8,4.2,2.032769664,3.771372289,0.409571031,Y,20.10068281,432,2.62,7.5,10.7,23,"Nil
",NA,03:20.3
3921,IGFS2017,FG119,101020101,144,142,12,1,Groundgear_D,Long,4.10E+02,V,07/10/2017 7:37,18,56.001,-8.388,56.017,-8.404,VIaDeep,111.6,22.3,4.3,1.100636221,2.0419967,0.227886832,Y,20.68099618,474,3.61,8.7,11.6,23,"Nil
","Good mix of herring, whiting, haddock & Norway pout.",03:20.3
3922,IGFS2017,MM12,101020101,159,164,13,1,Groundgear_D,Long,4.10E+02,V,07/10/2017 9:54,21,56.228,-8.235,56.242,-8.202,VIaDeep,114.1,22.5,4.2,1.386598557,2.572539067,0.293526708,Y,21.16628846,499,2.69,7.3,9,20,"Nil
","Big marks so short tow, but only 2-300 Kg NOPs, WHG etc",03:20.3
3923,IGFS2017,GD17,101020101,154,158,14,1,Groundgear_D,Long,4.10E+02,V,07/10/2017 12:41,30,56.342,-8.521,56.355,-8.464,VIaDeep,112.1,21.9,4.1,2.053593843,3.81000713,0.427101799,Y,20.77792931,486,3.51,7.8,9,16,"Nil
",NA,03:20.3
3924,IGFS2017,FG94,101020101,174,174,15,1,Groundgear_D,Long,4.10E+03,V,07/10/2017 15:48,18,56.383,-7.808,56.397,-7.781,VIaDeep,120.5,23.5,3.6,1.230410147,2.282764651,0.27507314,Y,22.41603536,554,3.7,9.5,12.18,16,"Nil
","Alot of marks on TEY, but again afew hundred kilos of small gadoids.",03:20.3
3925,IGFS2017,MB2,101020101,92,114,16,1,Groundgear_D,Short,4.10E+03,V,08/10/2017 5:16,31,56.185,-7.8,56.209,-7.757,VIaCoast,86.4,22.4,4.2,2.035815136,3.777022516,0.326334745,Y,24.79781576,349,2.06,5.3,7.8,10,"Nil
",Moderate catch c.200Kg. Good MAC and some sandeel,03:20.3
3926,IGFS2017,93,101020101,95,93,17,1,Groundgear_D,Long,4.10E+03,V,08/10/2017 7:30,31,56.21,-7.304,56.218,-7.252,VIaMedium,104.8,21.3,4.3,1.804128447,3.347177082,0.350784158,Y,19.36868534,195,1.95,6,6.7,11,"Nil
",About 200Kg. Mostly medium WHG and quite a few DGS,03:20.3
3927,IGFS2017,FG192,101020101,93,87,18,1,Groundgear_D,Short,4.10E+03,V,08/10/2017 9:05,35,56.296,-7.079,56.323,-7.028,VIaCoast,70.8,19.5,4.1,2.349580339,4.359147196,0.308627621,Y,20.10180753,349,1.45,3.7,4.9,13,"Nil
","Alot of brown weed, had to shoot again to clean. Mostly WHG otherwise.",03:20.3
3928,IGFS2017,SC583,101020101,74,77,19,1,Groundgear_D,Short,4.10E+04,V,08/10/2017 11:03,31,56.367,-6.799,56.396,-6.773,VIaCoast,76.9,20.4,4.3,1.943918245,3.606527356,0.277341954,Y,21.91934133,288,1.45,3,6.7,15,"Nil
","Mix of WHG, SPR & NOPs",03:20.3
3929,IGFS2017,FG117,101020101,64,66,20,1,Groundgear_D,Short,4.10E+04,V,08/10/2017 13:05,30,56.243,-6.704,56.218,-6.744,VIaCoast,78.7,20.9,4.2,2.009773282,3.728707388,0.293449271,Y,22.46003009,273,2.06,6.7,4.7,12,"Nil
","Small catch, small MAC, some WHG & HAD. Tagged 2 Tope",03:20.3
3930,IGFS2017,SC573,101020101,54,57,21,1,Groundgear_D,Short,4.00E+04,V,08/10/2017 15:47,27,55.936,-6.664,55.91,-6.676,VIaCoast,77.5,20.6,4.2,1.611868226,2.990479083,0.231762129,Y,22.09934012,426,2.1,3.4,6.2,17,"Headline dipped at 25min so hauled, but no damage. One pot in  the codend.",Tagged 1 tope and 1 spurdog,03:20.3
3931,IGFS2017,MB4,101020101,165,165,22,1,Groundgear_D,Long,4.00E+03,V,09/10/2017 5:15,20,55.999,-7.804,55.986,-7.835,VIaDeep,115.2,22.6,4,1.302281759,2.41610716,0.278335545,Y,21.38031994,513,2.06,6.8,4.8,12,"Nil
","Alot of fish midwater and marking a thin dense line of fish just above the footrope, only 1-2 pixels deep so hauled @ 20min. Small enough catch of WHG, WHB and NOP.",03:20.3
3932,IGFS2017,GD6,101020101,117,125,23,1,Groundgear_D,Long,4.00E+03,V,09/10/2017 7:21,30,55.786,-7.818,55.798,-7.762,VIaMedium,103.7,21.3,4.2,2.025691581,3.75824041,0.38972953,Y,19.15740938,390,1.54,5.7,4,10,"Nil
",NA,03:20.3
3933,IGFS2017,FG114,101020101,65,67,24,1,Groundgear_D,Short,4.00E+03,V,09/10/2017 9:18,33,55.65,-7.586,55.651,-7.517,VIaCoast,80,20.31,4.5,2.342115548,4.345297862,0.347623829,Y,22.85184029,273,1.14,4.7,3.3,10,"Nil
",Very strong cross tide (0.6kts),03:20.3
3934,IGFS2017,31,101020101,55,54,25,1,Groundgear_D,Short,4.00E+03,V,09/10/2017 11:10,17,55.661,-7.218,55.677,-7.211,VIaCoast,77.2,20.6,4.7,0.989077053,1.835022361,0.141663726,Y,22.00931215,246,1.58,3.3,5.3,8,"Nil
","Solid thin stream of red & green marks again just above the footrope. Hauled at 17min, clean c. dozen boxes of scad.",03:20.3
3935,IGFS2017,31A,101020101,52,56,26,1,Groundgear_D,Short,4.00E+03,V,09/10/2017 12:50,30,55.841,-7.082,55.872,-7.061,VIaCoast,76.8,20.7,4.4,1.990833301,3.693568276,0.283666044,Y,21.8893637,233,1.19,4.4,3.3,11,"Nil
","Catch sensor fired twice, thin line of marks again. HOMs...moderate catch, probably above the headline.",03:20.3
3936,IGFS2017,SC575,101020101,110,112,27,1,Groundgear_D,Long,4.00E+03,V,09/10/2017 14:46,31,55.98,-7.212,55.98,-7.271,VIaMedium,106.5,21.4,4.2,1.985177061,3.683074325,0.392247416,Y,19.69574355,390,1.56,5.6,2.6,14,"Nil
","Quiet on the sounder, but reasonable haul of HAD, WHG and medium HOM.",03:20.3
3937,IGFS2017,8,101020101,94,93,28,1,Groundgear_D,Long,4.00E+02,V,10/10/2017 5:14,31,55.643,-8.273,55.624,-8.321,VIaMedium,108.8,21.17,4.1,1.988764731,3.689730485,0.401442677,Y,20.13930278,3.8,3.89,10.7,9.5,14,Bulldog on wing sensor pulled last night and not fixed so wing sensor not reliable.,"Not much on TEY, but good catch of HOM, HAD & WHG, c.1500Kg",03:20.3
3938,IGFS2017,9,101020101,80,78,29,1,Groundgear_D,Short,3.90E+02,I,10/10/2017 7:54,31,55.375,-8.228,55.352,-8.185,VIaCoast,78.1,20.72,5.2,2.016188778,3.740609977,0.292141639,Y,22.27956882,311,4.3,6.3,14.2,10,Broke upper bridle on starboard side and had to replace all 3 having dragged over hard ground. No net damage otherwise.,NA,03:20.3
3939,IGFS2017,MB7,101020101,65,67,30,1,Groundgear_D,Short,4.00E+03,V,10/10/2017 10:42,21,55.51,-7.767,55.53,-7.75,VIaCoast,80.2,20.31,4.3,1.332435563,2.472051137,0.198258501,Y,22.91221859,273,5.18,7.3,17.6,28,"Collected a few pots, but no major issues with geometry so left as a valid tow. Wing sensor not reliable, prod a pot.",NA,03:20.3
3940,IGFS2017,FG115,101020101,19,16,31,1,Groundgear_D,Short,3.90E+03,V,10/10/2017 13:28,22,55.262,-7.58,55.239,-7.583,VIaCoast,67.7,19.2,4.8,1.38396062,2.567644935,0.173829562,Y,19.18629692,150,3.21,4.9,7.6,18,"Nil
",Good marks for length of tow.Good shot of SPR with some HER & PIL,03:20.3
3941,IGFS2017,10,101020101,40,24,32,1,Groundgear_D,Short,3.90E+03,V,10/10/2017 16:05,33,55.241,-7.95,55.209,-7.915,VIaCoast,70.3,19.7,4.6,2.264564444,4.201418263,0.295359704,Y,19.95378887,172,3.13,6.6,7.7,19,"Nil
",NA,03:20.3
3942,IGFS2017,11,101020101,96,95,33,1,Groundgear_D,Long,3.90E+02,V,11/10/2017 5:23,31,55.309,-8.674,55.315,-8.733,VIaMedium,108.8,22.1,4.1,2.051102161,3.805384342,0.414025816,Y,20.13930278,349,2.94,4.6,7.1,18,"Nil
","Small haul of gadoids
",03:20.3
3943,IGFS2017,MM15,101020101,94,95,34,1,Groundgear_D,Long,3.90E+02,V,11/10/2017 7:45,30,55.47,-8.882,55.445,-8.919,VIaMedium,106.7,21.7,4.1,1.960206815,3.636747338,0.388040941,Y,19.73426472,336,5.35,13.4,20.13,14,"Nil
",Moderate catch of medium HAD and some HOM.,03:20.3
3944,IGFS2017,GD9,101020101,100,104,35,1,Groundgear_D,Long,3.90E+01,V,11/10/2017 9:52,31,55.323,-9.126,55.29,-9.127,VIaMedium,110,22.4,4.2,1.980507712,3.67441134,0.404185247,Y,20.37122395,366,4.96,7.7,19.2,15,"Nil
",NA,03:20.3
3945,IGFS2017,28,101020101,115,117,36,1,Groundgear_D,Long,3.90E+01,V,11/10/2017 13:01,33,55.121,-9.489,55.11,-9.547,VIaMedium,110.8,20.9,4.2,2.101196464,3.898323681,0.431934264,Y,20.52603168,402,4.63,13.6,11,22,"Nil
",NA,03:20.3
3946,IGFS2017,mar-04,101020101,93,90,37,1,Groundgear_D,Long,3.90E+01,V,11/10/2017 16:06,30,55.121,-9.014,55.089,-9.004,VIaMedium,108.7335309,22.2,4.2,1.950717421,3.619141783,0.393522065,N,999,349,4.33,3.1,21,17,"Testing Scanmar door sensor for Acoustic survey, but some issues with door pocket and npo readings",NA,03:20.3
3947,IGFS2017,FG100,101020101,57,57,38,1,Groundgear_D,Short,4.00E+03,V,12/10/2017 6:06,30,55.502,-7.428,55.502,-7.371,VIaCoast,81.8,20.05,4,1.941468755,3.601982847,0.294642197,Y,23.39622227,259,3.13,11.3,13.3,21,"Having trouble with testing old Scanmar sensors. Had to cancel initial tow and swap out doors, but wings still not working here.",Very small catch,03:20.3
3948,IGFS2017,33,101020101,80,77,39,1,Groundgear_D,Short,4.00E+03,V,12/10/2017 8:02,31,55.536,-7.086,55.514,-7.038,VIaCoast,84.1,20.7,4.1,2.100654543,3.897318262,0.327764466,Y,24.09510219,298,3.16,8.5,18,15,"Nil
",NA,03:20.3
3949,IGFS2017,mar-05,101020101,124,118,40,1,Groundgear_D,Long,4.00E+04,V,12/10/2017 9:53,31,55.563,-6.75,55.581,-6.696,VIaMedium,111.6,20.9,4.1,2.130194445,3.952123274,0.441056957,Y,20.68099618,427,3.38,7.3,16.8,15,"Nil
",NA,03:20.3
3950,IGFS2017,COD2,101020101,57,48,41,1,Groundgear_D,Short,3.90E+04,V,12/10/2017 13:44,29,55.301,-6.883,55.32,-6.924,VIaCoast,78.9,20.05,4.1,1.808046037,3.354445337,0.264665737,Y,22.520236,233,1.62,3.8,3.3,11,"Nil
",Had to cancel first tow due to strong cross tide and trouble with door+wing sensors as well as variable headline.,03:20.3
3951,IGFS2017,FG98,101020101,145,132,42,1,Groundgear_D,Long,3.90E+04,V,12/10/2017 15:49,33,55.279,-6.529,55.3,-6.473,VIaMedium,110.7,22.6,4.1,2.294640408,4.257217826,0.471274013,Y,20.50667218,438,2.25,2.9,10.4,20,"Nil
",NA,03:20.3
3952,IGFS2017,MM8,101020101,61,73,43,1,Groundgear_D,Short,3.80E+02,V,13/10/2017 5:17,33,54.863,-8.671,54.874,-8.729,VIaCoast,78.7,21.4,4.4,2.112858028,3.919959235,0.308500792,Y,22.46003009,259,3.89,15.7,5.7,29,"Nil
",NA,03:20.3
3953,IGFS2017,MM3,101020101,91,92,44,1,Groundgear_D,Short,3.80E+02,V,13/10/2017 7:53,31,54.658,-8.902,54.672,-8.953,VIaMedium,83.9,22.3,4.2,1.9626075,3.641201299,0.305496789,Y,15.39704112,336,3.31,10,3.4,18,"Nil
",NA,03:20.3
3954,IGFS2017,18,101020101,94,95,45,1,Groundgear_D,Long,3.80E+01,V,13/10/2017 10:06,33,54.596,-9.232,54.595,-9.278,VIaMedium,102.9,22.2,4.5,1.603715331,2.975353119,0.306163836,Y,19.00392414,348,4.93,12,5.4,24,"Got 1 pot, marker buoy at the end of tow, no damage or change in geometry.",V. small catch,03:20.3
3955,IGFS2017,MM5,101020101,100,101,46,1,Groundgear_D,Long,3.80E+01,V,13/10/2017 12:33,32,54.711,-9.565,54.689,-9.607,VIaMedium,107.4,21.8,4.2,1.967874101,3.650972358,0.392114431,Y,19.86916218,366,4.92,11.2,13.8,17,"Testing Scanmar TSP sensor again, deffo not working!",NA,03:20.3
3956,IGFS2017,FG207,101010101,53,54,47,1,Groundgear_A,Short,3.40E+01,V,06/11/2017 8:48,31,52.985,-9.48,52.956,-9.507,VIIbCoast,78.6,21.4,4.8,1.995447095,3.702128191,0.290987276,Y,22.42993695,233,2.61,5.4,7.7,24,"Nil
",Mostly SPR and small WHG,03:20.3
3957,IGFS2017,66,101010101,61,54,48,1,Groundgear_A,Short,3.40E+01,V,06/11/2017 10:48,32,52.804,-9.61,52.77,-9.624,VIIbCoast,82.9,22.2,4.6,2.101945267,3.899712925,0.323286201,Y,23.73000145,259,2.76,4.2,9.6,20,"Nil
",SPR amd HOM,03:20.3
3958,IGFS2017,FG206,101010101,98,100,49,1,Groundgear_A,Long,3.40E+01,V,06/11/2017 13:31,31,52.908,-9.878,52.925,-9.927,VIIbMedium,112.9,22.8,4.3,2.048421091,3.800410187,0.42906631,Y,20.933152,349,3.48,10.8,6.3,30,"Nil
",NA,03:20.3
3959,IGFS2017,68,101010101,26,28,50,1,Groundgear_A,Short,3.40E+01,V,07/11/2017 7:15,31,52.554,-9.758,52.545,-9.811,VIIbCoast,68.4,19.3,4.9,2.011593628,3.732084654,0.25527459,Y,19.39257128,151,2.52,8.3,4.3,14,"Nil
","Mostly SPR, small haul",03:20.3
3960,IGFS2017,MB17,101010101,89,93,51,1,Groundgear_A,Long,34D9,V,07/11/2017 9:25,29,52.586,-10.072,52.575,-10.123,VIIbMedium,108.8,22.1,4.6,1.976728195,3.667399249,0.399013038,Y,20.13930278,324,8.11,16,19,17,"Nil
",NA,03:20.3
3961,IGFS2017,FG122,101010101,113,116,52,1,Groundgear_A,Long,34D9,V,07/11/2017 12:11,31,52.681,-10.536,52.679,-10.591,VIIbMedium,115.8,23.2,4.2,2.008552433,3.726442361,0.431522025,Y,21.49719622,390,7.46,16.5,12.2,19,"Nil
",NA,03:20.3
3962,IGFS2017,MB14,101010101,127,127,53,1,Groundgear_A,Long,34D9,V,07/11/2017 14:51,30,52.775,-10.877,52.751,-10.912,VIIbMedium,117.9,23.4,4.1,1.921978348,3.565822539,0.420410477,Y,21.90700799,427,8.72,13.2,21.6,21,"Nil
",NA,03:20.3
3963,IGFS2017,71,101010101,57,65,54,1,Groundgear_A,Short,33D9,V,08/11/2017 7:16,31,52.023,-10.32,52.002,-10.364,VIIjCoast,83.4,22.2,4.3,2.058540899,3.819185341,0.318520057,Y,23.88200147,259,3.1,9.1,10.5,9,"Nil
",Dingle Bay - pathetic!,03:20.3
3964,IGFS2017,FG68,101010101,123,129,55,1,Groundgear_A,Long,32D9,V,08/11/2017 9:56,31,51.851,-10.765,51.815,-10.762,VIIjDeep,115.6,23.2,4.2,2.161845674,4.010845406,0.463653729,Y,21.45822706,415,5.65,6.8,20.9,8,"Nil
",NA,03:20.3
3965,IGFS2017,FG67,101010101,161,160,56,1,Groundgear_A,Long,32D9,V,08/11/2017 11:54,33,51.799,-10.982,51.831,-11.007,VIIjDeep,125.3,24,3.8,2.132219861,3.955881004,0.49567189,Y,23.36074314,486,7.73,10.6,18.8,16,"Nil
",NA,03:20.3
3966,IGFS2017,MB53,101010101,141,NA,57,1,Groundgear_A,Long,33D8,V,08/11/2017 14:26,31,52.057,-11.007,52.08,-11.042,VIIjDeep,119.9,23.6,4,1.891090171,3.508516087,0.420671079,Y,22.29840354,462,5.57,10.6,9.7,18,"Nil
",NA,03:20.3
3967,IGFS2017,FG1,101010101,159,158,58,1,Groundgear_A,Long,33D8,V,08/11/2017 16:45,30,52.161,-11.337,52.192,-11.354,VIIjDeep,121.6,23.8,4.1,1.962042065,3.640152254,0.442642514,Y,22.6319532,499,6.47,16,12.4,20,"Nil
","Couple of boxes of BOFs, not much else.",03:20.3
3968,IGFS2017,FG1,101010101,159,158,59,1,Groundgear_A,Long,33D8,A,08/11/2017 18:09,14,52.173,-11.342,52.188,-11.353,VIIjDeep,120.9,23.6,4.2,0.986811234,1.830818615,0.221345971,Y,22.49451192,499,NA,NA,NA,NA,Gear modification tow to improve E5. 25Kg added to footrope as ballast washers.,No catch,03:20.3
3969,IGFS2017,FG1,101010101,160,161,60,1,Groundgear_A,Long,33D8,A,08/11/2017 19:53,10,52.182,-11.35,52.193,-11.355,VIIjDeep,119.2,23.1,4.2,0.684988081,1.270849872,0.151485305,Y,22.16129143,499,NA,NA,NA,NA,Gear modification tow to improve E5. Fishing line adjusted.,No catch,03:20.3
3970,IGFS2017,41,101010101,155,150,61,1,Groundgear_A,Long,31D9,V,09/11/2017 7:18,31,51.432,-10.624,51.424,-10.572,VIIjDeep,122.1,23.9,4.1,2.007508512,3.724505588,0.454762132,Y,22.73020971,499,5.14,15.1,12.2,17,"Nil
",NA,03:20.3
3971,IGFS2017,FG128,101010101,139,133,62,1,Groundgear_A,Long,31D9,V,09/11/2017 9:01,32,51.323,-10.379,51.303,-10.33,VIIjDeep,118.8,23.6,4.1,2.197601616,4.077182961,0.484369336,Y,22.08300167,450,5.26,12.1,10.6,15,"Nil
",NA,03:20.3
3972,IGFS2017,FG203,101010101,168,168,63,1,Groundgear_A,Long,31D9,V,09/11/2017 11:56,31,51.249,-10.729,51.218,-10.749,VIIgMedium,122.4,24.1,4.1,2.005614554,3.720991751,0.45544939,Y,22.7891975,513,4.94,6.8,22.6,13,"Nil
",NA,03:20.3
3973,IGFS2017,FG129,101010101,158,157,64,1,Groundgear_A,Long,31D9,V,09/11/2017 14:09,31,51.129,-10.533,51.098,-10.515,VIIgMedium,121.9,23.8,3.8,1.979147902,3.671888501,0.447603208,Y,22.69089865,486,6.18,12.7,15.4,16,"Nil
",NA,03:20.3
3974,IGFS2017,FG65,101010101,154,150,65,1,Groundgear_A,Long,30D9,V,09/11/2017 16:40,30,50.864,-10.45,50.872,-10.399,VIIgMedium,119.8,23.7,4.1,1.99370208,3.698890686,0.443127104,Y,22.27880787,486,5.55,8.3,19.9,21,"Nil
",NA,03:20.3
3975,IGFS2017,FG124,101010101,242,239,66,1,Groundgear_A,Long,30D8,V,10/11/2017 7:18,31,50.859,-11.108,50.894,-11.113,VIIjSlope,131.3,24.6,NA,2.107208953,3.909478577,0.513314537,Y,24.55120648,704,4.6,9.9,12.4,24,TS sensor battery died.,NA,03:20.3
3976,IGFS2017,FG158,101010101,360,354,67,1,Groundgear_A,Long,31D8,V,10/11/2017 11:15,32,51.251,-11.464,51.285,-11.477,VIIjSlope,140.1,25.7,3.5,2.096660154,3.889907522,0.544976044,Y,26.31810367,1046,4.35,10.9,10,23,"Nil
",NA,03:20.3
3977,IGFS2017,FG28,101010101,237,235,68,1,Groundgear_A,Long,32D8,V,10/11/2017 14:47,31,51.59,-11.382,51.622,-11.392,VIIjSlope,128.2,24.4,4.4,1.955003481,3.627093656,0.464993407,Y,23.93476213,704,5.12,13,10.3,30,"Nil
",NA,03:20.3
3978,IGFS2017,FG3,101010101,187,184,69,1,Groundgear_A,Long,32D8,V,10/11/2017 17:12,22,51.618,-11.121,51.599,-11.101,VIIjDeep,122.5,23.4,4.6,1.362334931,2.527523063,0.309621575,Y,22.80886576,586,4.29,10.4,15.3,24,"Nil
",NA,03:20.3
3979,IGFS2017,FG172,101010101,237,234,70,1,Groundgear_A,Long,34D8,V,11/11/2017 7:29,30,52.518,-11.945,52.55,-11.96,VIIbSlope,129.2,24.4,4.2,1.996186757,3.703500477,0.478492262,Y,24.13328956,718,5.74,14.1,13.8,29,"Nil
",NA,03:20.3
3980,IGFS2017,FG121,101010101,186,186,71,1,Groundgear_A,Long,34D8,V,11/11/2017 10:10,31,52.792,-11.836,52.827,-11.832,VIIbDeep,122.9,23.5,4.4,2.104375869,3.904222392,0.479828932,Y,22.88756724,568,5.67,9.7,26.9,24,TSP problems.,NA,03:20.3
3981,IGFS2017,FG214,101010101,141,140,72,1,Groundgear_A,Long,34D8,I,11/11/2017 12:27,33,52.875,-11.473,52.904,-11.504,VIIbDeep,120.1,23.4,4.3,2.071390106,3.843024316,0.46154722,Y,22.33760311,462,5.99,13.2,12.4,23,TSP problems. Large hole in bottom sheet behind the footrope - stones.,NA,03:20.3
3982,IGFS2017,FG224,101010101,160,161,73,1,Groundgear_A,Long,35D8,V,11/11/2017 15:12,31,53.12,-11.639,53.154,-11.642,VIIbDeep,122.6,23.3,4.2,2.042348514,3.789143811,0.464549031,Y,22.82853686,486,4.85,7.8,16.4,12,"Nil
",NA,03:20.3
3983,IGFS2017,89,101010101,146,145,74,1,Groundgear_A,Long,35D8,V,11/11/2017 17:12,23,53.175,-11.336,53.188,-11.301,VIIbDeep,116.9,22.3,4.2,1.4828317,2.75107922,0.321601161,Y,21.71171401,462,6.22,8.7,17.9,15,"Nil
",Late tow and more boarfish looking marks on the sounder so cut short to 20min.,03:20.3
3984,IGFS2017,FG81,101010101,150,151,75,1,Groundgear_A,Long,36D9,V,12/11/2017 7:16,30,53.75,-10.735,53.782,-10.741,VIIbDeep,119.3,22.5,4.1,1.931522544,3.583529766,0.427515101,Y,22.18087067,462,5.33,14.7,13.1,27,"Nil
",NA,03:20.3
3985,IGFS2017,MB1,101010101,184,179,76,1,Groundgear_A,Long,36D8,I,12/11/2017 9:48,17,53.802,-11.076,53.816,-11.064,VIIbDeep,123.8,23.2,4.3,0.941778376,1.747269714,0.216311991,Y,23.06481289,540,4.48,12.9,12.1,27,"Came fast. Starboard winch very slow to haul, tension went up to 10ton. All 3 bridles broken, not a mesh damaged!",NA,03:20.3
3986,IGFS2017,FG216,101010101,230,231,77,1,Groundgear_A,Long,37D8,V,12/11/2017 13:13,30,54.069,-11.067,54.084,-11.018,VIIbSlope,129.4,24.2,4.1,1.94894871,3.615860314,0.467892325,Y,24.17303197,691,6.32,12.8,12,21,"Nil
",NA,03:20.3
3987,IGFS2017,FG91,101010101,282,295,78,1,Groundgear_A,Long,37D9,V,12/11/2017 15:09,26,54.214,-10.999,54.241,-11,VIIbSlope,132.9,24.8,4.1,1.620264722,3.006056998,0.399504975,Y,24.87055522,800,5.45,15.4,10.9,17,"Nil
",NA,03:20.3
3988,IGFS2017,SC554,101010101,57,63,79,1,Groundgear_A,Short,3.70E+02,V,13/11/2017 7:15,24,54.463,-8.806,54.462,-8.855,VIIbCoast,83.7,21.6,4.6,1.713717961,3.179439631,0.266119097,Y,23.97328718,225,2.76,6.2,6.3,20,"Nil
",NA,03:20.3
3989,IGFS2017,MM1,101010101,46,1.9,80,1,Groundgear_A,Short,3.70E+01,V,13/11/2017 9:49,31,54.322,-9.274,54.331,-9.329,VIIbCoast,77.4,20.4,4.8,2.002908986,3.715972144,0.287616244,Y,22.06932443,206,2.07,4.6,6.9,9,"Nil
",NA,03:20.3
3990,IGFS2017,MB10,101010101,88,88,81,1,Groundgear_A,Long,3.70E+01,V,13/11/2017 11:37,30,54.465,-9.409,54.487,-9.45,VIIbMedium,106.8,21.1,4.5,1.947965308,3.614035822,0.385979026,Y,19.7535288,324,3.36,9.3,6.4,25,"Nil
",NA,03:20.3
3991,IGFS2017,FG218,101010101,103,104,82,1,Groundgear_A,Long,3.70E+01,V,13/11/2017 14:35,30,54.486,-9.833,54.487,-9.885,VIIbMedium,113.9,22.8,4.4,1.817451557,3.371895282,0.384058873,Y,21.12740699,366,4.9,12.8,8.3,29,"Nil
",NA,03:20.3
3992,IGFS2017,32A,101010101,115,118,83,1,Groundgear_A,Long,37D9,V,13/11/2017 16:59,20,54.436,-10.168,54.457,-10.185,VIIbMedium,115.5,22.4,4.4,1.393135087,2.58466621,0.298528947,Y,21.43874638,402,4.68,10.1,14.2,23,"Nil
",NA,03:20.3
3993,IGFS2017,PO113,101010101,376,369,84,1,Groundgear_A,Long,36D8,V,14/11/2017 7:22,32,53.951,-11.934,53.95,-11.875,VIIbSlope,137.1,25.4,3.8,2.088710125,3.875157931,0.531284152,Y,25.71282437,1059,3.91,6.9,7.7,10,"Nil
",NA,03:20.3
3994,IGFS2017,PO12,101010101,295,294,85,1,Groundgear_A,Long,36D8,V,14/11/2017 9:49,31,53.769,-11.671,53.745,-11.677,VIIbSlope,133.8,24.7,3.9,1.455497808,2.700366991,0.361309103,Y,25.05055137,868,3.94,6.1,7.8,5,"Nil
",NA,03:20.3
3995,IGFS2017,PO16,101010101,296,300,86,1,Groundgear_A,Long,36D8,V,14/11/2017 11:42,31,53.631,-11.866,53.604,-11.902,VIIbSlope,134.4,24.8,3.8,2.066958368,3.834802167,0.515397411,Y,25.17069567,868,3.55,5.3,8.5,5,"Nil
",NA,03:20.3
3996,IGFS2017,PO24,101010101,221,223,87,1,Groundgear_A,Long,36D8,V,14/11/2017 13:56,32,53.56,-11.587,53.581,-11.543,VIIbSlope,126.4,23.7,4,2.013842972,3.736257832,0.47226299,Y,23.57817848,677,3.2,6.4,9.7,7,"Nil
",NA,03:20.3
3997,IGFS2017,PO14,101010101,224,217,88,1,Groundgear_A,Long,36D8,V,14/11/2017 15:48,32,53.69,-11.396,53.701,-11.342,VIIbSlope,126.7,23.8,4,2.032648199,3.771146938,0.477804317,Y,23.63754142,677,5.98,7.8,12.6,3,"Nil
",NA,03:20.3
3998,IGFS2017,MB28,101010101,136,136,89,1,Groundgear_A,Long,35D9,V,15/11/2017 7:22,32,53.429,-10.859,53.398,-10.883,VIIbDeep,113.6,21.8,4.2,2.048913007,3.801322832,0.431830274,Y,21.06910388,450,4.66,5.9,16.1,18,"Nil
",NA,03:20.3
3999,IGFS2017,MB12,101010101,134,132,90,1,Groundgear_A,Long,35D9,V,15/11/2017 10:16,33,53.092,-10.988,53.076,-10.934,VIIbDeep,117.4,22.7,4.3,2.17365797,4.032760612,0.473446096,Y,21.8093277,438,4.1,7.8,6.4,11,"Nil
",NA,03:20.3
4000,IGFS2017,52,101010101,126,124,91,1,Groundgear_A,Long,35D9,V,15/11/2017 11:59,34,53.153,-10.738,53.179,-10.693,VIIbDeep,115.6,22.5,4.3,2.250286182,4.174927981,0.482621675,Y,21.45822706,427,3.82,4.8,13.8,15,"Nil
",NA,03:20.3
4001,IGFS2017,56,101010101,109,110,92,1,Groundgear_A,Long,35D9,V,15/11/2017 14:52,31,53.115,-10.201,53.082,-10.19,VIIbMedium,113.6,22.2,4.2,2.018929622,3.745695032,0.425510956,Y,21.06910388,378,3.83,5.2,9.9,17,"Nil
",NA,03:20.3
4002,IGFS2017,43,101010101,83,89,93,1,Groundgear_A,Long,32D9,V,17/11/2017 7:32,30,51.683,-10.453,51.667,-10.499,VIIjMedium,108.6,21.8,4.6,1.965263607,3.646129141,0.395969625,Y,20.10068281,330,3.57,5.3,9.7,12,"Nil
",NA,03:20.3
4003,IGFS2017,FG33,101010101,66,66,94,1,Groundgear_A,Short,31D9,V,17/11/2017 10:43,30,51.488,-10.084,51.509,-10.043,VIIjCoast,85,21.8,4.4,1.985183137,3.683085597,0.313062276,Y,24.36961121,286,2.4,4.2,11.6,10,"Nil
",NA,03:20.3
4004,IGFS2017,FG223,101010101,38,34,95,1,Groundgear_A,Short,3.20E+01,V,17/11/2017 13:12,30,51.658,-9.658,51.674,-9.612,VIIjCoast,81.4,21.3,4.6,1.965559546,3.646678192,0.296839605,Y,23.27505701,220,0.26,1,2.7,5,"Nil
",NA,03:20.3
4005,IGFS2017,FG58,101010101,80,88,96,1,Groundgear_A,Long,3.10E+01,V,17/11/2017 16:52,28,51.352,-9.789,51.332,-9.824,VIIjMedium,108.8,22,4.3,1.779423467,3.30134224,0.359186036,Y,20.13930278,325,2.34,3.7,8.5,12,"Nil
","Hauled slightly early, getting quite dark",03:20.3
4006,IGFS2017,FG212,101010101,149,149,97,1,Groundgear_A,Long,29D9,V,18/11/2017 7:34,30,50.158,-10.593,50.127,-10.607,VIIjDeep,118.2,22.8,4.3,1.935267444,3.590477632,0.424394456,Y,21.96564831,486,3.51,5.4,11.7,15,"Nil
",NA,03:20.3
4007,IGFS2017,FG60,101010101,475,479,98,1,Groundgear_A,Long,29D8,V,18/11/2017 10:59,30,50.124,-11.142,50.157,-11.134,VIIjSlope,138.7,25,3.9,2.00234851,3.7149323,0.51526111,Y,26.03525147,1375,3.6,9.7,7.8,13,"Nil
",After 8 minutes the tow started deepening quickly so we increased the warp to 500m depth. After 12 minutes it shallowed again so we reduced the warp. Depth remained stable for the rest of the tow,03:20.3
4008,IGFS2017,FG61,101010101,240,236,99,1,Groundgear_A,Long,29D9,V,18/11/2017 13:30,30,50.347,-10.889,50.377,-10.863,VIIjSlope,127.9,23.8,4,2.056609185,3.815601456,0.488015426,Y,23.87526352,743,3.32,6.3,11.9,12,"Nil
",NA,03:20.3
4009,IGFS2017,FG62,101010101,246,309,100,1,Groundgear_A,Long,30D9,V,18/11/2017 15:39,30,50.532,-10.913,50.561,-10.937,VIIjSlope,129.9,23.9,4,1.965727089,3.646989034,0.473743876,Y,24.2724422,745,2.72,7.2,4.5,14,"Nil
",NA,03:20.3
4010,IGFS2017,82,101010101,166,164,101,1,Groundgear_A,Long,30D9,V,19/11/2017 7:42,30,50.717,-10.744,50.716,-10.692,VIIjDeep,125.9,23.2,3.9,1.980374054,3.674163365,0.462577168,Y,23.47929981,526,1.95,3,9,12,"Nil
",NA,03:20.3
4011,IGFS2017,FG160,101010101,157,153,102,1,Groundgear_A,Long,30D9,V,19/11/2017 10:06,30,50.545,-10.448,50.543,-10.396,VIIjDeep,121.8,22.9,4.1,1.990338599,3.692650463,0.449764826,Y,22.67124735,495,1.57,3.3,5.9,14,"Nil
",NA,03:20.3
4012,IGFS2017,FG54,101010101,142,136,103,1,Groundgear_A,Long,30D9,V,19/11/2017 12:14,30,50.515,-10.079,50.501,-10.027,VIIjMedium,119.1,22.8,4.2,2.158167016,4.004020438,0.476878834,Y,22.14171491,484,1.27,3.6,3.6,10,"Nil
",NA,03:20.3
4013,IGFS2017,FG211,101010101,116,125,104,1,Groundgear_A,Long,2.90E+01,V,19/11/2017 14:29,30,50.383,-9.822,50.414,-9.801,VIIjDeep,114.8,22.5,4.4,2.025412219,3.757722113,0.431386499,Y,21.30245427,388,1.32,3.8,4,15,"Nil
",NA,03:20.3
4014,IGFS2017,MB29,101010101,113,117,105,1,Groundgear_A,Long,3.00E+01,V,19/11/2017 16:04,30,50.508,-9.669,50.528,-9.628,VIIjMedium,113.7,22.4,4.4,1.973437498,3.661294058,0.416289134,Y,21.08853571,401,1.19,3,4.2,17,"Nil
",NA,03:20.3
4015,IGFS2017,FG195,101010101,131,134,106,1,Groundgear_A,Long,2.90E+01,V,20/11/2017 7:36,30,50.068,-9.982,50.082,-9.936,VIIjDeep,118.9,22.6,4.1,1.963318671,3.642520725,0.433095714,Y,22.10257004,450,2.41,7.2,7.4,17,"Nil
",NA,03:20.3
4016,IGFS2017,CC425,101010101,130,128,107,1,Groundgear_A,Long,2.90E+01,V,20/11/2017 9:31,30,50.136,-9.701,50.134,-9.649,VIIjDeep,118.8,22.4,4.1,2.007440338,3.724379105,0.442456238,Y,22.08300167,450,2.36,7.2,6.3,15,"Nil
",NA,03:20.3
4017,IGFS2017,FG162,101010101,123,125,108,1,Groundgear_A,Long,2.90E+01,V,20/11/2017 12:06,30,50.344,-9.39,50.368,-9.352,VIIjDeep,120.4,23.8,4,2.048211325,3.800021011,0.45752253,Y,22.39642315,426,2.9,6.9,10.1,18,"Nil
",NA,03:20.3
4018,IGFS2017,FG55,101010101,124,122,109,1,Groundgear_A,Long,3.00E+01,V,20/11/2017 14:36,30,50.589,-9.489,50.61,-9.447,VIIjMedium,121.1,23.2,4.2,2.038211727,3.781468882,0.457935882,Y,22.53376688,429,4,9.6,12.5,16,"Nil
",NA,03:20.3
4019,IGFS2017,85,101010101,121,121,110,1,Groundgear_A,Long,3.00E+01,V,20/11/2017 16:30,30,50.751,-9.269,50.756,-9.217,VIIjDeep,117.4,22.8,4.4,2.000499435,3.711501735,0.435730304,Y,21.8093277,429,3.16,8.2,10.9,15,"Nil
",NA,03:20.3
4020,IGFS2017,CC403,101010101,151,156,111,1,Groundgear_A,Long,28D9,F,21/11/2017 7:41,31,49.498,-10.757,49.508,-10.807,VIIjDeep,119.1,22.9,4.2,2.042021262,3.788536664,0.451214717,Y,22.14171491,490,3.07,9.1,4.3,23,EVHOE support tow,NA,03:20.3
4021,IGFS2017,CC414,101010101,134,132,112,1,Groundgear_A,Long,28D9,F,21/11/2017 10:35,30,49.722,-10.5,49.754,-10.499,VIIjDeep,118.8,22.8,4.2,1.918785199,3.559898328,0.422915921,Y,22.08300167,460,2.84,7.2,9.2,23,EVHOE support tow,NA,03:20.3
4022,IGFS2017,CC602,101010101,260,263,113,1,Groundgear_A,Long,28D9,F,21/11/2017 13:52,21,49.908,-10.954,49.93,-10.95,VIIjSlope,127.4,23.7,4.1,1.327993053,2.463809004,0.313889267,Y,23.77615987,785,3.18,8.7,14.5,14,EVHOE support tow,French tow. Hauled early due to cable crossing tow.,03:20.3
4023,IGFS2017,CC502,101010101,171,161,114,1,Groundgear_A,Long,29D9,V,21/11/2017 15:54,30,50.083,-10.921,50.064,-10.879,VIIjDeep,123.1,23.2,4.1,1.980866109,3.67507627,0.452401889,Y,22.9269351,567,3.45,6.1,12.6,8,"Nil
",French tow,03:20.3
4024,IGFS2017,CS448,101010101,149,146,115,1,Groundgear_A,Long,2.70E+01,F,22/11/2017 7:40,30,49.264,-9.479,49.286,-9.442,VIIjDeep,121.6,23.3,4.2,1.96092462,3.638079072,0.442390415,Y,22.6319532,486,4.29,13.6,14.6,24,EVHOE support tow,French tow,03:20.3
4025,IGFS2017,CS454,101010101,140,144,116,1,Groundgear_A,Long,2.80E+01,F,22/11/2017 10:52,30,49.501,-9.783,49.533,-9.785,VIIjDeep,119.9,22.9,4.1,1.919905693,3.561977167,0.427081062,Y,22.29840354,473,4.52,8.9,19.5,16,EVHOE support tow,NA,03:20.3
4026,IGFS2017,CC417,101010101,146,143,117,1,Groundgear_A,Long,2.80E+01,F,22/11/2017 13:37,30,49.769,-9.533,49.768,-9.483,VIIjDeep,122.6,23.3,4.1,1.942388117,3.603688528,0.441812214,Y,22.82853686,485,4.63,8.2,17.7,24,EVHOE support tow,NA,03:20.3
4027,IGFS2017,CC419,101010101,127,105,118,1,Groundgear_A,Long,2.80E+01,F,22/11/2017 15:33,31,49.922,-9.463,49.956,-9.447,VIIjDeep,119.4,22.8,4.2,2.130302483,3.952323716,0.471907452,Y,22.20045264,450,3.36,10.1,14.3,21,EVHOE support tow,NA,03:20.3
4028,IGFS2017,CC401,101010101,132,133,119,1,Groundgear_A,Long,2.70E+02,F,23/11/2017 7:33,30,49.45,-8.066,49.483,-8.063,VIIh_North,119.1,22.7,4.1,1.981717507,3.676655858,0.437889713,Y,22.14171491,460,4.4,12.5,14.6,25,EVHOE support tow,NA,03:20.3
4029,IGFS2017,CC406,101010101,133,132,120,1,Groundgear_A,Long,2.80E+02,F,23/11/2017 10:05,30,49.534,-8.315,49.567,-8.31,VIIh_North,119.9,22.9,4.1,1.987866052,3.688063177,0.442198775,Y,22.29840354,450,4.3,10,14.1,21,EVHOE support tow,NA,03:20.3
4030,IGFS2017,CC415,101010101,135,127,121,1,Groundgear_A,Long,2.80E+02,F,23/11/2017 12:28,30,49.732,-8.432,49.747,-8.478,VIIh_North,122.4,24.1,4.1,2.000691761,3.711858555,0.454331487,Y,22.7891975,462,4.99,13.2,18.5,20,EVHOE support tow,NA,03:20.3
4031,IGFS2017,CC421,101010101,132,116,122,1,Groundgear_A,Long,2.80E+02,F,23/11/2017 15:11,30,49.949,-8.677,49.955,-8.726,VIIh_North,121.9,23.3,4.2,1.929271834,3.579354053,0.436323259,Y,22.69089865,450,5.22,15.4,12.8,17,EVHOE support tow,NA,03:20.3
4032,IGFS2017,CC322,101010101,118,119,123,1,Groundgear_A,Long,3.00E+01,V,24/11/2017 7:32,30,50.912,-9.644,50.938,-9.614,VIIjMedium,115.2,22.6,4.1,1.929539254,3.579850192,0.412398742,Y,21.38031994,415,2.01,4.3,7.1,9,"Nil
",NA,03:20.3
4033,IGFS2017,FG200,101010101,123,118,124,1,Groundgear_A,Long,3.10E+01,V,24/11/2017 9:40,30,51.064,-9.766,51.082,-9.724,VIIjMedium,116.6,22.3,4.2,1.918960908,3.56022432,0.415122156,Y,21.65317758,435,2.64,4.1,7.9,5,"Nil
",NA,03:20.3
4034,IGFS2017,FG34A,101010101,112,112,125,1,Groundgear_A,Long,3.10E+01,V,24/11/2017 11:57,30,51.116,-9.376,51.116,-9.322,VIIjMedium,115.4,21.9,4.1,2.038074754,3.781214756,0.436352183,Y,21.4192683,400,1.96,4,6.1,13,"Nil
",NA,03:20.3
4035,IGFS2017,FG199,101010101,110,113,126,1,Groundgear_A,Long,3.10E+01,V,24/11/2017 13:54,30,51.267,-9.232,51.299,-9.217,VIIjMedium,115.9,24.1,3.9,2.000096864,3.710754851,0.430076487,Y,21.51668472,400,1.4,4.1,4.5,14,"Nil
",NA,03:20.3
4036,IGFS2017,FG56,101010101,60,58,127,1,Groundgear_A,Short,3.10E+01,V,24/11/2017 16:01,30,51.412,-9.419,51.423,-9.368,VIIjCoast,85.2,21.6,4.4,2.022867776,3.753001439,0.319755723,Y,24.43069393,273,1.47,3,4.3,10,"Nil
",NA,03:20.3
4037,IGFS2017,CC306,101010101,118,119,128,1,Groundgear_A,Long,3.00E+02,V,25/11/2017 10:36,30,50.626,-8.91,50.601,-8.876,VIIgMedium,117.8,22.6,4.1,1.98226733,3.677675937,0.433230225,Y,21.88746659,428,2.68,8.2,8.7,17,"Nil
",NA,03:20.3
4038,IGFS2017,FG12,101010101,116,116,129,1,Groundgear_A,Long,3.00E+02,V,25/11/2017 12:37,30,50.556,-8.615,50.587,-8.597,VIIgMedium,118.4,22.8,4.1,1.981716682,3.676654326,0.435315872,Y,22.0047553,427,3.32,5.1,9.5,20,"Nil
",NA,03:20.3
4039,IGFS2017,62A,101010101,110,108,130,1,Groundgear_A,Long,3.00E+02,V,25/11/2017 14:20,30,50.703,-8.498,50.727,-8.464,VIIgMedium,116.7,22.7,4.1,1.935474069,3.590860982,0.419053477,Y,21.67268708,402,2.4,4.6,9,21,"Nil
",NA,03:20.3
4040,IGFS2017,FG13,101010101,109,110,131,1,Groundgear_A,Long,3.00E+02,V,25/11/2017 16:05,30,50.738,-8.245,50.756,-8.201,VIIgMedium,116.9,22.6,4.2,1.991635633,3.695056833,0.431952144,Y,21.71171401,402,2.22,5.2,6.2,18,"Nil
",NA,03:20.3
4041,IGFS2017,CC307,101010101,103,103,132,1,Groundgear_A,Long,3.00E+03,I,26/11/2017 7:33,16,50.645,-7.287,50.648,-7.315,VIIgMedium,116.1,22.2,4.2,1.082502772,2.008353936,0.233169892,Y,21.55566956,385,1.54,5.1,3.1,15,"Large rock in cod-end. No damage
","Hauled early after 16 minutes. Came fast on port side, reeled out 20m of wire off port winch.",03:20.3
4042,IGFS2017,MB30,101010101,108,106,133,1,Groundgear_A,Long,3.00E+03,V,26/11/2017 9:35,30,50.613,-7.602,50.644,-7.615,VIIgMedium,116.9,22.4,4.2,1.923715645,3.569045723,0.417221445,Y,21.71171401,402,1.6,3.5,4.5,17,"Nil
",NA,03:20.3
4043,IGFS2017,FG53,101010101,107,107,134,1,Groundgear_A,Long,3.00E+03,V,26/11/2017 11:58,30,50.703,-7.884,50.723,-7.843,VIIgMedium,116.4,22.3,4.1,1.968330205,3.651818563,0.425071681,Y,21.61416649,402,1.37,4.4,5,16,"Nil
",NA,03:20.3
4044,IGFS2017,FG35,101010101,99,100,135,1,Groundgear_A,Long,3.00E+03,V,26/11/2017 13:51,30,50.882,-7.788,50.905,-7.752,VIIgMedium,114.9,22.4,4.1,1.94057422,3.600323228,0.413677139,Y,21.32191681,378,1.1,3.3,3.7,19,"Nil
","Trawl eye data very bouncy for the first half of the tow, but settled down for the second half


",03:20.3
4045,IGFS2017,FG36,101010101,94,88,136,1,Groundgear_A,Long,3.10E+03,V,26/11/2017 15:48,30,51.036,-7.561,51.056,-7.519,VIIgMedium,113.6,22.8,4,1.989621971,3.69132091,0.419334055,Y,21.06910388,349,0.87,4.6,4.1,20,"Nil
","Same problem with trawl eye as on last tow, but for the full tow this time",03:20.3
4046,IGFS2017,FG181,101010101,103,106,137,1,Groundgear_A,Long,3.10E+02,V,27/11/2017 7:37,30,51.097,-8.596,51.079,-8.638,VIIgMedium,115.4,22.3,4.1,1.918538352,3.559440356,0.410759417,Y,21.4192683,390,3.31,11.3,5.9,23,"Nil
",NA,03:20.3
4047,IGFS2017,FG180,101010101,109,105,138,1,Groundgear_A,Long,3.10E+02,V,27/11/2017 10:29,30,51.173,-8.913,51.184,-8.863,VIIgMedium,104.1,27.2,4.8,1.996659887,3.704378269,0.385625778,Y,19.23420552,390,3.01,10.4,10.6,24,"Nil
",No trawl angle data. Headline height is high and doorspread is narrower than last tow at same depth. John and Dennis think it is due to wind and tide pushing vessel along.,03:20.3
4048,IGFS2017,FG198,101010101,91,92,139,1,Groundgear_A,Long,3.10E+02,V,27/11/2017 13:09,30,51.376,-8.832,51.39,-8.783,VIIgMedium,110.1,21.7,4.4,2.021282574,3.750060433,0.412881654,Y,20.3905664,349,0.98,6.6,3.3,23,"Nil
",NA,03:20.3
4049,IGFS2017,FG185,101010101,91,92,140,1,Groundgear_A,Long,3.10E+02,V,27/11/2017 14:58,30,51.318,-8.559,51.302,-8.515,VIIgMedium,113.1,22.4,4.1,1.911869914,3.547068485,0.401173446,Y,20.97198276,349,1.7,6.2,7.9,22,"Nil
",NA,03:20.3
4050,IGFS2017,MB32,101010101,69,70,141,1,Groundgear_A,Short,3.10E+05,V,29/11/2017 7:40,30,51.461,-5.49,51.481,-5.531,VIIgCoast,87.4,22.1,4.1,1.948417549,3.614874858,0.315940063,Y,25.10458226,286,2.69,10.9,4.1,23,"Nil
",NA,03:20.3
4051,IGFS2017,FG165,101010101,87,86,142,1,Groundgear_A,Long,3.10E+05,V,29/11/2017 10:33,31,51.301,-5.814,51.333,-5.813,VIIgMedium,118.8,23.8,4,1.919282818,3.560821555,0.423025601,Y,22.08300167,568,2,10.3,3.8,23,"Nil
",NA,03:20.3
4052,IGFS2017,FG136,101010101,88,92,143,1,Groundgear_A,Long,3.10E+05,V,29/11/2017 13:05,30,51.49,-5.779,51.517,-5.82,VIIgMedium,110.4,22.3,4.1,2.230725026,4.138636413,0.45690546,Y,20.44860832,324,2.34,9.11,4.6,23,"Nil
",NA,03:20.3
4053,IGFS2017,FG139,101010101,116,114,144,1,Groundgear_A,Long,3.20E+04,V,29/11/2017 16:10,30,51.588,-6.207,51.618,-6.187,VIIgMedium,118,23.1,4.3,1.947944135,3.61399654,0.426451592,Y,21.92655208,402,1.06,7.6,3.14,25,"Nil
",NA,03:20.3
4054,IGFS2017,FG26,101010101,113,110,145,1,Groundgear_A,Long,3.20E+04,V,30/11/2017 7:37,30,51.799,-6.072,51.829,-6.078,VIIgMedium,115.8,24.2,4.2,1.812906478,3.363462854,0.389488998,Y,21.49719622,402,2.36,6.9,4.9,30,"Nil
",NA,03:20.3
4055,IGFS2017,FG25,101010101,81,77,146,1,Groundgear_A,Short,3.30E+04,V,30/11/2017 10:25,30,52.016,-6.209,52.003,-6.258,VIIgCoast,90.1,23,4.5,1.973964047,3.66227096,0.329970614,Y,25.93674734,324,1.41,4.7,5.2,19,"Nil
",NA,03:20.3
4056,IGFS2017,33A,101010101,59,54,147,1,Groundgear_A,Short,3.20E+04,V,30/11/2017 13:12,30,51.976,-6.738,52.006,-6.758,VIIgCoast,82.7,21.1,4.3,1.945616227,3.609677602,0.298520338,Y,23.66925111,273,0.65,1.13,2,17,"Nil
",NA,03:20.3
4057,IGFS2017,42A,101010101,51,45,148,1,Groundgear_A,Short,3.30E+03,V,30/11/2017 16:23,30,52.021,-7.376,52.05,-7.402,VIIgCoast,81.5,20.8,4.4,1.987404054,3.687206038,0.300507292,Y,23.30533796,233,0.25,0.6,1.2,20,"Nil
",NA,03:20.3
4058,IGFS2017,111,101010101,110,111,149,1,Groundgear_A,Long,3.10E+04,I,01/12/2017 7:38,10,51.43,-6.353,51.421,-6.358,VIIgMedium,114.6,21.8,4.4,0.571329822,1.059981116,0.121473836,Y,21.26353692,390,1.46,8.6,4.1,20,"No damage but came fast after 10 mins-muddy ground
",NA,03:20.3
4059,IGFS2017,110,101010101,77,79,150,1,Groundgear_A,Short,3.20E+04,V,01/12/2017 11:40,30,51.565,-6.45,51.593,-6.478,VIIgCoast,85.9,21.7,4.1,1.978374028,3.670452743,0.315291891,Y,24.64471728,298,1.87,6.2,4.4,19,"Nil
",NA,03:20.3
4060,IGFS2017,FG38,101010101,75,71,151,1,Groundgear_A,Short,3.20E+04,V,01/12/2017 13:33,30,51.707,-6.467,51.735,-6.494,VIIgCoast,86.4,21.8,4.2,1.957288605,3.631333219,0.31374719,Y,24.79781576,298,1.54,4.7,3,18,"Nil
",NA,03:20.3
4061,IGFS2017,E11,101010101,74,74,152,1,Groundgear_A,Short,3.20E+04,V,01/12/2017 15:32,30,51.786,-6.714,51.813,-6.746,VIIgCoast,83.4,21.1,4.1,2.009376732,3.727971673,0.310912838,Y,23.88200147,298,1.32,2,2.9,18,"Nil
",NA,03:20.3
4062,IGFS2017,FG52,101010101,98,97,153,1,Groundgear_A,Long,3.10E+02,V,02/12/2017 7:32,30,51.251,-8.051,51.23,-8.092,VIIgMedium,112.3,22.8,4.4,1.991841109,3.695438051,0.414997693,Y,20.81671998,355,0.46,1.7,1.3,11,"Nil
",NA,03:20.3
4063,IGFS2017,FG140,101010101,97,100,154,1,Groundgear_A,Long,3.10E+02,V,02/12/2017 9:40,30,51.03,-8.081,51.018,-8.129,VIIgMedium,115.1,23.1,4.2,1.952632984,3.622695703,0.416972275,Y,21.36084964,366,0.42,1.6,1.9,9,"Nil
",NA,03:20.3
4064,IGFS2017,VMS1,101010101,114,115,155,1,Groundgear_A,Long,3.00E+02,V,02/12/2017 11:54,30,50.9,-8.459,50.88,-8.499,VIIgMedium,116.4,22.3,4.1,1.933795481,3.587746719,0.417613718,Y,21.61416649,402,0.6,1.4,1.6,7,"Nil
",NA,03:20.3
4065,IGFS2017,FG11,101010101,121,116,156,1,Groundgear_A,Long,3.00E+02,V,02/12/2017 14:35,30,50.843,-8.897,50.875,-8.892,VIIgMedium,116.8,22.7,4.2,1.928123817,3.57722415,0.417819781,Y,21.69219922,415,0.75,1.6,2.2,12,"Nil
",NA,03:20.3
4066,IGFS2017,CC321,101010101,121,120,157,1,Groundgear_A,Long,3.00E+01,I,02/12/2017 16:32,30,50.879,-9.082,50.905,-9.113,VIIgMedium,115.6,22.7,4.3,1.95260255,3.622639239,0.418777096,Y,21.45822706,415,0.66,1.6,1.7,9,10 m  tore in wing end   Door spread 115.6,NA,03:20.3
4067,IGFS2017,CS436,101010101,159,156,158,1,Groundgear_A,Long,2.60E+01,F,03/12/2017 7:38,30,48.986,-9.153,48.962,-9.186,VIIjSouth ,118.9,24,4.5,1.940427999,3.600051947,0.428046176,Y,22.10257004,486,0.84,2.1,2.6,11,EVHOE support tow,NA,03:20.3
4068,IGFS2017,CS525,101010101,168,170,159,1,Groundgear_A,Long,2.60E+01,F,03/12/2017 9:54,30,48.71,-9.182,48.681,-9.205,VIIjSouth ,121.2,23.9,4.3,1.963242893,3.642380135,0.441456472,Y,22.55339855,513,0.97,2.9,4,11,EVHOE support tow,NA,03:20.3
4069,IGFS2017,CS608,101010101,207,232,160,1,Groundgear_A,Long,2.50E+01,F,03/12/2017 12:30,30,48.494,-9.521,48.472,-9.558,VIIjSouth ,131.1,23.9,3.9,1.977955519,3.669676288,0.481094561,Y,24.51134525,636,117,2.7,2.8,11,EVHOE support tow,NA,03:20.3
4070,IGFS2017,CS526,101010101,178,179,161,1,Groundgear_A,Long,2.60E+01,F,03/12/2017 15:36,30,48.784,-9.648,48.803,-9.687,VIIjSouth ,123.2,23.5,4.1,1.918972619,3.560246047,0.438622313,Y,22.94662331,540,0.99,3,3.4,8,EVHOE support tow,NA,03:20.3
4071,IGFS2017,NO867,101010101,210,196,162,1,Groundgear_A,Long,27D8,F,04/12/2017 7:54,30,49.067,-11.044,49.073,-10.996,VIIjSouth ,123.7,23.6,4.1,1.924354458,3.570230906,0.441637563,Y,23.04510744,609,1.82,2.8,5.2,4,EVHOE support tow,NA,03:20.3
4072,IGFS2017,CS527,101010101,174,162,163,1,Groundgear_A,Long,26D9,F,04/12/2017 10:03,30,48.951,-10.848,48.978,-10.82,VIIjSouth ,124,23.4,3.9,1.959727482,3.635858037,0.450846397,Y,23.10423247,554,1.52,3.7,4,2,EVHOE support tow,NA,03:20.3
4073,IGFS2017,CS438,101010101,148,147,164,1,Groundgear_A,Long,27D9,F,04/12/2017 12:04,30,49.08,-10.616,49.067,-10.567,VIIjSouth ,118.8,22.8,4.2,2.081096764,3.861032957,0.458690715,Y,22.08300167,485,1.15,3,7.2,2,EVHOE support tow,NA,03:20.3
4074,IGFS2017,CS440,101010101,132,127,165,1,Groundgear_A,Long,27D9,F,04/12/2017 15:09,30,49.082,-10.042,49.077,-9.993,VIIjSouth ,115.1,22.7,4.2,1.952602037,3.622638287,0.416965667,Y,21.36084964,462,1.43,3.3,6.7,4,EVHOE support tow,NA,03:20.3
4075,IGFS2017,CC306,101010101,130,124,166,1,Groundgear_A,Long,2.90E+02,F,05/12/2017 7:35,30,50.332,-8.8,50.325,-8.749,VIIgDeep,118.9,23,4.2,2.001871301,3.714046941,0.441600181,Y,22.10257004,438,0.9,2,3.1,7,EVHOE support tow,NA,03:20.3
4076,IGFS2017,CC430,101010101,127,123,167,1,Groundgear_A,Long,2.90E+02,F,05/12/2017 9:26,30,50.422,-8.582,50.455,-8.577,VIIgDeep,118.8,23,4.1,1.987823099,3.687983486,0.438132438,Y,22.08300167,427,1.41,2.3,4.2,13,EVHOE support tow,NA,03:20.3
4077,IGFS2017,CC309,101010101,117,117,168,1,Groundgear_A,Long,2.90E+02,F,05/12/2017 11:53,30,50.414,-8.258,50.44,-8.223,VIIgMedium,117.7,22.8,4.1,2.055992994,3.814458245,0.448961735,Y,21.86792786,415,1.04,2.4,2.6,11,EVHOE support tow,NA,03:20.3
4078,IGFS2017,FG133,101010101,120,121,169,1,Groundgear_A,Long,3.00E+02,V,05/12/2017 14:44,30,50.536,-8.018,50.52,-8.061,VIIgMedium,117.2,22.7,4.1,1.902931166,3.530484537,0.413772788,Y,21.77027426,415,1.29,3,2.9,12,"Nil
",NA,03:20.3
4079,IGFS2017,FG14,101010101,127,126,170,1,Groundgear_A,Long,3.00E+02,I,05/12/2017 16:38,9,50.644,-8.194,50.639,-8.206,VIIgMedium,116.7,22.8,4,0.547000651,1.014843508,0.118432237,Y,21.67268708,427,1.96,6,2.2,14,"no damage but warp alarm went off. muddy ground so be conservative with warp
",NA,03:20.3
4080,IGFS2017,FG187,101010101,111,112,171,1,Groundgear_A,Long,3.10E+04,V,06/12/2017 7:39,30,51.347,-6.891,51.319,-6.918,VIIgMedium,118.6,23.2,4.1,1.961617476,3.63936452,0.431628632,Y,22.04387308,395,3.4,1.06,4.9,27,"Nil
",NA,03:20.3
4081,IGFS2017,FG168,101010101,87,89,172,1,Groundgear_A,Long,3.10E+03,V,06/12/2017 9:55,30,51.298,-7.187,51.291,-7.237,VIIgMedium,112.1,23.4,4.2,1.926121866,3.573509956,0.400590466,Y,20.77792931,336,2.76,1.33,5.8,28,"Nil
",NA,03:20.3
4082,IGFS2017,FG197,101010101,91,87,173,1,Groundgear_A,Long,3.10E+03,V,06/12/2017 12:37,30,51.248,-7.607,51.244,-7.65,VIIgMedium,112.7,23.4,4.4,1.636031924,3.035309691,0.342079402,Y,20.89433129,336,3.63,1.22,5.6,32,"started logging tow a few minutes late on sodena
",NA,03:20.3
4083,IGFS2017,FG37A,101010101,88,84,174,1,Groundgear_A,Long,3.10E+03,V,06/12/2017 14:54,30,51.363,-7.854,51.391,-7.827,VIIgMedium,112.1,22.8,4.2,1.961126395,3.638453423,0.407870629,Y,20.77792931,336,2.59,1.33,3.9,29,"Nil
",NA,03:20.3
4084,IGFS2017,FG17A,101010101,90,90,175,1,Groundgear_A,Long,3.10E+02,V,07/12/2017 7:32,30,51.482,-8.145,51.501,-8.103,VIIgMedium,111.9,23,4.4,1.941724747,3.602457787,0.403115026,Y,20.73914861,336,4.56,12.6,10.3,11,"Nil
",NA,03:20.3
4085,IGFS2017,FG18,101010101,85,87,176,1,Groundgear_A,Long,3.20E+03,V,07/12/2017 9:32,30,51.615,-7.863,51.628,-7.814,VIIgMedium,111.4,22.3,4.2,1.988323286,3.688911476,0.410944738,Y,20.64224027,324,4,9.9,6.5,26,"Nil
",NA,03:20.3
4086,IGFS2017,FG176,101010101,82,81,177,1,Groundgear_A,Short,3.10E+03,V,07/12/2017 11:45,30,51.481,-7.552,51.49,-7.505,VIIgCoast,90.6,22.6,4,1.840601271,3.414844659,0.309384926,Y,26.09149268,324,3.95,11.99,11.6,21,"Nil
",NA,03:20.3
4087,IGFS2017,FG201,101010101,79,79,178,1,Groundgear_A,Short,3.10E+03,V,07/12/2017 13:36,30,51.499,-7.236,51.501,-7.186,VIIgCoast,88.9,22.5,4,1.875261231,3.479148851,0.309296333,Y,25.56618314,311,3.67,11.2,10.4,26,"Nil
",NA,03:20.3
4088,IGFS2017,FG208,101010101,75,74,179,1,Groundgear_A,Short,3.20E+03,V,07/12/2017 15:24,30,51.6,-7.032,51.623,-6.995,VIIgCoast,86.6,21.8,3.9,1.95215278,3.621804787,0.313648295,Y,24.85910804,298,3.42,8.6,13.1,31,"Nil
",NA,03:20.3
4089,IGFS2017,53A,101010101,80,61,180,1,Groundgear_A,Short,3.20E+02,V,08/12/2017 7:35,30,51.612,-8.252,51.645,-8.257,VIIgCoast,87.4,22.4,4.4,1.987766026,3.687877599,0.322320502,Y,25.10458226,286,1.81,2.3,7.7,23,"Nil
",NA,03:20.3
4090,IGFS2018,26,101020101,102,104,1,1,Groundgear_D,Long,3.80E+01,V,30/10/2018 9:57,31,54.776,-9.634,54.804,-9.602,VIaMedium,104.4,21.6,4.3,2.013349064,3.735341491,0.389969652,Y,19.29182619,366,2.65,5.46,9.02,26,"Nil
","Moderate shot of scad, some haddock",03:20.3
4091,IGFS2018,FG101,101020101,110,112,2,1,Groundgear_D,Long,38D9,V,30/10/2018 13:26,31,54.756,-10.096,54.785,-10.072,VIaMedium,108.8,22.4,4.2,1.928949145,3.578755372,0.389368584,Y,20.13930278,390,4.3,4.32,7.63,14,"Nil
",Moderate shot of Scad,03:20.3
4092,IGFS2018,FG151,101020101,244,220,3,1,Groundgear_D,Long,38D9,V,30/10/2018 15:41,32,54.949,-10.192,54.976,-10.156,VIaDeep,122.2,24.1,4.1,2.041926444,3.78836075,0.462937684,Y,22.74986947,759,4.39,6.78,4.18,15,"Nil
",NA,03:20.3
4093,IGFS2018,FG108,101020101,234,237,4,1,Groundgear_D,Long,39D9,V,30/10/2018 17:30,16,55.071,-10.078,55.086,-10.064,VIaDeep,119.8,23.3,4.1,1.020977176,1.894206263,0.22692591,Y,22.27880787,691,4.73,4.3,10.96,16,"Nil
",Short tow due to loss of daylight and fishroom backed up on 1st day.,03:20.3
4094,IGFS2018,SC546,101020101,105,114,5,1,Groundgear_D,Long,3.90E+01,V,31/10/2018 7:14,33,55.099,-9.358,55.134,-9.373,VIaMedium,105.3,22,4.2,2.162593887,4.012233556,0.422488193,Y,19.46481028,366,5.39,5.69,12.17,15,"Nil
",NA,03:20.3
4095,IGFS2018,GD8,101020101,119,113,6,1,Groundgear_D,Long,3.90E+01,V,31/10/2018 9:27,32,55.219,-9.611,55.243,-9.565,VIaMedium,112.3,23.4,3.9,2.136031392,3.962952489,0.445039565,Y,20.81671998,402,4,5.82,9.53,11,"Nil
",BOFs with a few HOMs,03:20.3
4096,IGFS2018,R210,101020101,126,131,7,1,Groundgear_D,Long,3.90E+01,V,31/10/2018 11:47,21,55.405,-9.252,55.428,-9.251,VIaDeep,109.7,22.8,4.2,1.38059471,2.561400204,0.280985602,Y,20.31321114,402,4.35,5.21,7.99,16,"Nil
","Hauled early, alot of marks and catches today all BOFs and HOMs..",03:20.3
4097,IGFS2018,MM15,101020101,92,93,8,1,Groundgear_D,Long,3.90E+02,V,31/10/2018 13:37,28,55.446,-8.918,55.47,-8.883,VIaMedium,105,21.9,4.2,1.870425411,3.470177014,0.364368586,Y,19.40712849,336,4.08,5.41,9.1,18,"Nil
","No BOFS!! HAD, POK.....",03:20.3
4098,IGFS2018,6,101020101,102,107,9,1,Groundgear_D,Long,4.00E+02,V,31/10/2018 15:25,26,55.626,-8.862,55.644,-8.902,VIaMedium,105.5,22.3,4.2,1.735079516,3.219071459,0.339612039,Y,19.50327621,349,3.94,8.77,2.68,16,"Nil
","Alot of marks, hauled a bit early.",03:20.3
4099,IGFS2018,SC544,101020101,132,135,10,1,Groundgear_D,Long,4.00E+02,V,31/10/2018 17:09,21,55.792,-8.993,55.815,-8.993,VIaDeep,109.8,22.8,4.2,1.380260328,2.56077983,0.281173625,Y,20.33254632,427,3.1,4.38,9.66,16,"Nil
","Alot of marks on Scanmar & Marport, hauled @ 20min.",03:20.3
4100,IGFS2018,FG111,101020101,278,274,11,1,Groundgear_D,Long,4.00E+01,V,01/11/2018 8:37,31,55.778,-9.325,55.744,-9.327,VIaSlope,127.1,24.6,3.7,2.041492643,3.787555925,0.481398358,Y,23.71673393,827,3.38,4.76,6.38,16,"Nil
","Had to haul back first tow, wing caught up.
",03:20.3
4101,IGFS2018,FG112,101020101,245,235,12,1,Groundgear_D,Long,4.00E+01,V,01/11/2018 11:33,32,55.997,-9.22,56.03,-9.205,VIaSlope,125.8,24.6,3.8,2.043633168,3.791527214,0.476974124,Y,23.45953298,745,2.79,4.69,6.2,20,"Nil
",NA,03:20.3
4102,IGFS2018,94,101020101,228,243,13,1,Groundgear_D,Long,4.10E+01,V,01/11/2018 13:38,32,56.174,-9.189,56.208,-9.176,VIaSlope,124.8,24.6,3.9,2.086371521,3.870819148,0.48307823,Y,23.26202681,691,3.8,4.74,10.07,13,"Nil
","Redfish, ling, POK

",03:20.3
4103,IGFS2018,MB23,101020101,130,134,14,1,Groundgear_D,Long,4.10E+02,V,01/11/2018 16:16,31,56.009,-8.868,55.998,-8.812,VIaDeep,115.5,23.1,3.9,1.995453042,3.702139224,0.42759708,Y,21.43874638,450,2.64,3.3,3.09,16,"Nil
",NA,03:20.3
4104,IGFS2018,2,101020101,145,153,15,1,Groundgear_D,Long,4.10E+02,V,02/11/2018 7:11,31,56.311,-8.375,56.315,-8.315,VIaDeep,111.6,22.5,4.1,2.015790099,3.739870314,0.417369527,Y,20.68099618,462,2.05,4.29,4.98,10,"Nil
",NA,03:20.3
4105,IGFS2018,MB3,101020101,154,157,16,1,Groundgear_D,Long,4.10E+02,V,02/11/2018 9:55,21,56.023,-8.171,56.006,-8.202,VIaDeep,111.8,22.8,4.1,1.458389595,2.705732087,0.302500847,Y,20.71976199,485,2.98,3.89,5.7,17,"Nil
",NA,03:20.3
4106,IGFS2018,FG95,101020101,155,151,17,1,Groundgear_D,Long,4.00E+03,V,02/11/2018 11:56,31,55.868,-7.964,55.862,-7.905,VIaDeep,111.2,22.7,4.1,2.023359832,3.753914344,0.417435275,Y,20.60349423,486,1.88,3.38,4.26,14,"Nil
","Small catch, juvenile whiting",03:20.3
4107,IGFS2018,MMMA3,101020101,145,147,18,1,Groundgear_D,Long,4.00E+02,V,02/11/2018 14:30,30,55.825,-8.315,55.817,-8.374,VIaDeep,114,22.7,4,2.050313802,3.80392171,0.433647075,Y,21.14684645,486,2.49,6.24,2.66,33,"Nil
","Big haul of scad, 8 boxes whiting. Full lift plus change.",03:20.3
4108,IGFS2018,8,101020101,93,93,19,1,Groundgear_D,Long,4.00E+02,V,02/11/2018 16:56,21,55.645,-8.267,55.632,-8.302,VIaMedium,107.4,21.8,4.1,1.421248453,2.636824587,0.283194961,Y,19.86916218,336,1.99,5.76,2.98,28,"Nil
",Good lift of mostly scad.,03:20.3
4109,IGFS2018,31A,101020101,53,51,20,1,Groundgear_D,Short,4.00E+03,V,03/11/2018 7:12,31,55.878,-7.058,55.845,-7.078,VIaCoast,78.38341255,20.6,4.2,2.092265592,3.881754344,0.304265152,N,999,246,3.05,6.3,4.07,21,"Nil
","Sand wave seabed, bit bouncy! Alot of pencil mackerel in the catch.
",03:20.3
4110,IGFS2018,MM10,101020101,59,64,21,1,Groundgear_D,Short,4.00E+03,V,03/11/2018 9:20,31,55.73,-7.266,55.726,-7.326,VIaCoast,76.2,21.2,4.4,2.046060348,3.79603033,0.289257511,Y,21.70962978,246,3.2,8.42,3.97,24,"Door sensor went off for a while again, came back. Stong tides in the area, possibly a factor.","Snagged some gear, ropes on door, nothing of note.
",03:20.3
4111,IGFS2018,FG114,101020101,70,70,22,1,Groundgear_D,Short,4.00E+03,V,03/11/2018 11:44,30,55.617,-7.582,55.617,-7.523,VIaCoast,81.2,25,4.2,2.003729808,3.717495006,0.301860594,Y,23.21451572,273,2.15,5.71,5.22,12,"Nil
","Small catch - scad, whiting",03:20.3
4112,IGFS2018,FG100,101020101,60,57,23,1,Groundgear_D,Short,4.00E+03,V,03/11/2018 13:32,30,55.502,-7.427,55.503,-7.368,VIaCoast,79.66363588,20.15,4.3,2.010460768,3.729982871,0.297143997,N,999,259,4.37,5.97,2.9,18,"Nil
","Door & wing sensors not working, but TS & TEY stable and normal. Spike in middle of tow, possibly gear. V. small catch.",03:20.3
4113,IGFS2018,FG115,101020101,25,17,24,1,Groundgear_D,Short,3.90E+03,V,03/11/2018 16:24,30,55.264,-7.58,55.231,-7.585,VIaCoast,70.62879851,18.2,4.8,1.987596829,3.68756369,0.260448193,N,999,137,1.04,1.31,1.42,18,"Nil
","Shortened warp from 150 -> 137
No door or TEY readings, wings ok. ",03:20.3
4114,IGFS2018,COD2,101020101,51,55,25,1,Groundgear_D,Short,3.90E+04,I,04/11/2018 7:06,31,55.319,-6.922,55.297,-6.876,VIaCoast,77.98644053,20.9,4.8,2.054702472,3.812063956,0.297289299,N,999,206,2.73,2.8,3.4,24,"No damage, but large basking shark in cod end to had to empty cod end on deck to release.","Door sensors not working again, but fully charged so prob tide problem more than technical. However, large basking shark caught in trawl. Had to empty cod end on deck to release.",03:20.3
4115,IGFS2018,FG45,101020101,173,175,26,1,Groundgear_D,Long,3.90E+04,V,04/11/2018 10:34,30,55.342,-6.324,55.374,-6.306,VIaMedium,116.9,23,3.7,2.016403609,3.741008552,0.4373239,Y,21.71171401,540,2.95,2.38,6.03,20,"Nil
",NA,03:20.3
4116,IGFS2018,FG98,101020101,145,142,27,1,Groundgear_D,Long,3.90E+04,V,04/11/2018 12:21,33,55.297,-6.484,55.278,-6.534,VIaMedium,103.9,26.7,4,2.057134039,3.816575212,0.396542165,Y,19.19580297,462,3.29,2.42,7.03,21,"Nil
","Tow commenced without SIC so NMEA noyt logged and original shoot time was for doors away so a bit of back calculation required for the 1st 20min! Good haul though, WHG, TUR, DGS",03:20.3
4117,IGFS2018,33,101020101,75,80,28,1,Groundgear_D,Short,4.00E+03,V,04/11/2018 15:30,31,55.507,-7.026,55.528,-7.071,VIaCoast,83.7,21.8,4,1.983807409,3.680533225,0.308060631,Y,23.97328718,286,3.39,9.7,4.21,17,"Nil
","Small catch, mostly WHG",03:20.3
4118,IGFS2018,SC573,101020101,60,56,29,1,Groundgear_D,Short,4.00E+04,V,05/11/2018 15:30,31,55.893,-6.682,55.925,-6.671,VIaCoast,79.66363588,20.6,4.1,1.955864931,3.628691894,0.28907479,N,999,246,3.98,2.09,9.67,7,"Nil
","Hauled back 1st tow, doors out of range and winch tension >7ton just after touchdown. Large ridges to the south on multibeam, tide showing as 2Kn on trawlspeed, but only 1Kn at surface.",03:20.3
4119,IGFS2018,FG116,101020101,81,89,30,1,Groundgear_D,Short,4.10E+04,V,05/11/2018 10:10,15,56.052,-6.982,56.052,-7.012,VIaCoast,80.6,21.4,4.2,1.007536056,1.869269121,0.150663091,Y,23.033056,298,3.16,5.66,3.54,NA,"Nil
","passed buoys 12mins into tow, hauled after 15min done due to buoys disappearing. Gear stable",03:20.3
4120,IGFS2018,FG117,101020101,66,67,31,1,Groundgear_D,Short,4.10E+04,V,05/11/2018 12:16,23,56.223,-6.736,56.242,-6.705,VIaCoast,80.64723694,20.9,4.4,1.540809406,2.858644537,0.230541783,N,999,273,2.5,4.42,5.79,10,"Nil
",hauled early due to comment at end of tow on Sodena to say snag  but no damage,03:20.3
4121,IGFS2018,SC583,101020101,80,76,32,1,Groundgear_D,Short,4.10E+04,V,05/11/2018 13:57,31,56.398,-6.771,56.367,-6.8,VIaCoast,84,21.5,4.1,2.096176557,3.88901031,0.326676866,Y,24.0646376,298,2.29,3.01,3.79,16,"Nil
",NA,03:20.3
4122,IGFS2018,FG192,101020101,88,95,33,1,Groundgear_D,Short,4.10E+03,V,05/11/2018 15:39,33,56.322,-7.03,56.298,-7.078,VIaCoast,75.9,20.9,4.2,2.153793211,3.995905771,0.303289248,Y,21.61984706,324,3.63,4.37,4.49,21,"Nil
",NA,03:20.3
4123,IGFS2018,10,101020101,26,43,34,1,Groundgear_D,Short,3.90E+03,V,06/11/2018 7:11,31,55.21,-7.915,55.239,-7.949,VIaCoast,86.6,17.2,4.8,2.094799932,3.886456274,0.336567113,Y,24.85910804,120,1.31,3.43,1.81,15,"Nil
","warp was adjusted from 165m to 100m and back to 120m to try stablise the door sensors
",03:20.3
4124,IGFS2018,9,101020101,77,79,35,1,Groundgear_D,Short,3.90E+02,I,06/11/2018 8:55,28,55.357,-8.195,55.377,-8.233,VIaCoast,82.9,22,4.3,1.768347916,3.280793907,0.271977815,Y,23.73000145,311,1.93,2.84,3.41,21,"Parted starboard bridles, no net damage, sensor ok. second year running.DONT DO AGAIN",Hauled back early as fast marked on Sodena track. Hard Ground.,03:20.3
4125,IGFS2018,12,101020101,101,101,36,1,Groundgear_D,Long,3.90E+02,V,06/11/2018 12:04,32,55.465,-8.615,55.435,-8.589,VIaMedium,104.4,21.4,4.1,2.006781028,3.723155897,0.388697476,Y,19.29182619,349,2.37,3.34,5.25,21,"Nil
",NA,03:20.3
4126,IGFS2018,MB106,101020101,97,100,37,1,Groundgear_D,Long,3.90E+02,V,06/11/2018 14:13,30,55.274,-8.696,55.272,-8.755,VIaMedium,106.6,21.6,4,2.024796169,3.756579163,0.400451339,Y,19.71500297,349,3.47,7.56,3.34,30,"Nil
",NA,03:20.3
4127,IGFS2018,MM4,101020101,89,87,38,1,Groundgear_D,Long,3.80E+01,V,07/11/2018 7:04,31,54.661,-9.017,54.627,-9.012,VIaMedium,101.2,21,4.3,2.047400783,3.798517223,0.384409943,Y,18.67823589,324,3.35,1.36,5.55,7,"Nil
",NA,03:20.3
4128,IGFS2018,MB11,101020101,97,97,39,1,Groundgear_D,Long,3.80E+01,V,07/11/2018 10:06,27,54.505,-9.661,54.5,-9.709,VIaMedium,103.2,20.9,4.4,1.702713834,3.15902381,0.326011257,Y,19.06146444,349,6.5,5.95,5.04,19,"Nil
",NA,03:20.3
4129,IGFS2018,MB52,101010101,42,42,40,1,Groundgear_A,Short,3.50E+01,V,09/11/2018 8:09,30,53.135,-9.333,53.11,-9.365,VIIbCoast,75.98275046,20.1,4,1.892664569,3.511437048,0.266808645,N,999,NA,NA,NA,NA,34,"Nil
",NA,03:20.3
4130,IGFS2018,FG127,101010101,48,54,41,1,Groundgear_A,Short,3.50E+01,V,09/11/2018 10:13,25,53.196,-9.565,53.193,-9.611,VIIbCoast,77.36079443,21.2,4.2,1.666852783,3.092491249,0.23923758,N,999,206,NA,NA,NA,37,"Nil
",NA,03:20.3
4131,IGFS2018,FG75,101010101,120,121,42,1,Groundgear_A,Long,35D9,V,09/11/2018 16:26,30,53.291,-10.237,53.315,-10.279,VIIbMedium,118.3,23.8,4.1,2.085740946,3.869649251,0.457779506,Y,21.98520046,415,6.88,7.49,27.11,29,"Nil
",NA,03:20.3
4132,IGFS2018,25,101010101,66,47,43,1,Groundgear_A,Long,3.70E+01,V,10/11/2018 8:01,25,54.331,-9.922,54.305,-9.918,VIIbCoast,102.5948199,21.1,4.4,1.566208034,2.905766298,0.29811657,N,999,233,4.14,4.7,16.31,17,"Nil
",NA,03:20.3
4133,IGFS2018,23A,101010101,113,116,44,1,Groundgear_A,Long,37D9,V,10/11/2018 10:12,30,54.431,-10.161,54.461,-10.189,VIIbMedium,110.9,22.4,4.1,2.048982516,3.801451791,0.421581004,Y,20.54539364,390,5.26,7.85,9.83,21,"Nil
",NA,03:20.3
4134,IGFS2018,22,101010101,117,128,45,1,Groundgear_A,Long,37D9,V,10/11/2018 12:47,30,54.301,-10.315,54.29,-10.368,VIIbMedium,112.7,22.2,4.1,1.973623104,3.661638412,0.412666649,Y,20.89433129,402,5.6,8.96,5.77,18,"Nil
",NA,03:20.3
4135,IGFS2018,21,101010101,180,179,46,1,Groundgear_A,Long,37D9,V,10/11/2018 15:42,30,54.175,-10.678,54.145,-10.698,VIIbDeep,120.8,23.9,4.1,1.932704996,3.585723554,0.433155405,Y,22.47488861,554,6.14,5.18,11.72,16,"Nil
",NA,03:20.3
4136,IGFS2018,MB27,101010101,58,62,47,1,Groundgear_A,Short,3.70E+02,V,11/11/2018 8:03,20,54.396,-8.824,54.417,-8.835,VIIbCoast,112.2,21.2,4.2,1.317456629,2.444260907,0.274246074,Y,33.00144555,233,2.46,4.29,8.08,14,"Nil
",Hauled one old pot and one fresh pot. Did not start tow until full daylight. also hauled after 20 mins to avoid visible string of pots.,03:20.3
4137,IGFS2018,MM1,101010101,42,43,48,1,Groundgear_A,Long,3.70E+01,V,11/11/2018 10:29,30,54.323,-9.282,54.331,-9.335,VIIbCoast,94.50428617,20.7,4.4,1.919566492,3.561347852,0.336562637,N,999,220,1.35,2.65,2.56,18,"Nil
",NA,03:20.3
4138,IGFS2018,20,101010101,46,49,49,1,Groundgear_A,Short,3.70E+01,V,11/11/2018 12:31,30,54.34,-9.63,54.347,-9.681,VIIbCoast,76.92157921,20.5,4.6,1.836408118,3.407065155,0.262076832,N,999,206,2.01,3.08,2.52,18,"Nil
",NA,03:20.3
4139,IGFS2018,MB10,101010101,85,90,50,1,Groundgear_A,Long,3.70E+01,V,11/11/2018 15:00,30,54.474,-9.427,54.496,-9.468,VIIbMedium,107.2,21.4,4.2,1.947735369,3.613609219,0.387378908,Y,19.83060838,324,3.16,5.82,4.43,24,"Nil
",NA,03:20.3
4140,IGFS2018,FG91,101010101,290,290,51,1,Groundgear_A,Long,37D9,V,12/11/2018 7:58,30,54.247,-10.998,54.216,-10.993,VIIbSlope,136.7,25.5,3.8,1.86815221,3.465959573,0.473796674,Y,25.63235442,909,7.1,8.86,7.11,24,"Nil
",NA,03:20.3
4141,IGFS2018,GD12,101010101,270,268,52,1,Groundgear_A,Long,37D8,V,12/11/2018 13:05,30,54.007,-11.302,53.975,-11.326,VIIbSlope,132.3,24.8,3.8,2.098923769,3.894107179,0.51519038,Y,24.75070338,800,5.24,4.44,8.65,14,"Nil
",NA,03:20.3
4142,IGFS2018,FG99,101010101,308,316,53,1,Groundgear_A,Long,36D8,V,12/11/2018 14:59,20,53.955,-11.505,53.954,-11.542,VIIbSlope,130,24.9,4,1.310577183,2.431497556,0.316094682,Y,24.29233357,870,4.95,8.11,7.29,20,"Nil
",only fished for 20 mins to get to last station,03:20.3
4143,IGFS2018,PO9,101010101,262,263,54,1,Groundgear_A,Long,36D8,V,12/11/2018 16:53,20,53.832,-11.417,53.815,-11.441,VIIbSlope,131.8,24.6,4.1,1.328832647,2.465366693,0.32493533,Y,24.65091508,773,5.21,7.1,8.45,21,"Nil
",NA,03:20.3
4144,IGFS2018,PO161,101010101,319,321,55,1,Groundgear_A,Long,35D7,V,13/11/2018 7:38,30,53.466,-12.125,53.498,-12.103,VIIbSlope,135.1,25.5,3.8,2.074767789,3.849290889,0.520039199,Y,25.31101386,923,3.21,6,8.11,21,"Nil
",NA,03:20.3
4145,IGFS2018,PO16,101010101,299,298,56,1,Groundgear_A,Long,36D8,V,13/11/2018 9:36,30,53.608,-11.897,53.634,-11.86,VIIbSlope,134.1,25.3,3.9,2.04307907,3.790499202,0.508305943,Y,25.11060876,882,3.7,5.46,8.72,19,"Nil
",NA,03:20.3
4146,IGFS2018,FG103,101010101,200,201,57,1,Groundgear_A,Long,35D8,V,13/11/2018 12:35,30,53.448,-11.64,53.421,-11.671,VIIbDeep,126.9,24.1,4,1.963807013,3.643426739,0.462350853,Y,23.67713168,622,4.45,10.88,5.24,29,"Nil
",NA,03:20.3
4147,IGFS2018,FG104,101010101,220,228,58,1,Groundgear_A,Long,35D8,V,13/11/2018 15:21,30,53.276,-11.903,53.251,-11.923,VIIbSlope,127.9,24.4,4.4,1.663242887,3.085793853,0.394673034,Y,23.87526352,663,4.32,9.63,7.26,28,"Nil
",NA,03:20.3
4148,IGFS2018,FG148,101010101,248,248,59,1,Groundgear_A,Long,35D7,V,13/11/2018 17:05,20,53.27,-12.013,53.249,-12.015,VIIbSlope,132.8,24.7,4.1,1.261757018,2.340922111,0.310874456,Y,24.85057186,745,4.3,10.5,7.89,20,"Nil
",NA,03:20.3
4149,IGFS2018,MB12,101010101,134,136,60,1,Groundgear_A,Long,35D9,V,14/11/2018 7:39,30,53.079,-10.942,53.092,-10.989,VIIbDeep,116.6,22.9,4.3,1.867975531,3.465631782,0.404092666,Y,21.65317758,450,5.95,4.28,17.62,33,"Nil
",NA,03:20.3
4150,IGFS2018,MB28,101010101,139,138,61,1,Groundgear_A,Long,35D9,V,14/11/2018 10:41,31,53.406,-10.876,53.438,-10.849,VIIbDeep,114.5,22.2,4.3,2.149632442,3.988186348,0.456647337,Y,21.2440821,462,4.62,12.33,14.77,27,"Nil
",NA,03:20.3
4151,IGFS2018,FG80,101010101,95,87,62,1,Groundgear_A,Long,36D9,V,14/11/2018 13:57,30,53.695,-10.378,53.718,-10.34,VIIbMedium,113.2,22.9,4.2,1.932147216,3.584688712,0.405786762,Y,20.99140193,366,7.07,8.91,20.02,35,"Nil
",NA,03:20.3
4152,IGFS2018,FG83,101010101,49,46,63,1,Groundgear_A,Long,36D9,V,14/11/2018 16:23,30,53.84,-10.036,53.844,-9.981,VIIbCoast,79.2,20.9,4.3,1.966047332,3.647583176,0.288888588,Y,22.6105941,220,2.63,3.46,6.23,25,"Nil
",NA,03:20.3
4153,IGFS2018,89,101010101,150,150,64,1,Groundgear_A,Long,35D8,V,15/11/2018 7:36,30,53.226,-11.211,53.207,-11.256,VIIbDeep,117.6,22.5,4,1.980959686,3.675249882,0.432209386,Y,21.84839181,474,5.6,13.95,11.85,18,"Nil
",NA,03:20.3
4154,IGFS2018,FG224,101010101,164,164,65,1,Groundgear_A,Long,35D8,V,15/11/2018 10:20,30,53.162,-11.642,53.13,-11.639,VIIbDeep,124.2,23.8,3.9,1.922559807,3.566901311,0.443009143,Y,23.14366363,513,5.28,6.71,14.08,18,"Nil
",NA,03:20.3
4155,IGFS2018,PO34,101010101,238,238,66,1,Groundgear_A,Long,34D7,V,15/11/2018 14:15,30,52.982,-12.081,52.95,-12.08,VIIbSlope,131.7,24.7,3.8,1.919796204,3.561774033,0.46908564,Y,24.630967,704,5.6,5.39,9.26,26,"Nil
",NA,03:20.3
4156,IGFS2018,PO189,101010101,320,320,67,1,Groundgear_A,Long,35D7,V,15/11/2018 17:01,32,53.114,-12.326,53.147,-12.316,VIIbSlope,130.8529458,25.2,3.8,2.012101256,3.73302645,0.488477508,N,999,923,6.84,7.18,20.01,19,"Nil
",NA,03:20.3
4157,IGFS2018,MB14,101010101,130,130,68,1,Groundgear_A,Long,34D9,V,16/11/2018 7:34,30,52.748,-10.914,52.775,-10.877,VIIbDeep,115.9,22.6,4.1,2.105993404,3.907223384,0.45284719,Y,21.51668472,427,4.78,110.5,12.75,25,"Nil
",NA,03:20.3
4158,IGFS2018,FG122,101010101,119,116,69,1,Groundgear_A,Long,34D9,V,16/11/2018 9:55,30,52.679,-10.6,52.681,-10.542,VIIbMedium,116.9,22.6,3.9,2.117729117,3.928996506,0.459299692,Y,21.71171401,416,4.25,3.76,12.64,22,"Nil
",slack tide,03:20.3
4159,IGFS2018,53,101010101,114,114,70,1,Groundgear_A,Long,34D9,V,16/11/2018 12:30,30,52.892,-10.437,52.92,-10.394,VIIbMedium,113,22.1,4,2.291837754,4.252018096,0.480478045,Y,20.95256612,390,4.32,8.51,8.24,16,"Nil
",NA,03:20.3
4160,IGFS2018,56,101010101,108,108,71,1,Groundgear_A,Long,35D9,V,16/11/2018 14:44,30,53.064,-10.184,53.096,-10.195,VIIbMedium,115.9,22.8,4,1.960181508,3.636700385,0.421493575,Y,21.51668472,390,5.32,3.9,16.24,23,"Nil
",NA,03:20.3
4161,IGFS2018,58,101010101,92,91,72,1,Groundgear_A,Long,3.50E+01,V,16/11/2018 16:44,30,53.12,-9.932,53.101,-9.886,VIIbMedium,108.3,21.8,4.2,2.013871548,3.736310849,0.404642465,Y,20.04277072,336,4.12,3.21,13.6,22,"Nil
",NA,03:20.3
4162,IGFS2018,FG173,101010101,63,63,73,1,Groundgear_A,Short,3.50E+01,V,17/11/2018 7:33,20,53.006,-9.587,52.986,-9.599,VIIbCoast,80.16715038,19.6,4.4,1.275852226,2.367072775,0.189761479,N,999,180,3.13,6.6,10.49,27,"Nil
",door sensors did not work again in shallow watre. the warp was shortened from 247 to 180 but it made no difference. For the next two the reconfigured wing sensors will go into the doors.,03:20.3
4163,IGFS2018,FG206,101010101,101,97,74,1,Groundgear_A,Long,3.40E+01,V,17/11/2018 9:43,30,52.922,-9.918,52.905,-9.881,VIIbMedium,115.6,22.9,4.1,1.685129013,3.12639891,0.361411714,Y,21.45822706,366,5.89,3.45,12.4,19,"Nil
",NA,03:20.3
4164,IGFS2018,66,101010101,60,57,75,1,Groundgear_A,Short,3.40E+01,V,17/11/2018 11:53,30,52.8,-9.61,52.77,-9.625,VIIbCoast,118,21.7,4.2,1.880299947,3.488497118,0.41164266,Y,34.9467958,273,8.18,4.59,8.12,21,"Nil
",NA,03:20.3
4165,IGFS2018,MB17,101010101,85,95,76,1,Groundgear_A,Long,34D9,V,17/11/2018 14:43,30,52.583,-10.075,52.575,-10.124,VIIbMedium,108.8,21.8,4.3,1.853545249,3.438859461,0.374147909,Y,20.13930278,324,7.82,9.04,4.53,29,"Nil
",NA,03:20.3
4166,IGFS2018,68,101010101,29,18,77,1,Groundgear_A,Long,3.40E+01,V,17/11/2018 16:54,30,52.541,-9.826,52.551,-9.776,VIIbCoast,71.2,19.3,4.6,1.924140231,3.569833452,0.254172142,Y,20.22032325,165,3.7,1.54,1.67,15,"Nil
",NA,03:20.3
4167,IGFS2018,90,101010101,143,144,78,1,Groundgear_A,Long,34D8,V,18/11/2018 7:30,30,52.762,-11.482,52.736,-11.515,VIIbDeep,120.9,23.6,3.9,1.968410663,3.651967835,0.441522911,Y,22.49451192,462,5.51,8.51,6.39,14,"Nil
",Trawl Speed not working,03:20.3
4168,IGFS2018,FG105,101010101,175,180,79,1,Groundgear_A,Long,34D8,V,18/11/2018 9:58,30,52.595,-11.747,52.626,-11.776,VIIbDeep,117.7,22.6,4,2.139711036,3.969779288,0.467243022,Y,21.86792786,540,6.13,3.25,10.82,15,"Nil
",NA,03:20.3
4169,IGFS2018,PO242,101010101,351,355,80,1,Groundgear_A,Long,34D7,V,18/11/2018 13:06,30,52.556,-12.168,52.586,-12.188,VIIbSlope,130.7,24.9,3.8,1.942145579,3.60323855,0.470943279,Y,24.43166067,977,3.46,6,11.14,24,"Nil
",NA,03:20.3
4170,IGFS2018,PO238,101010101,368,365,81,1,Groundgear_A,Long,34D7,V,18/11/2018 15:03,30,52.726,-12.301,52.758,-12.308,VIIbSlope,130,25.4,3.6,1.936222488,3.592249514,0.466992437,Y,24.29233357,1087,5.02,8.78,10.12,16,"Nil
",Doors jumping in and out during two. gear seemed to be fishing ok. ,03:20.3
4171,IGFS2018,FG221,101010101,329,324,82,1,Groundgear_A,Long,34D7,V,18/11/2018 16:42,30,52.841,-12.278,52.875,-12.281,VIIbSlope,134.1,25.1,3.7,2.042289578,3.789034468,0.508109522,Y,25.11060876,964,4.86,6.21,8.86,13,"Nil
",NA,03:20.3
4172,IGFS2018,FG121,101010101,184,184,83,1,Groundgear_A,Long,34D8,V,19/11/2018 7:31,30,52.785,-11.834,52.818,-11.832,VIIbDeep,122.9,23.4,3.9,1.980717226,3.674800049,0.451632926,Y,22.88756724,554,3.91,4.06,6.62,15,"Nil
",NA,03:20.3
4173,IGFS2018,FG191,101010101,136,138,84,1,Groundgear_A,Long,34D8,V,19/11/2018 11:15,30,52.899,-11.262,52.931,-11.265,VIIbDeep,118.9,23.1,4,1.922517638,3.566823076,0.424095264,Y,22.10257004,450,3.67,6.23,17.13,22,"Nil
",NA,03:20.3
4174,IGFS2018,50,101010101,134,135,85,1,Groundgear_A,Long,34D8,V,19/11/2018 13:43,30,52.907,-11.065,52.877,-11.052,VIIbDeep,117.2,22.8,4.1,1.860238763,3.451277854,0.404489764,Y,21.77027426,450,2.9,3.25,6.08,27,"Nil
",NA,03:20.3
4175,IGFS2018,62,101010101,41,41,86,1,Groundgear_A,Short,3.50E+01,I,20/11/2018 16:36,21,53.191,-9.402,53.193,-9.443,VIIbCoast,75.8,20.2,4.2,1.481939508,2.749423948,0.208406335,Y,21.58993189,193,0,0.29,0.72,18.1,"No Damage, test tow for sensors and for new SIC 
","Warning: Heave, pitch and roll recorded incorrectly. Average was recorded. Very calm weather, so should not cause a problem.",03:20.3
4176,IGFS2018,FG69,101010101,277,279,87,1,Groundgear_A,Long,33D8,V,21/11/2018 7:48,30,52.327,-11.781,52.3,-11.751,VIIjSlope,130.7,24.4,3.8,1.959179387,3.634841163,0.47507374,Y,24.43166067,164,0,0.39,0.68,17,"Nil
","Warning: Heave, pitch and roll recorded incorrectly. Average was recorded. Very calm weather, so should not cause a problem.",03:20.3
4177,IGFS2018,FG70,101010101,269,263,88,1,Groundgear_A,Long,33D8,V,21/11/2018 9:51,31,52.137,-11.611,52.109,-11.578,VIIjSlope,132.4,24.6,3.6,2.074623057,3.849022369,0.509610562,Y,24.77067064,200,0,0.25,0.27,13,"Nil
","Warning: Heave, pitch and roll recorded incorrectly. Average was recorded. Very calm weather, so should not cause a problem.",03:20.3
4178,IGFS2018,FG74,101010101,582,595,89,1,Groundgear_A,Long,32D8,V,21/11/2018 12:10,31,51.999,-11.801,51.963,-11.802,VIIjSlope,141.2,26,3.5,2.159342375,4.006201066,0.565675591,Y,26.54082981,1346,0,0.3,0.41,6,"Nil
","Warning: Heave, pitch and roll recorded incorrectly. Average was recorded. Very calm weather, so should not cause a problem.",03:20.3
4179,IGFS2018,FG71,101010101,257,253,90,1,Groundgear_A,Long,32D8,V,21/11/2018 14:45,30,51.911,-11.523,51.879,-11.529,VIIjSlope,130.6,24.9,3.6,1.931974425,3.584368135,0.468118478,Y,24.41174739,759,0,0.32,0.12,4,"Nil
","Warning: Heave, pitch and roll recorded incorrectly. Average was recorded",03:20.3
4180,IGFS2018,FG73,101010101,223,224,91,1,Groundgear_A,Long,32D8,V,21/11/2018 16:40,27,51.768,-11.401,51.738,-11.401,VIIjSlope,129,24.6,3.5,1.799117179,3.337879738,0.430586486,Y,24.09355951,663,0,0.31,0,6,"Nil
","Warning: Heave, pitch and roll recorded incorrectly. Average was recorded. Very calm weather, so should not cause a problem.",03:20.3
4181,IGFS2018,FG3,101010101,184,186,92,1,Groundgear_A,Long,32D8,V,22/11/2018 7:46,31,51.592,-11.094,51.621,-11.126,VIIjDeep,124.9,24.1,3.5,2.110048432,3.914746627,0.488951854,Y,23.28176422,554,0,0.32,0.41,9,"Nil
","Warning: Heave, pitch and roll recorded incorrectly. Average was recorded. Very calm weather, so should not cause a problem.",03:20.3
4182,IGFS2018,FG67,101010101,159,159,93,1,Groundgear_A,Long,32D9,V,22/11/2018 10:11,31,51.812,-10.993,51.844,-11.016,VIIjDeep,122.7,23.8,3.8,2.100791269,3.897571927,0.478232075,Y,22.84821081,499,0,0.29,0.17,25,"Nil
",NA,03:20.3
4183,IGFS2018,38,101010101,141,140,94,1,Groundgear_A,Long,33D9,V,22/11/2018 12:11,32,52.012,-10.943,52.043,-10.923,VIIjDeep,120.1,23.5,3.8,2.000993902,3.712419113,0.445861535,Y,22.33760311,463,3.06,3.71,6.84,19,"Nil
",NA,03:20.3
4184,IGFS2018,MB51,101010101,103.9,96,95,1,Groundgear_A,Long,32D9,V,22/11/2018 14:33,20,51.963,-10.677,51.974,-10.646,VIIjMedium,115.4,22.8,3.8,1.324350393,2.457050823,0.283543665,Y,21.4192683,390,3.73,5.19,9.3,26,"Nil
",NA,03:20.3
4185,IGFS2018,71,101010101,60,53.2,96,1,Groundgear_A,Short,32D9,V,22/11/2018 16:26,31,51.999,-10.372,52.019,-10.329,VIIjCoast,84.2,21.7,3.9,1.992828837,3.697270569,0.311310182,Y,24.12557402,273,1.45,2.78,2.89,20,"Nil
",NA,03:20.3
4186,IGFS2018,FG66,101010101,129,130,97,1,Groundgear_A,Long,31D9,V,22/11/2018 7:43,31,51.002,-10.232,51.035,-10.234,VIIjDeep,119.3,23.3,3.6,1.980224735,3.673886336,0.43829464,Y,22.18087067,438,3.94,4.39,6.05,0,"Nil
",NA,03:20.3
4187,IGFS2018,FG129,101010101,159,157,98,1,Groundgear_A,Long,31D9,V,23/11/2018 9:46,31,51.096,-10.513,51.127,-10.534,VIIjDeep,120.4,23.4,3.7,2.020831269,3.749223133,0.451406465,Y,22.39642315,486,4.22,5.83,5.14,2,"Nil
",NA,03:20.3
4188,IGFS2018,FG203,101010101,166,168,99,1,Groundgear_A,Long,31D9,V,23/11/2018 11:52,31,51.251,-10.727,51.221,-10.747,VIIjDeep,122.5,23.2,3.6,1.950150124,3.618089284,0.443215937,Y,22.80886576,513,2.19,5.8,9.45,3,"Nil
",NA,03:20.3
4189,IGFS2018,FG159,101010101,186,187,100,1,Groundgear_A,Long,31D8,V,23/11/2018 14:59,17,51.053,-11.071,51.087,-11.071,VIIjDeep,126.4,24,3.6,2.038760541,3.782487089,0.478106368,Y,23.57817848,568,3.06,2.7,6.12,8,"Nil
",NA,03:20.3
4190,IGFS2018,FG196,101010101,236,249,101,1,Groundgear_A,Long,30D8,V,23/11/2018 16:55,20,50.96,-11.212,50.946,-11.185,VIIjSlope,129.6,24.2,3.7,1.323050697,2.454639511,0.318121281,Y,24.21278675,718,2.27,3.99,4.64,8,"Nil
",NA,03:20.3
4191,IGFS2018,FG64,101010101,512,505,102,1,Groundgear_A,Long,29D8,V,24/11/2018 8:03,30,50.28,-11.091,50.248,-11.109,VIIjSlope,142.4,26.1,3.5,2.03947336,3.783809574,0.538814483,Y,26.78429814,151,1.28,2.55,3.06,12,"Nil
","Symmetry sensore was twisted so it recorded the inncorect trawel spreed. All other sensors had good values, so valid haul. I forgot to save the Bridge QC plot. Sodena crashed but rebooted in time to track the net shoot time",03:20.3
4192,IGFS2018,CC502,101010101,173,162,103,1,Groundgear_A,Long,29D9,V,24/11/2018 10:27,30,50.082,-10.919,50.063,-10.878,VIIjDeep,120.9,23.4,4.1,1.949452024,3.616794107,0.437270408,Y,22.49451192,554,1.85,3.74,2.87,8,"Nil
","Symmetry sensore was twisted so it recorded the inncorect trawel spreed. All other sensors had good values, so valid haul.",03:20.3
4193,IGFS2018,FG212,101010101,153,152,104,1,Groundgear_A,Long,29D9,V,24/11/2018 12:41,21,50.134,-10.603,50.156,-10.594,VIIjDeep,120.1,23.1,3.8,1.363804435,2.530249415,0.303882955,Y,22.33760311,486,2.18,4.1,2.89,1.3,"Nil
",Pulled up at 20 mins due to a number of medium sized pelagic marks,03:20.3
4194,IGFS2018,FG195,101010101,140,126,105,1,Groundgear_A,Long,2.90E+01,V,24/11/2018 16:09,30,50.066,-9.987,50.08,-9.943,VIIjDeep,117.6,23.3,4.2,1.893908896,3.513745633,0.413216486,Y,21.84839181,450,1.74,5.56,3.39,20,"Nil
",NA,03:20.3
4195,IGFS2018,FG132,101010101,127,129,106,1,Groundgear_A,Long,3.00E+01,V,24/11/2018 7:43,30,50.521,-9.084,50.519,-9.136,VIIjDeep,114.8,22.8,4.1,1.991344935,3.694517504,0.424130609,Y,21.30245427,427,1.49,4,3.41,14,"Nil
",NA,03:20.3
4196,IGFS2018,FG162,101010101,129,127,107,1,Groundgear_A,Long,2.90E+01,I,25/11/2018 9:52,17,50.354,-9.373,50.342,-9.394,VIIjDeep,115.1,23.3,4.2,1.080145991,2.00398143,0.230658263,Y,21.36084964,438,1.55,7.11,3.42,19,"Small damage in the gable section of net
",NA,03:20.3
4197,IGFS2018,FG161,101010101,126,126,108,1,Groundgear_A,Long,2.90E+01,V,25/11/2018 11:44,30,50.358,-9.719,50.345,-9.766,VIIjDeep,115.8,23.1,4.1,1.964253049,3.644254265,0.422004644,Y,21.49719622,438,1.79,4.07,3.59,19,"Nil
","Had to use this station instead of nearly randomly selected station, as it was positioned over a cable.",03:20.3
4198,IGFS2018,FG54,101010101,142,148,109,1,Groundgear_A,Long,30D9,V,25/11/2018 13:58,30,50.506,-10.043,50.518,-10.092,VIIjMedium,119.3,22.9,3.9,2.006785768,3.723164691,0.444173548,Y,22.18087067,462,20.9,5.89,4.92,16,"Nil
",NA,03:20.3
4199,IGFS2018,FG160,101010101,159,161,110,1,Groundgear_A,Long,30D9,V,25/11/2018 16:03,31,50.543,-10.378,50.543,-10.429,VIIjDeep,119,22.8,3.9,1.948557887,3.615135227,0.430201092,Y,22.12214112,494,1.41,3.39,2.73,17,"Nil
",NA,03:20.3
4200,IGFS2018,82,101010101,173,165,111,1,Groundgear_A,Long,30D9,V,26/11/2018 7:43,20,50.717,-10.755,50.717,-10.717,VIIjDeep,120.4,22.6,3.9,1.446517554,2.683706038,0.323118207,Y,22.39642315,540,1.59,3.81,3.13,7,"Nil
",Door sensors back in doors after a trial run in the wings.,03:20.3
4201,IGFS2018,FG130,101010101,142,141,112,1,Groundgear_A,Long,30D9,V,26/11/2018 10:11,31,50.741,-10.282,50.775,-10.277,VIIjDeep,118.9,22.9,3.9,2.047501071,3.798703287,0.451665821,Y,22.10257004,462,1.88,3.69,6.8,9,"Nil
",NA,03:20.3
4202,IGFS2018,FG57,101010101,123,123,113,1,Groundgear_A,Long,3.00E+01,V,26/11/2018 12:55,30,50.837,-9.83,50.833,-9.78,VIIjDeep,115.8,22.8,4,1.913619407,3.550314299,0.411126396,Y,21.49719622,412,1.8,3.1,2.91,10,"Nil
",NA,03:20.3
4203,IGFS2018,FG163,101010101,119,120,114,1,Groundgear_A,Long,3.00E+01,V,26/11/2018 14:35,31,50.834,-9.578,50.836,-9.527,VIIjDeep,115.8,23.1,4.1,1.940209662,3.599646868,0.416839107,Y,21.49719622,415,2.34,3.44,5.93,10,"Nil
",NA,03:20.3
4204,IGFS2018,VMS2,101010101,121,124,115,1,Groundgear_A,Long,3.00E+01,V,26/11/2018 15:56,30,50.839,-9.402,50.824,-9.357,VIIjMedium,115.2,22.9,4.1,1.931051907,3.582656599,0.41272204,Y,21.38031994,415,2.96,3.11,8.53,13,"Nil
",NA,03:20.3
4205,IGFS2018,CC310,101010101,110,105,116,1,Groundgear_A,Long,3.10E+02,V,27/11/2018 7:37,30,51.209,-8.527,51.188,-8.567,VIIgMedium,117.3,23.1,3.9,1.963867445,3.64353886,0.427387108,Y,21.78979965,378,31.3,10.81,13.83,23,"Nil
",NA,03:20.3
4206,IGFS2018,FG180,101010101,110,109,117,1,Groundgear_A,Long,3.10E+02,V,27/11/2018 9:59,30,51.188,-8.845,51.178,-8.894,VIIgMedium,117.7,23.4,4.3,1.941606104,3.60223767,0.423983374,Y,21.86792786,390,6.52,17.64,4.45,23,"Nil
",NA,03:20.3
4207,IGFS2018,FG34,101010101,115,114,118,1,Groundgear_A,Long,3.10E+01,V,27/11/2018 12:34,30,51.117,-9.228,51.117,-9.281,VIIjMedium,115.2,22.6,4.2,2.00028945,3.711112153,0.42752012,Y,21.38031994,402,7.89,12.21,8.16,21,"Nil
",NA,03:20.3
4208,IGFS2018,MB20,101010101,121,121,119,1,Groundgear_A,Long,3.10E+01,V,27/11/2018 14:49,30,51.113,-9.605,51.104,-9.649,VIIjMedium,116,22.5,3.9,1.746399889,3.240074005,0.375848585,Y,21.53617584,415,7.46,7.92,6.56,16,"Nil
",NA,03:20.3
4209,IGFS2018,FG10,101010101,111,104,120,1,Groundgear_A,Long,3.10E+01,V,27/11/2018 16:53,19,51.248,-9.807,51.263,-9.787,VIIjMedium,111.4,22.1,4.1,1.172785207,2.175853817,0.242390115,Y,20.64224027,390,6.97,8.55,8.17,16,"Nil
",NA,03:20.3
4210,IGFS2018,FG56,101010101,68.1,68.4,121,1,Groundgear_A,Short,3.10E+01,V,29/11/2018 7:57,30,51.416,-9.401,51.428,-9.35,VIIjCoast,88.1,23.5,4.3,2.043033529,3.790414711,0.333935536,Y,25.31977696,257,8.38,11.09,19.42,19,"Nil
","Sensors working, but crew suspect that the senors are not charging fully.",03:20.3
4211,IGFS2018,FG199,101010101,119,121,122,1,Groundgear_A,Long,3.10E+01,V,29/11/2018 10:28,30,51.264,-9.235,51.296,-9.219,VIIjMedium,119.6,24.2,3.8,2.011037341,3.731052581,0.446233889,Y,22.23962478,402,7.03,110.3,21.73,27,"Nil
",NA,03:20.3
4212,IGFS2018,FG182,101010101,71.5,59.6,123,1,Groundgear_A,Long,3.10E+02,V,29/11/2018 12:58,32,51.493,-8.897,51.522,-8.865,VIIgCoast,86.5,17.7,6.9,2.111495896,3.917432089,0.338857876,Y,24.82845811,286,5.29,9.73,15.44,24,"Nil
",NA,03:20.3
4213,IGFS2018,FG183,101010101,94,91.9,124,1,Groundgear_A,Long,3.10E+02,V,29/11/2018 15:21,30,51.444,-8.505,51.46,-8.505,VIIgMedium,110.9,22.4,3.9,0.959479665,1.780110696,0.197414276,Y,20.54539364,336,6.68,12.12,22.36,24,"Nil
",NA,03:20.3
4214,IGFS2018,FG11,101010101,114,117,125,1,Groundgear_A,Long,3.00E+02,V,30/11/2018 7:36,30,50.89,-8.89,50.851,-8.896,VIIgMedium,119,24.8,3.9,2.349552632,4.359095791,0.518732399,Y,22.12214112,402,9.5,9.48,20.89,19,"Nil
",NA,03:20.3
4215,IGFS2018,CC306,101010101,126,125,126,1,Groundgear_A,Long,3.00E+02,V,30/11/2018 10:14,30,50.625,-8.909,50.601,-8.874,VIIgMedium,118.8,23.7,4,1.963081125,3.642080009,0.432679105,Y,22.08300167,415,9.8,14.85,25.07,24,"Nil
",NA,03:20.3
4216,IGFS2018,FG12,101010101,122,120,127,1,Groundgear_A,Long,3.00E+02,V,30/11/2018 12:29,31,50.556,-8.615,50.587,-8.597,VIIgMedium,120.2,23.6,3.7,1.981716682,3.676654326,0.44193385,Y,22.35720703,427,8.34,9.73,25.82,23,"Nil
",NA,03:20.3
4217,IGFS2018,62A,101010101,117,117,128,1,Groundgear_A,Long,3.00E+02,V,30/11/2018 14:14,31,50.705,-8.493,50.73,-8.461,VIIgMedium,120.4,23.9,3.8,1.931522355,3.583529416,0.431456942,Y,22.39642315,415,6.46,10.04,20.64,24,"Nil
","Trawl sounder giving strange values, still valid tow as all other sensors giving good values. ",03:20.3
4218,IGFS2018,62A,101010101,114,111,129,1,Groundgear_A,Long,3.00E+02,V,30/11/2018 16:02,31,50.742,-8.236,50.761,-8.191,VIIgMedium,119.1,23.2,3.8,2.056179938,3.814805079,0.454343285,Y,22.14171491,390,5.54,11.16,18.64,17,"Nil
",NA,03:20.3
4219,IGFS2018,VMS1,101010101,115,115,130,1,Groundgear_A,Long,3.00E+02,V,01/12/2018 7:40,26,50.881,-8.496,50.9,-8.462,VIIgMedium,121.1,23.8,3.9,1.720659576,3.192318324,0.386589749,Y,22.53376688,402,3.64,10.5,13.62,20,"Nil
","Trawl exploer screen froze again, solved by rebooting computor. 
Hauled up early to avoid snag mark on teh sodena ",03:20.3
4220,IGFS2018,FG16,101010101,109,109,131,1,Groundgear_A,Long,3.10E+02,V,01/12/2018 9:46,28,51.093,-8.259,51.107,-8.221,VIIgMedium,119,23.6,4,1.662258316,3.083967192,0.366992096,Y,22.12214112,378,3.66,11.48,NA,21,"Nil
",NA,03:20.3
4221,IGFS2018,FG52,101010101,102.2,101.4,132,1,Groundgear_A,Long,3.10E+02,V,01/12/2018 11:27,30,51.231,-8.09,51.25,-8.052,VIIgMedium,113.7,19.6,6.5,1.828654904,3.392680712,0.385747797,Y,21.08853571,366,3.65,11.16,10.46,20,"Nil
",NA,03:20.3
4222,IGFS2018,FG17A,101010101,89.4,87.7,133,1,Groundgear_A,Long,3.10E+02,V,01/12/2018 13:57,30,51.482,-8.145,51.502,-8.102,VIIgMedium,111.9,23.4,3.9,2.007388372,3.724282694,0.416747233,Y,20.73914861,324,3.24,10.4,10.08,22,"Nil
",Trawl symetry still not working,03:20.3
4223,IGFS2018,FG138,101010101,57,55,134,1,Groundgear_A,Short,3.20E+03,V,04/12/2018 8:13,30,51.901,-7.425,51.927,-7.393,VIIgCoast,87.2,22.8,3.9,1.959567708,3.635561611,0.317020972,Y,25.04316771,271,1.69,6.11,5.25,4,"Nil
","Sodena not picking up GPS signal from Furuno, had to change over to Simrad.",03:20.3
4224,IGFS2018,FG46,101010101,67,68,135,1,Groundgear_A,Short,3.20E+03,V,04/12/2018 10:24,30,51.848,-7.057,51.818,-7.077,VIIgCoast,87.6,22.8,4.3,1.946563628,3.611435302,0.316361732,Y,25.16602766,272,2.83,7.68,7.13,10,"Nil
","Trawl sounder data is rubbish, Ger to check when it is back on board.",03:20.3
4225,IGFS2018,FG208,101010101,71,72,136,1,Groundgear_A,Short,3.20E+03,I,04/12/2018 12:27,30,51.584,-7.003,51.595,-7.042,VIIgCoast,87.2,22.8,4,1.599235798,2.967042296,0.258726088,Y,25.04316771,285,3.27,8.48,6.06,11,"Belly torn, 90 minutes mending. Otolith species only taken",NA,03:20.3
4226,IGFS2018,FG178,101010101,77,77,137,1,Groundgear_A,Short,3.20E+03,V,04/12/2018 14:54,30,51.589,-7.475,51.584,-7.525,VIIgCoast,88,23,4,1.891790584,3.509815554,0.308863769,Y,25.28901153,296,2.84,7.55,4.2,15,"Nil
",Trawleye very jumpy,03:20.3
4227,IGFS2018,FG168,101010101,85,84,138,1,Groundgear_A,Long,3.10E+03,V,05/12/2018 7:57,30,51.289,-7.242,51.297,-7.191,VIIgMedium,114.9,23.6,3.7,1.976584639,3.66713291,0.421353571,Y,21.32191681,336,2.65,6.72,7.02,19,"Nil
",NA,03:20.3
4228,IGFS2018,FG187,101010101,109,102,139,1,Groundgear_A,Long,3.10E+04,V,05/12/2018 9:53,30,51.313,-6.924,51.342,-6.896,VIIgMedium,119.3,23.5,3.6,2.032432975,3.770747635,0.449850193,Y,22.18087067,390,1.95,7.12,5.53,16,"Nil
",NA,03:20.3
4229,IGFS2018,CN303,101010101,92,93,140,1,Groundgear_A,Long,3.10E+04,V,05/12/2018 12:39,30,51.153,-6.486,51.121,-6.476,VIIgMedium,112.8,23,4,1.95558797,3.628178051,0.409258484,Y,20.91374039,336,3.03,8.97,6.69,14,"Nil
",NA,03:20.3
4230,IGFS2018,111,101010101,116,109,141,1,Groundgear_A,Long,3.10E+04,V,05/12/2018 15:18,30,51.387,-6.374,51.418,-6.358,VIIgMedium,123.3,24.2,3.9,1.953445793,3.624203698,0.446864316,Y,22.96631439,415,2.43,6.53,10.19,15,"Nil
",NA,03:20.3
4231,IGFS2018,FG48,101010101,97,95,142,1,Groundgear_A,Long,3.10E+04,V,06/12/2018 7:52,30,51.408,-6.016,51.374,-6.013,VIIgMedium,120.2,23.6,3.6,2.041977292,3.788455087,0.455372301,Y,22.35720703,378,4.2,8.96,11.47,20,"Nil
",NA,03:20.3
4232,IGFS2018,CN304,101010101,95,100,143,1,Groundgear_A,Long,3.10E+04,V,06/12/2018 11:04,20,51.143,-6.149,51.165,-6.139,VIIgMedium,99.2,23.3,3.5,1.372059302,2.545564567,0.252520005,Y,18.29587193,366,3.38,8.55,12.81,24,"Nil
",Second attempt. on first tow door and wing sendsors were moving in and out quite a bit. Abandoned the tow after 10 minutes. No damage. Reran tow. Same sensor data so hauled after 20 minutes.Similar issues encountered on this tow in the past.,03:20.3
4233,IGFS2018,113,101010101,82,81,144,1,Groundgear_A,Long,3.10E+05,V,06/12/2018 13:07,30,51.091,-5.804,51.06,-5.785,VIIgMedium,108.1,22.1,4.1,1.992620377,3.696883816,0.399633141,Y,20.00417452,311,4.94,11.5,17.88,21,"Nil
",NA,03:20.3
4234,IGFS2018,44,101010101,74,74,145,1,Groundgear_A,Short,3.10E+05,V,06/12/2018 15:42,30,51.245,-5.495,51.273,-5.524,VIIgCoast,85.6,22.3,3.9,2.00243363,3.715090222,0.318011723,Y,24.55294828,298,5.16,9.52,19.8,24,"Nil
",NA,03:20.3
4235,IGFS2018,FG26,101010101,110,108,146,1,Groundgear_A,Long,3.20E+04,V,07/12/2018 7:58,30,51.806,-6.073,51.837,-6.082,VIIgMedium,118.1,25.4,4.5,1.888958838,3.504561851,0.413888755,Y,21.94609885,400,5,11.34,20.84,32,"Nil
",NA,03:20.3
4236,IGFS2018,FG25,101010101,75,72,147,1,Groundgear_A,Short,3.30E+04,V,07/12/2018 10:33,30,52.016,-6.212,52.004,-6.263,VIIgCoast,89.4,23.2,4,2.020019167,3.74771645,0.335045851,Y,25.72044449,310,4.55,16.27,9.33,29,"Nil
",NA,03:20.3
4237,IGFS2018,FG135,101010101,47,50,148,1,Groundgear_A,Short,3.30E+04,V,07/12/2018 14:07,30,52.01,-6.77,52.012,-6.82,VIIgCoast,81.4,21.8,4.4,1.854302312,3.440264029,0.280037492,Y,23.27505701,233,5.28,15.11,14.06,29,"Nil
",NA,03:20.3
4238,IGFS2018,MB32,101010101,70,69,149,1,Groundgear_A,Short,3.10E+05,V,10/12/2018 7:45,30,51.483,-5.537,51.464,-5.494,VIIgCoast,87.6,22.6,3.7,1.972675279,3.659879924,0.320605481,Y,25.16602766,290,4.24,6.34,14.41,9,"Nil
",NA,03:20.3
4239,IGFS2018,FG136,101010101,85,86,150,1,Groundgear_A,Long,3.10E+05,V,10/12/2018 9:53,30,51.495,-5.786,51.519,-5.825,VIIgMedium,111.1,24,4.1,2.049753565,3.802882309,0.422500225,Y,20.58412491,324,3.91,7.65,9.49,5,"Nil
",NA,03:20.3
4240,IGFS2018,FG139,101010101,105,109,151,1,Groundgear_A,Long,3.20E+04,V,10/12/2018 12:11,30,51.623,-6.184,51.592,-6.205,VIIgMedium,114.2,22.6,3.8,2.017652364,3.74332535,0.427487755,Y,21.18573303,390,3.13,6.48,7.5,11,"Nil
",NA,03:20.3
4241,IGFS2018,110,101010101,72,70,152,1,Groundgear_A,Short,3.20E+04,V,10/12/2018 14:20,30,51.578,-6.497,51.608,-6.518,VIIgCoast,86.3,22.4,3.5,1.962631659,3.641246121,0.31423954,Y,24.76718098,298,2.98,4.66,12.61,14,"Nil
",NA,03:20.3
4242,IGFS2018,FG38,101010101,69,64,153,1,Groundgear_A,Short,3.20E+04,V,10/12/2018 15:47,30,51.708,-6.468,51.735,-6.496,VIIgCoast,85.4,22.3,3.8,1.925994723,3.573274068,0.305157605,Y,24.49180625,286,2.61,3.61,9.32,13,"Nil
",NA,03:20.3
4243,IGFS2018,FG53,101010101,108,107,154,1,Groundgear_A,Long,3.00E+03,V,11/12/2018 8:00,30,50.702,-7.887,50.722,-7.846,VIIgMedium,121.2,23.6,3.8,1.968356413,3.651867186,0.442606303,Y,22.55339855,392,2.98,9.77,10.59,21,"Nil
",NA,03:20.3
4244,IGFS2018,FG35,101010101,100,100,155,1,Groundgear_A,Long,3.00E+03,V,11/12/2018 9:49,30,50.882,-7.789,50.906,-7.752,VIIgMedium,119.1,24,3.7,2.009914545,3.728969472,0.444120264,Y,22.14171491,378,3.18,9.54,12.68,25,"Nil
",NA,03:20.3
4245,IGFS2018,FG36,101010101,96,87,156,1,Groundgear_A,Long,3.10E+03,V,11/12/2018 11:54,30,51.034,-7.566,51.054,-7.524,VIIgMedium,116.7,23.9,3.6,1.989676271,3.691421652,0.430788907,Y,21.67268708,350,3.6,9.26,10.3,22,"Nil
",NA,03:20.3
4246,IGFS2018,FG23,101010101,100,100,157,1,Groundgear_A,Long,3.10E+03,V,11/12/2018 13:41,18,51.141,-7.466,51.172,-7.423,VIIgMedium,117.4,23.1,3.6,2.466725969,4.576486028,0.53727946,Y,21.8093277,380,4.22,12.23,14.23,25,"Nil
","Hauled early after 18 minutes. wing sensors went out to 30m. No damage. Haul sorted as valid, Dave S can decide.",03:20.3
4247,IGFS2018,FG197,101010101,87,88,158,1,Groundgear_A,Long,3.10E+03,V,11/12/2018 15:29,30,51.248,-7.607,51.244,-7.658,VIIgMedium,112.8,23.7,3.9,1.934371104,3.588814664,0.404818294,Y,20.91374039,336,4.98,12.9,9.21,27,"Nil
",NA,03:20.3
4248,IGFS2018,HG1,101010101,27,33,159,1,Groundgear_A,Short,3.50E+01,A,13/12/2018 8:33,27,53.187,-9.261,53.172,-9.306,VIIbCoast,76.1,20.6,4.3,1.854549221,3.440722117,0.261838953,Y,21.67969599,190,NA,NA,NA,33,"Nil
",NA,03:20.3
4249,IGFS2018,MB52,101010101,36,42,160,1,Groundgear_A,Short,3.50E+01,A,13/12/2018 10:26,26,53.134,-9.344,53.111,-9.378,VIIbCoast,77.9,18.6,4.3,1.846248319,3.425321557,0.266832549,Y,22.21946688,206,2.54,4.55,6.09,19,"Nil
",Door and wing data went funny towards the end of the tow. Possible interference from the Voyager as she was hauling.,03:20.3
4250,IGFS2018,HG2,101010101,39,38,161,1,Groundgear_A,Short,3.50E+01,A,13/12/2018 12:49,15,53.085,-9.386,53.1,-9.376,VIIbCoast,76.4,19.8,4,0.96951774,1.798734211,0.137423294,Y,21.76951604,206,NA,NA,NA,27,"Nil
",NA,03:20.3
4251,IGFS2018,62,101010101,32,33,162,1,Groundgear_A,Short,3.50E+01,A,13/12/2018 16:39,16,53.193,-9.408,53.197,-9.436,VIIbCoast,75.5,20.1,4.4,1.036809931,1.923580577,0.145230334,Y,21.50022339,193,1.94,4.07,5.1,20,"Nil
",NA,03:20.3
4252,IGFS2019,BH1,201030101,86,91,1,1,NA,Short,3.40E+01,A,31/10/2019 11:00,25,52.949,-9.788,52.939,-9.799,VIIbCoast,82.6,20.86,5.1,0.720174986,1.336131699,0.110364478,Y,23.63888653,250,NA,NA,NA,21,"Nil
",First trial of new Griffin full size net with clean gear. Wing sensors.,03:20.3
4253,IGFS2019,BH1,201030101,89,87,2,1,NA,Short,3.40E+01,A,31/10/2019 12:20,29,52.945,-9.795,52.967,-9.77,VIIbCoast,82.1,20.8,4.9,1.600469917,2.969331942,0.243782152,Y,23.48716898,250,9,3.09,4.9,15,"

",Repeat test tow of Haul 1,03:20.3
4254,IGFS2019,MB15,201030101,99,101,3,1,NA,Short,3.40E+01,A,31/10/2019 13:52,31,52.963,-9.937,52.946,-9.974,VIIbMedium,90.6,22.3,4.8,1.684124576,3.124535391,0.283082906,Y,16.66102252,300,NA,NA,NA,12,Warp increased from 300 -> 325m for last part of the tow. ,first 3 tracks on Sodena were logging to IAMS folder!,03:20.3
4255,IGFS2019,MB15,201030101,101,101,4,1,NA,Short,3.40E+01,A,31/10/2019 15:17,29,52.96,-9.946,52.977,-9.911,VIIbMedium,89.6,21.9,NA,1.626738548,3.018067807,0.270418876,Y,16.47185426,300,NA,NA,NA,11,Headling TS not working,Repeat test tow from Haul 3. Increased warp from 300 - 325 and speed 3 - 4Kts,03:20.3
4256,IGFS2019,FG149,101020101,233,232,5,1,Groundgear_D,Long,38D9,V,01/11/2019 7:55,31,54.58,-10.61,54.609,-10.579,VIaSlope,123.1,24.2,4.2,2.047927909,3.799495194,0.467717858,Y,22.9269351,718,NA,NA,NA,7.5,"Nil
",NA,03:20.3
4257,IGFS2019,FG113,101020101,215,222,6,1,Groundgear_D,Long,38D9,V,01/11/2019 9:35,35,54.718,-10.456,54.749,-10.425,VIaSlope,119.8,23.8,4.1,2.14900472,3.987021744,0.477645205,Y,22.27880787,636,NA,NA,NA,8,"Nil
",Started logging tow c.4min late and ran for 30min so actual tow ends up c.35min. Shoot time and Lat/Lon corrected for additional 4min at 4kts using Sodena and ship to EBL,03:20.3
4258,IGFS2019,FG101,101020101,113,114,7,1,Groundgear_D,Long,38D9,V,01/11/2019 11:50,36,54.754,-10.097,54.789,-10.068,VIaMedium,110.3,22.4,4.2,2.328548213,4.320126554,0.476509959,Y,20.42925858,390,NA,NA,NA,11,"Nil
",NA,03:20.3
4259,IGFS2019,FG151,101020101,225,243,8,1,Groundgear_D,Long,38D9,V,01/11/2019 13:54,32,54.953,-10.186,54.981,-10.151,VIaDeep,122.2,24.1,4.1,2.069427713,3.839383511,0.469172665,Y,22.74986947,750,NA,NA,NA,15,"Nil
",NA,03:20.3
4260,IGFS2019,FG108,101020101,234,235,9,1,Groundgear_D,Long,39D9,V,01/11/2019 15:56,16,55.077,-10.07,55.093,-10.057,VIaDeep,119,22.4,4.2,1.059220884,1.96515934,0.233853961,Y,22.12214112,691,NA,NA,NA,15,"Nil
","Alot of marks, hauled at 15min",03:20.3
4261,IGFS2019,28,101020101,121,124,10,1,Groundgear_D,Long,3.90E+01,V,02/11/2019 7:23,31,55.106,-9.565,55.117,-9.509,VIaMedium,111.3,22.4,4.2,2.036187694,3.777713719,0.420459537,Y,20.62286602,415,NA,NA,NA,21,"Nil
",NA,03:20.3
4262,IGFS2019,GD9,101020101,104,102,11,1,Groundgear_D,Long,3.90E+01,V,02/11/2019 10:03,31,55.29,-9.124,55.324,-9.126,VIaMedium,109.3,22.2,4.2,2.04136669,3.787322245,0.413954321,Y,20.23589452,366,NA,NA,NA,24,"Nil
",NA,03:20.3
4263,IGFS2019,MM15,101020101,95,92,12,1,Groundgear_D,Long,3.90E+02,V,02/11/2019 11:57,31,55.444,-8.92,55.47,-8.883,VIaMedium,107,22.3,4.2,2.006514155,3.72266077,0.398324702,Y,19.79206392,336,NA,NA,NA,10,"Nil
",Network server fail followed by mi4949 serial port fail resulted in no NMEA logged for this tow,03:20.3
4264,IGFS2019,6A,101020101,93,93,13,1,Groundgear_D,Long,4.00E+02,V,02/11/2019 14:36,31,55.664,-8.621,55.671,-8.68,VIaMedium,106.8,22.3,4.4,2.0447676,3.793631912,0.405159888,Y,19.7535288,232,NA,NA,NA,7.8,"Nil
",NA,03:20.3
4265,IGFS2019,SC544,101020101,129,135,14,1,Groundgear_D,Long,4.00E+02,V,02/11/2019 17:11,24,55.783,-8.993,55.809,-8.992,VIaDeep,112.8,22.8,4.1,1.560658573,2.895470451,0.326609067,Y,20.91374039,430,NA,NA,NA,15,"Nil
",NA,03:20.3
4266,IGFS2019,FG112,101020101,250,244,15,1,Groundgear_D,Long,4.10E+01,V,03/11/2019 7:18,33,55.989,-9.224,56.022,-9.209,VIaSlope,123.6,24.2,3.9,2.04365638,3.791570278,0.468638086,Y,23.02540486,745,NA,5.39,18.28,4,"Nil
",NA,03:20.3
4267,IGFS2019,FG118,101020101,129,129,16,1,Groundgear_D,Long,4.10E+02,V,03/11/2019 9:42,31,56.141,-8.822,56.156,-8.767,VIaDeep,114.590642,23.3,4.1,2.050690741,3.80462104,0.435973968,N,999,427,NA,8.59,12.4,8,"Nil
",Starboard sensor not working,03:20.3
4268,IGFS2019,GD19,101020101,151,154,17,1,Groundgear_D,Long,4.10E+02,V,03/11/2019 12:12,23,56.198,-8.284,56.2,-8.243,VIaDeep,108.4,21.8,4.1,1.376966036,2.55466797,0.276926008,Y,20.06207237,474,NA,6.48,11.34,15,"Nil
","TSP consistently reading about 2kts, will put on charge for next tow and try again.",03:20.3
4269,IGFS2019,MB48,101020101,176,177,18,1,Groundgear_D,Long,4.10E+02,V,03/11/2019 14:20,18,56.295,-8.116,56.288,-8.083,VIaDeep,117.3,22.9,4.1,1.178814779,2.187040406,0.25653984,Y,21.78979965,570,NA,7.45,8.17,20,"Nil
","TSP on charge. Alot of marks again, hauled @ 17min.",03:20.3
4270,IGFS2019,FG94,101020101,174,192,19,1,Groundgear_D,Long,4.10E+03,V,03/11/2019 16:15,21,56.379,-7.817,56.393,-7.79,VIaDeep,118.4,23.7,4.2,1.230478601,2.282891654,0.270294372,Y,22.0047553,540,NA,5.28,9.95,20,"Nil
","More gadoid soup on the bottom, hauled early.",03:20.3
4271,IGFS2019,FG117,101020101,64,74,20,1,Groundgear_D,Short,4.10E+04,V,04/11/2019 7:07,32,56.185,-6.719,56.186,-6.786,VIaCoast,78.4,21.2,4.4,2.243188811,4.161760317,0.326282009,Y,22.36977022,259,NA,NA,NA,17,"Nil
",NA,03:20.3
4272,IGFS2019,SC583,101020101,78,82,21,1,Groundgear_D,Short,4.10E+04,V,04/11/2019 9:08,31,56.375,-6.792,56.406,-6.764,VIaCoast,82.4,22.1,4.2,2.080962818,3.86078445,0.318128639,Y,23.57817848,296,NA,1.58,3.95,26,"Nil
",NA,03:20.3
4273,IGFS2019,FG192,101020101,89,94,22,1,Groundgear_D,Short,4.10E+03,V,04/11/2019 11:08,31,56.32,-7.034,56.297,-7.079,VIaCoast,83.3,22.2,4.1,2.039414771,3.783700875,0.315182283,Y,23.85158722,336,NA,3.42,4.02,22,"Nil
",NA,03:20.3
4274,IGFS2019,GD5,101020101,115,112,23,1,Groundgear_D,Long,4.10E+03,V,04/11/2019 13:52,33,56.217,-7.606,56.182,-7.61,VIaMedium,108.1,22,4.3,2.104790656,3.904991941,0.422129629,Y,20.00417452,390,NA,7.32,8.78,27,"Nil
",NA,03:20.3
4275,IGFS2019,FG143,101020101,107,105,24,1,Groundgear_D,Long,4.10E+03,V,04/11/2019 16:09,26,56.067,-7.449,56.048,-7.415,VIaMedium,108.8,22.7,4.2,1.61359966,2.993691392,0.325713623,Y,20.13930278,378,NA,NA,NA,34,"Nil
",NA,03:20.3
4276,IGFS2019,mar-05,101020101,117,132,25,1,Groundgear_D,Long,4.00E+04,V,05/11/2019 7:11,30,55.584,-6.693,55.569,-6.737,VIaMedium,110.9,22.9,4,1.745795872,3.238953381,0.35919993,Y,20.54539364,427,NA,3.85,7.79,10.2,Starboard wing badly torn,"Came fast about 1min before end of tow, hauled straight away. Damaged wing, but flagged valid due to 20min already fished and hauled immediately. Strong tide 0.6-0.9kts.",03:20.3
4277,IGFS2019,GD7,101020101,98,81,26,1,Groundgear_D,Long,3.90E+04,V,05/11/2019 10:08,34,55.348,-6.586,55.326,-6.641,VIaMedium,105,22.1,4.4,2.298173149,4.263772076,0.447696068,Y,19.40712849,349,NA,2.58,9.25,8.8,"Nil
",Large conger,03:20.3
4278,IGFS2019,COD2,101020101,58,49,27,1,Groundgear_D,Short,3.90E+04,V,05/11/2019 11:46,36,55.286,-6.871,55.321,-6.926,VIaCoast,79.6,21.3,4.3,2.820588879,5.233003486,0.416547078,Y,22.731164,246,NA,5.35,2.69,8.9,"Nil
",NA,03:20.3
4279,IGFS2019,33,101020101,76,79,28,1,Groundgear_D,Short,4.00E+03,V,05/11/2019 14:05,31,55.511,-7.034,55.532,-7.08,VIaCoast,84,22.2,4.1,2.010096099,3.729306307,0.31326173,Y,24.0646376,298,NA,3.55,4.51,9.1,"Nil
",NA,03:20.3
4280,IGFS2019,FG100,101020101,58,57,29,1,Groundgear_D,Short,4.00E+03,V,05/11/2019 15:55,33,55.501,-7.354,55.502,-7.413,VIaCoast,80.2,20.08,4.4,2.010511671,3.730077312,0.2991522,Y,22.91221859,259,NA,5.46,4.25,11.1,"Nil
",Wing sensors not working conistently. Strong tide c. 1Kt.,03:20.3
4281,IGFS2019,SC573,101020101,58,56,30,1,Groundgear_D,Short,4.00E+04,V,06/11/2019 7:06,34,55.891,-6.682,55.927,-6.672,VIaCoast,78.2,21.2,4.6,2.186583916,4.056741959,0.317237221,Y,22.30962947,259,NA,2.28,9.72,6.9,"Nil
",Very small catch,03:20.3
4282,IGFS2019,FG116,101020101,85,100,31,1,Groundgear_D,Short,4.10E+04,V,06/11/2019 9:20,31,56.052,-6.998,56.052,-7.059,VIaCoast,80,21.3,4.4,2.048656643,3.800847204,0.304067776,Y,22.85184029,311,NA,4.54,2.53,5,"Nil
",Big haul of small herring and some sprat,03:20.3
4283,IGFS2019,GD4,101020101,57,53,32,1,Groundgear_D,Short,4.00E+03,V,06/11/2019 12:15,32,55.8,-7.116,55.771,-7.153,VIaCoast,75.6,20.8,4.6,2.143403992,3.976630783,0.300633287,Y,21.53012006,246,NA,4.41,5.78,7.2,"Nil
",NA,03:20.3
4284,IGFS2019,FG114,101020101,67,65,33,1,Groundgear_D,Short,4.00E+03,V,06/11/2019 14:33,31,55.651,-7.523,55.651,-7.583,VIaCoast,81.8,20.37,4.4,2.035927655,3.77723127,0.308977518,Y,23.39622227,273,NA,4.05,3.29,4.1,"Nil
",NA,03:20.3
4285,IGFS2019,MB7,101020101,67,65,34,1,Groundgear_D,Short,4.00E+03,V,06/11/2019 16:41,31,55.54,-7.743,55.51,-7.768,VIaCoast,82.1,20.37,4.3,1.991273463,3.694384904,0.303309001,Y,23.48716898,293,NA,3.28,3.9,10,"Nil
",No CTD records,03:20.3
4286,IGFS2019,28A,101020101,150,141,35,1,Groundgear_D,Long,4.00E+03,V,07/11/2019 7:08,32,55.968,-7.653,55.935,-7.653,VIaDeep,110.7,22.4,4.3,1.980421472,3.67425134,0.406739623,Y,20.50667218,485,NA,2.4,9.4,15,"Nil
","Big haul, HAD, WHG, some PLE, HKE, MON.",03:20.3
4287,IGFS2019,FG95,101020101,150,154,36,1,Groundgear_D,Long,4.00E+03,V,07/11/2019 9:02,22,55.864,-7.917,55.866,-7.959,VIaDeep,114.2,23,4.2,1.422439959,2.639035174,0.301377817,Y,21.18573303,485,NA,8.23,3.92,12.3,"Nil
",NA,03:20.3
4288,IGFS2019,MB3,101020101,155,157,37,1,Groundgear_D,Long,4.10E+02,V,07/11/2019 11:06,28,56.026,-8.166,56.004,-8.206,VIaDeep,112.9,22.8,4.2,1.884491303,3.496273289,0.394729254,Y,20.933152,486,NA,7.33,5.78,13.2,"Nil
",NA,03:20.3
4289,IGFS2019,MMMA3,101020101,148,182,38,1,Groundgear_D,Long,4.00E+02,V,07/11/2019 13:05,31,55.825,-8.319,55.816,-8.378,VIaDeep,114.4,22.9,4.2,2.065214754,3.831567261,0.438331295,Y,21.22462985,485,NA,7.81,5.45,20.9,"Nil
",NA,03:20.3
4290,IGFS2019,8,101020101,94,93,39,1,Groundgear_D,Long,4.00E+02,V,07/11/2019 15:17,31,55.643,-8.272,55.624,-8.322,VIaMedium,108.4,23.2,4.2,2.044763741,3.793624752,0.411228923,Y,20.06207237,336,NA,7.94,9.84,19.2,"Nil
",NA,03:20.3
4291,IGFS2019,FG115,101020101,17,19,40,1,Groundgear_D,Short,3.90E+03,V,08/11/2019 7:11,31,55.222,-7.586,55.253,-7.583,VIaCoast,64.7,18.8,4.8,1.86301993,3.456437718,0.22363152,Y,18.30514255,140,NA,7.58,4.92,5.6,"Nil
",NA,03:20.3
4292,IGFS2019,10,101020101,25,NA,41,1,Groundgear_D,Short,3.90E+03,V,08/11/2019 9:35,31,55.212,-7.966,55.24,-7.95,VIaCoast,68.4,19.5,4.6,1.767508847,3.279237194,0.224299824,Y,19.39257128,170,NA,5.91,4.32,3.3,"Nil
",NA,03:20.3
4293,IGFS2019,MB41,101020101,97,91,42,1,Groundgear_D,Long,3.90E+02,V,08/11/2019 12:28,22,55.301,-8.474,55.278,-8.478,VIaMedium,86.3,22,4.2,1.386924428,2.573143652,0.222062297,Y,15.84889391,349,NA,4.21,NA,6.9,"Nil
","Short bridles left on by accident. Had to pull back at start of tow, big lump on seabed, not sure if fish or fast!",03:20.3
4294,IGFS2019,mar-04,101020101,96,92,43,1,Groundgear_D,Long,3.90E+01,V,08/11/2019 15:22,31,55.121,-9.015,55.089,-9.003,VIaMedium,107,21.9,4.2,1.964019977,3.64382185,0.389888938,Y,19.79206392,349,NA,3.84,9.33,16.9,"Nil
",NA,03:20.3
4295,IGFS2019,MM6,101020101,52,50,44,1,Groundgear_D,Short,3.80E+02,V,09/11/2019 7:21,32,54.865,-8.627,54.832,-8.627,VIaCoast,77.5,21.1,4.4,1.980062012,3.673584438,0.284702794,Y,22.09934012,233,NA,3.21,9.87,20.9,"Nil
",NA,03:20.3
4296,IGFS2019,GD10,101020101,85,85,45,1,Groundgear_D,Short,3.80E+02,V,09/11/2019 10:14,15,54.561,-8.941,54.55,-8.919,VIaCoast,83.5,22.44,4.25,1.012024389,1.877596269,0.156779288,Y,23.91242287,324,NA,4.17,5.16,20,"Nil
","Stong marks on Marport TE, hauled at 15min. HOM and some WHG",03:20.3
4297,IGFS2019,15,101020101,63,58,46,1,Groundgear_D,Short,3.80E+02,V,09/11/2019 11:50,35,54.517,-8.606,54.518,-8.536,VIaCoast,79.4,21.5,4.4,2.444122418,4.534549941,0.360043265,Y,22.6708658,273,NA,3.23,4.61,19,"Nil
",NA,03:20.3
4298,IGFS2019,14,101020101,33,NA,47,1,Groundgear_D,Short,3.80E+02,V,09/11/2019 13:46,25,54.584,-8.344,54.571,-8.385,VIaCoast,75.9,20.9,4.4,1.628036577,3.020476025,0.22925413,Y,21.61984706,206,NA,5.9,2.25,17.2,"Nil
",NA,03:20.3
4299,IGFS2019,MM3,101020101,90,92,48,1,Groundgear_D,Long,3.80E+02,V,10/11/2019 7:14,31,54.656,-8.894,54.67,-8.945,VIaMedium,103.8,21.5,4.4,1.962686133,3.641347186,0.377971838,Y,19.17660505,336,NA,11.29,7.01,9,"Nil
",NA,03:20.3
4300,IGFS2019,26,101020101,101,100,49,1,Groundgear_D,Long,3.80E+01,V,10/11/2019 10:33,32,54.805,-9.603,54.776,-9.633,VIaMedium,107.4,22.2,4.4,2.027235647,3.761105097,0.403942687,Y,19.86916218,366,NA,6.55,20.25,27,"Nil
",NA,03:20.3
4301,IGFS2019,FG193,101020101,101,106,50,1,Groundgear_D,Long,3.80E+01,V,10/11/2019 14:06,28,54.518,-9.984,54.529,-10.028,VIaMedium,109.6,22.4,4.4,1.671436841,3.100995994,0.339869161,Y,20.29387837,378,NA,11.6,7.69,23,"Nil
",Ongoing trouble with TSP snesor today....,03:20.3
4302,IGFS2019,FG150,101020101,124,123,51,1,Groundgear_D,Long,38D9,V,10/11/2019 16:00,33,54.585,-10.265,54.555,-10.295,VIaMedium,114.1,23.4,4.3,2.081741268,3.862228697,0.440680294,Y,21.16628846,427,NA,10.08,15.09,31,"Nil
",NA,03:20.3
4303,IGFS2019,FG75,101010101,107,110,52,1,Groundgear_A,Long,35D9,I,13/11/2019 10:07,30,53.291,-10.237,53.313,-10.277,VIIbMedium,85.2,18.6,8.1,1.951308972,3.620239281,0.308444387,Y,15.64167096,320,NA,12.17,8.02,32,"No damage, but no catch
","Door and wing sensors recording ok, data from trawleye, trawlsounder and trawl explorer not great. Ger to check when net came in. No catch. doors were on bottom but net appears to have been off bottom.",03:20.3
4304,IGFS2019,FG80,101010101,92,83,53,1,Groundgear_A,Long,36D9,V,13/11/2019 14:25,30,53.694,-10.381,53.716,-10.341,VIIbMedium,113.6,22.8,4.3,1.941397359,3.601850388,0.409170204,Y,21.06910388,378,NA,6.98,19.38,38,"Nil
",All sensors working ok,03:20.3
4305,IGFS2019,FG83,101010101,45,35,54,1,Groundgear_A,Short,36D9,V,13/11/2019 17:01,20,53.839,-10.038,53.842,-10,VIIbCoast,79.7,21.2,4.4,1.36021128,2.52358308,0.201129571,Y,22.76132307,220,NA,9.8,8.23,20,"Nil
","Hauled after 20 minutes, getting too dark",03:20.3
4306,IGFS2019,MB10,101010101,85,84,55,1,Groundgear_A,Long,3.70E+01,V,14/11/2019 7:22,30,54.466,-9.413,54.488,-9.452,VIIbMedium,109.3,21.9,4.2,1.897140034,3.519740323,0.384707617,Y,20.23589452,324,NA,16.82,14.74,31,"Nil
","Station replaced FG220 which was flagged as ""don't tow"" on Sodena",03:20.3
4307,IGFS2019,MM2,101010101,87,90,56,1,Groundgear_A,Long,3.70E+01,A,14/11/2019 9:27,30,54.468,-9.622,54.479,-9.674,VIIbMedium,109.3,21.9,4.4,1.933183073,3.586610525,0.39201653,Y,20.23589452,336,NA,17.52,13.84,30,"Nil
",NA,03:20.3
4308,IGFS2019,23A,101010101,105,109,57,1,Groundgear_A,Long,37D9,A,14/11/2019 12:24,25,54.429,-10.162,54.45,-10.179,VIIbMedium,113.7,22.7,4.4,1.393177017,2.584744002,0.293885393,Y,21.08853571,415,NA,12.83,16.73,28,"Nil
",Hauled 5 minutes early. Many red marks appearing on Scanmar screen.,03:20.3
4309,IGFS2019,22,101010101,112,125,58,1,Groundgear_A,Long,37D9,V,14/11/2019 14:24,29,54.301,-10.319,54.288,-10.37,VIIbMedium,115.8,22.9,4.2,1.95241997,3.622300501,0.419462398,Y,21.49719622,402,NA,14.61,14.19,25,"Nil
","Hauled at 29 minutes, doors started coming in. Pots on headline.",03:20.3
4310,IGFS2019,21,101010101,175,175,59,1,Groundgear_A,Long,37D9,V,14/11/2019 16:35,17,54.172,-10.679,54.154,-10.692,VIIbDeep,128.6,24.9,4.2,1.172897841,2.176062786,0.279841674,Y,24.01413631,554,NA,7.1,19.14,35,"Nil
","Hauled after 17 minutes, lots of fish showing on both sounders",03:20.3
4311,IGFS2019,FG88,101010101,326,311,60,1,Groundgear_A,Long,37D8,V,15/11/2019 7:38,31,54.317,-11.004,54.283,-11,VIIbSlope,135.9,25.1,3.7,2.044701263,3.793508837,0.515537851,Y,25.47157682,964,NA,10.93,21.31,20,"Nil
",NA,03:20.3
4312,IGFS2019,FG87,101010101,300,306,61,1,Groundgear_A,Long,37D8,V,15/11/2019 9:49,30,54.153,-11.24,54.135,-11.289,VIIbSlope,132.9,24.8,3.7,2.035943273,3.777260247,0.501997887,Y,24.87055522,882,NA,8.98,13.72,18,"Nil
",NA,03:20.3
4313,IGFS2019,FG76,101010101,218,216,62,1,Groundgear_A,Long,36D8,V,15/11/2019 12:08,30,53.944,-11.188,53.913,-11.211,VIIbSlope,126.4,23.9,3.9,2.030245749,3.766689702,0.476109578,Y,23.57817848,663,NA,7.26,13.03,12,"Nil
",NA,03:20.3
4314,IGFS2019,PO9,101010101,258,259,63,1,Groundgear_A,Long,36D8,V,15/11/2019 14:06,30,53.819,-11.434,53.793,-11.472,VIIbSlope,131.2,25.1,3.8,2.062444856,3.826428304,0.502027393,Y,24.53127428,773,NA,6.98,10.45,13,"Nil
",NA,03:20.3
4315,IGFS2019,PO113,101010101,365,371,64,1,Groundgear_A,Long,36D8,V,15/11/2019 16:56,31,53.95,-11.866,53.951,-11.923,VIIbSlope,128.2,23.9,3.8,2.017965827,3.743906915,0.479968866,Y,23.93476213,1070,NA,8.45,7.89,7,"Nil
",NA,03:20.3
4316,IGFS2019,PO189,101010101,317,315,65,1,Groundgear_A,Long,35D7,V,16/11/2019 7:29,31,53.114,-12.326,53.146,-12.317,VIIbSlope,135.4,25.6,3.9,1.946777518,3.611832129,0.48904207,Y,25.37119995,950,NA,5.42,4.73,12,"Nil
",NA,03:20.3
4317,IGFS2019,PO174,101010101,318,317,66,1,Groundgear_A,Long,35D7,V,16/11/2019 9:24,31,53.302,-12.251,53.332,-12.227,VIIbSlope,135.2,25.4,3.8,1.995440276,3.702115539,0.500526021,Y,25.33107256,950,NA,5.25,6.11,15,"Nil
",NA,03:20.3
4318,IGFS2019,FG175,101010101,215,217,67,1,Groundgear_A,Long,35D8,V,16/11/2019 11:43,30,53.281,-11.898,53.252,-11.922,VIIbSlope,123.4,23.8,4,1.941952844,3.602880973,0.444595512,Y,22.98600834,663,NA,5.59,7.84,16,"Nil
",NA,03:20.3
4319,IGFS2019,FG175,101010101,205,202,68,1,Groundgear_A,Long,35D8,V,16/11/2019 13:31,18,53.102,-11.951,53.083,-11.95,VIIbSlope,120,23.1,3.8,1.14027242,2.115533247,0.25386399,Y,22.31800195,640,NA,3.4,5.82,10,"Nil
",NA,03:20.3
4320,IGFS2019,FG121,101010101,180,181,69,1,Groundgear_A,Long,34D8,V,17/11/2019 7:30,30,52.839,-11.831,52.806,-11.834,VIIbDeep,118.6,22.8,3.9,1.982388651,3.677901022,0.436199061,Y,22.04387308,568,NA,7.37,12.54,30,"Nil
",NA,03:20.3
4321,IGFS2019,PO39,101010101,251,245,70,1,Groundgear_A,Long,34D7,V,17/11/2019 9:46,31,52.724,-12.068,52.692,-12.048,VIIbSlope,127.6,24.2,3.9,2.053012429,3.80892844,0.486019269,Y,23.81579225,759,NA,7.92,10.13,20,"Nil
",NA,03:20.3
4322,IGFS2019,FG172,101010101,230,234,71,1,Groundgear_A,Long,34D8,V,17/11/2019 11:35,30,52.543,-11.956,52.511,-11.943,VIIbSlope,126.9,24.1,3.9,1.977349304,3.668551585,0.465539196,Y,23.67713168,704,NA,8.97,11.59,22,"Nil
",NA,03:20.3
4323,IGFS2019,FG69,101010101,271,273,72,1,Groundgear_A,Long,33D8,V,17/11/2019 13:57,30,52.315,-11.767,52.288,-11.735,VIIjSlope,129.6,24.3,3.8,2.001666056,3.713666153,0.481291133,Y,24.21278675,800,NA,6.85,8.77,22,"Nil
",NA,03:20.3
4324,IGFS2019,FG1,101010101,151,154,73,1,Groundgear_A,Long,33D8,V,17/11/2019 16:30,31,52.199,-11.359,52.168,-11.34,VIIjDeep,117.4,22.8,4,1.986793594,3.686073459,0.432745024,Y,21.8093277,486,NA,7.05,11.32,17,"Nil
",NA,03:20.3
4325,IGFS2019,FG74,101010101,501,578,74,1,Groundgear_A,Long,32D8,V,18/11/2019 7:34,31,52.008,-11.801,51.974,-11.802,VIIjSlope,136.3,25.1,3.6,2.039418556,3.783707897,0.515719386,Y,25.55193866,1442,NA,2.98,9.52,20,"Nil
",NA,03:20.3
4326,IGFS2019,FG73,101010101,216,219,75,1,Groundgear_A,Long,32D8,V,18/11/2019 10:47,30,51.772,-11.401,51.738,-11.401,VIIjSlope,124.7,23.8,3.9,2.039000181,3.782931689,0.471731582,Y,23.24229233,663,NA,2.82,3.97,32,"Nil
",NA,03:20.3
4327,IGFS2019,FG157,101010101,248,245,76,1,Groundgear_A,Long,31D8,V,18/11/2019 13:31,30,51.483,-11.399,51.451,-11.393,VIIjSlope,129.9,24.9,3.8,1.932078886,3.58456194,0.465634596,Y,24.2724422,759,NA,8.21,8.43,30,"Nil
",NA,03:20.3
4328,IGFS2019,FG158,101010101,357,350,77,1,Groundgear_A,Long,31D8,V,18/11/2019 16:07,30,51.299,-11.482,51.27,-11.471,VIIjSlope,134.8,25,3.9,1.787526975,3.316376577,0.447047563,Y,25.25085765,1032,NA,13.26,6.44,32,"Nil
",NA,03:20.3
4329,IGFS2019,FG209,101010101,187,188,78,1,Groundgear_A,Long,31D8,V,19/11/2019 7:28,30,51.242,-11.091,51.219,-11.13,VIIjDeep,127.1,23.9,3.8,2.014473183,3.737427055,0.475026979,Y,23.71673393,581,NA,11.75,6.25,16,"Nil
",NA,03:20.3
4330,IGFS2019,FG196,101010101,236,243,79,1,Groundgear_A,Long,30D8,V,19/11/2019 10:14,30,50.958,-11.209,50.937,-11.17,VIIjSlope,127.8,24.1,3.9,1.941131191,3.601356569,0.46025337,Y,23.85543673,704,NA,9.57,8.68,18,"Nil
",Issues with Sodena at the start of the tow. restarted the programme but lost the first five minutes of recording,03:20.3
4331,IGFS2019,FG6,101010101,174,169,80,1,Groundgear_A,Long,30D9,V,19/11/2019 12:22,30,50.846,-10.899,50.845,-10.849,VIIjDeep,120.8,23.1,4,1.899050233,3.523284292,0.425612742,Y,22.47488861,554,NA,8.97,11.43,20,"Nil
",NA,03:20.3
4332,IGFS2019,FG62,101010101,307,247,81,1,Groundgear_A,Long,30D9,V,19/11/2019 15:37,30,50.561,-10.937,50.533,-10.915,VIIjSlope,132.2,24.7,4,1.877465117,3.483237694,0.460484023,Y,24.73073932,937,NA,8.63,17.83,25,"Nil
",NA,03:20.3
4333,IGFS2019,FG195,101010101,130,130,82,1,Groundgear_A,Long,2.90E+01,V,20/11/2019 7:21,30,50.061,-10.003,50.076,-9.957,VIIjDeep,118.9,23.3,4.2,1.989901367,3.69183927,0.438959689,Y,22.10257004,450,NA,11.66,15.14,14,"Nil
",NA,03:20.3
4334,IGFS2019,CC425,101010101,131,131,83,1,Groundgear_A,Long,2.90E+01,V,20/11/2019 9:14,30,50.136,-9.694,50.133,-9.644,VIIjDeep,119.4,23.4,4.2,1.935181256,3.590317729,0.428683937,Y,22.20045264,450,NA,12.73,9.56,15,"Nil
",NA,03:20.3
4335,IGFS2019,FG162,101010101,124,129,84,1,Groundgear_A,Long,2.90E+01,V,20/11/2019 11:21,30,50.34,-9.395,50.363,-9.358,VIIjDeep,119.6,23.6,4.1,1.978950479,3.671522225,0.439114058,Y,22.23962478,438,NA,9.72,13.24,15,"Nil
",NA,03:20.3
4336,IGFS2019,FG211,101010101,124,114,85,1,Groundgear_A,Long,2.90E+01,V,20/11/2019 14:17,30,50.411,-9.806,50.382,-9.808,VIIjDeep,118.4,23.6,4.1,1.740429552,3.228997313,0.382313282,Y,22.0047553,438,NA,7.4,12.43,18,"Nil
",NA,03:20.3
4337,IGFS2019,FG54,101010101,137,141,86,1,Groundgear_A,Long,30D9,V,20/11/2019 16:17,30,50.502,-10.028,50.515,-10.078,VIIjMedium,121.9,23.1,4,2.064536134,3.830308227,0.466914573,Y,22.69089865,474,NA,10.56,6.58,17,"Nil
",NA,03:20.3
4338,IGFS2019,FG132,101010101,122,122,87,1,Groundgear_A,Long,3.00E+01,V,21/11/2019 7:23,30,50.518,-9.154,50.521,-9.102,VIIjDeep,119.4,23.6,4.2,1.995873957,3.702920143,0.442128665,Y,22.20045264,438,NA,11.49,8.32,16,"Nil
",NA,03:20.3
4339,IGFS2019,CC306,101010101,119,118,88,1,Groundgear_A,Long,3.00E+02,V,21/11/2019 9:19,30,50.629,-8.914,50.604,-8.88,VIIgMedium,117.4,23.1,4.2,1.982213934,3.677576872,0.431747525,Y,21.8093277,438,NA,6.75,11.71,12,"Nil
",NA,03:20.3
4340,IGFS2019,FG12,101010101,118,119,89,1,Groundgear_A,Long,3.00E+02,V,21/11/2019 11:23,30,50.557,-8.613,50.59,-8.594,VIIgMedium,120.7,23.3,3.9,2.107431358,3.909891202,0.471923868,Y,22.45526808,438,NA,6.67,14.28,10,"Nil
",NA,03:20.3
4341,IGFS2019,62A,101010101,112,112,90,1,Groundgear_A,Long,3.00E+02,V,21/11/2019 13:02,30,50.709,-8.49,50.734,-8.452,VIIgMedium,119.6,23.2,3.9,2.083028839,3.864617512,0.462208254,Y,22.23962478,415,NA,8.76,14.4,8,"Nil
",NA,03:20.3
4342,IGFS2019,FG133,101010101,116,114,91,1,Groundgear_A,Long,3.00E+02,V,21/11/2019 16:04,30,50.516,-8.071,50.533,-8.028,VIIgMedium,119.9,23.2,3.9,1.933954207,3.5880412,0.43020614,Y,22.29840354,427,NA,7.58,10.09,7,"Nil
",NA,03:20.3
4343,IGFS2019,CC307,101010101,100,102,92,1,Groundgear_A,Long,3.00E+03,V,22/11/2019 7:22,30,50.645,-7.278,50.649,-7.33,VIIgMedium,118.7,23.2,4,1.996847492,3.70472633,0.439751015,Y,22.06343602,390,NA,6.54,4.3,6,"Nil
",NA,03:20.3
4344,IGFS2019,MB30,101010101,107,105,93,1,Groundgear_A,Long,3.00E+03,V,22/11/2019 9:32,30,50.614,-7.603,50.645,-7.616,VIIgMedium,118.4,23.2,4.1,1.923713244,3.569041269,0.422574486,Y,22.0047553,402,NA,4.93,6.24,3,"Nil
",NA,03:20.3
4345,IGFS2019,FG53,101010101,108,107,94,1,Groundgear_A,Long,3.00E+03,V,22/11/2019 11:27,30,50.721,-7.844,50.705,-7.884,VIIgMedium,116.9,22.8,4.1,1.799784728,3.339118233,0.390342921,Y,21.71171401,402,NA,8.32,5.23,4,"Nil
",NA,03:20.3
4346,IGFS2019,FG13,101010101,111,109,95,1,Groundgear_A,Long,3.00E+02,V,22/11/2019 13:43,30,50.757,-8.2,50.739,-8.243,VIIgMedium,116.4,22.8,4.1,1.959743197,3.635887193,0.423217269,Y,21.61416649,402,NA,5.66,3.84,6,"Nil
",NA,03:20.3
4347,IGFS2019,FG35,101010101,101,100,96,1,Groundgear_A,Long,3.00E+03,V,22/11/2019 16:38,30,50.872,-7.803,50.907,-7.75,VIIgMedium,114.2,22.8,4.1,2.906003597,5.391472351,0.615706142,Y,21.18573303,390,NA,4.24,4.11,8,"Nil
",NA,03:20.3
4348,IGFS2019,FG17A,101010101,81,80,97,1,Groundgear_A,Long,3.10E+02,V,23/11/2019 7:31,31,51.48,-8.151,51.5,-8.107,VIIgMedium,108.6,21.9,4.1,2.037587901,3.780311505,0.410541829,Y,20.10068281,324,NA,3.87,3.17,30,"Nil
",NA,03:20.3
4349,IGFS2019,CN205,101010101,70,67,98,1,Groundgear_A,Short,3.20E+02,V,23/11/2019 9:38,30,51.676,-8.042,51.7,-8.007,VIIgCoast,89.4,23.1,4.1,1.942549246,3.60398747,0.32219648,Y,25.72044449,311,NA,2.98,2.14,25,"Nil
",NA,03:20.3
4350,IGFS2019,53A,101010101,69,60,99,1,Groundgear_A,Short,3.20E+02,V,23/11/2019 11:40,25,51.609,-8.253,51.636,-8.256,VIIgCoast,88.4,22.8,4.2,1.623037144,3.011200638,0.266190136,Y,25.41212024,311,NA,2.4,2.25,26,"Nil
","Hauled after 25 minutes, lots of marks on the Trawl Explorer",03:20.3
4351,IGFS2019,FG138,101010101,56,54.8,100,1,Groundgear_A,Short,3.20E+03,V,24/11/2019 7:25,30,51.896,-7.427,51.923,-7.386,VIIgCoast,84.7,21.1,4.2,2.22142307,4.121378609,0.349080768,Y,24.27804236,273,NA,NA,NA,NA,"Nil
","scanmar system not working, overheated so fan needed",03:20.3
4352,IGFS2019,FG46,101010101,70,74,101,1,Groundgear_A,Short,3.20E+03,V,24/11/2019 9:41,31,51.841,-7.061,51.811,-7.081,VIIgCoast,83.9,22.9,4.3,1.946605619,3.611513208,0.303005958,Y,24.03418025,298,NA,2.46,2.89,11,"Nil
",scanmar not working,03:20.3
4353,IGFS2019,CN204,101010101,78,79,102,1,Groundgear_A,Short,3.20E+03,V,24/11/2019 12:09,20,51.636,-7.406,51.624,-7.434,VIIgCoast,86.2,22.6,4.2,1.268826179,2.354037437,0.202918027,Y,24.73655376,311,4.2,2.73,1.73,19,"big mark of scad
",NA,03:20.3
4354,IGFS2019,FG176,101010101,84,87,103,1,Groundgear_A,Short,3.10E+03,V,24/11/2019 13:52,30,51.489,-7.508,51.481,-7.556,VIIgCoast,86.5,22.4,4.2,1.860085509,3.450993523,0.29851094,Y,24.82845811,311,NA,4.16,2.45,19.5,"Nil
",NA,03:20.3
4355,IGFS2019,FG37A,101010101,93,94,104,1,Groundgear_A,Long,3.10E+03,V,24/11/2019 16:06,30,51.389,-7.831,51.36,-7.858,VIIgMedium,111.3,22.6,4.1,2.012734049,3.734200461,0.415616511,Y,20.62286602,336,NA,3.42,3.1,27.5,"Nil
",NA,03:20.3
4356,IGFS2019,110,101010101,79,79,105,1,Groundgear_A,Short,3.20E+04,I,25/11/2019 7:20,30,51.564,-6.45,51.593,-6.478,VIIgCoast,83.6,21.9,4.2,2.029525524,3.765353477,0.314783551,Y,23.94285144,311,NA,4.2,8.12,8.6,"Nil
",large catch of herring spurdog mix. >5t so slipped the catch,03:20.3
4357,IGFS2019,FG38,101010101,74,69,106,1,Groundgear_A,Short,3.20E+04,V,25/11/2019 9:04,23,51.709,-6.469,51.73,-6.491,VIIgCoast,85.4,22.3,4.2,1.502513305,2.787594259,0.23806055,Y,24.49180625,298,NA,5.33,5.85,11,"Nil
",NA,03:20.3
4358,IGFS2019,CN207,101010101,72,70,107,1,Groundgear_A,Short,3.20E+04,V,25/11/2019 10:44,30,51.774,-6.714,51.798,-6.68,VIIgCoast,86.2,22.3,4,1.915924678,3.554591239,0.306405765,Y,24.73655376,298,NA,4.82,4.58,9.2,"Nil
",NA,03:20.3
4359,IGFS2019,33A,101010101,59,55,108,1,Groundgear_A,Short,3.20E+04,V,25/11/2019 14:29,30,51.974,-6.737,52.005,-6.752,VIIgCoast,81.4,21.4,4.4,1.940347041,3.599901746,0.293032002,Y,23.27505701,273,NA,5.69,5.28,18,"Nil
",NA,03:20.3
4360,IGFS2019,FG167,101010101,72,73,109,1,Groundgear_A,Short,3.20E+04,V,25/11/2019 16:31,20,51.853,-6.607,51.834,-6.596,VIIgCoast,82.9,21.8,4.3,1.210507379,2.245839293,0.186180077,Y,23.73000145,298,NA,8.32,5.1,18.5,"Nil
",NA,03:20.3
4361,IGFS2019,CN203,101010101,70,71,110,1,Groundgear_A,Short,3.10E+05,V,26/11/2019 7:25,30,51.46,-5.267,51.428,-5.264,VIIgCoast,84.6,22.2,4.1,1.922247083,3.566321119,0.301710767,Y,24.24753409,286,NA,8.01,19.12,38.5,"Nil
",NA,03:20.3
4362,IGFS2019,MB32,101010101,72,73,111,1,Groundgear_A,Short,3.10E+05,V,26/11/2019 9:14,30,51.465,-5.497,51.485,-5.54,VIIgCoast,82.3,23.1,4.7,2.00786635,3.72516948,0.306581448,Y,23.54783498,298,NA,10.02,11.5,32,"Nil
",NA,03:20.3
4363,IGFS2019,CN307,101010101,83,83,112,1,Groundgear_A,Long,3.10E+05,V,26/11/2019 11:40,30,51.436,-5.785,51.405,-5.771,VIIgMedium,100.9,21.8,4.6,1.93166851,3.583800575,0.361605478,Y,18.62082674,324,NA,16.96,14.2,32,"Nil
",NA,03:20.3
4364,IGFS2019,CN308,101010101,114,115,113,1,Groundgear_A,Long,3.10E+04,V,26/11/2019 15:28,20,51.478,-6.118,51.459,-6.129,VIIgMedium,123.7,24.2,4.2,1.211585783,2.247840043,0.278057813,Y,23.04510744,415,NA,20.18,12.26,35,"Nil
",NA,03:20.3
4365,IGFS2019,113,101010101,90,90,114,1,Groundgear_A,Long,3.10E+05,V,27/11/2019 7:26,30,51.058,-5.784,51.088,-5.802,VIIgMedium,108.3,22.4,4.6,1.923135949,3.567970221,0.386411175,Y,20.04277072,336,NA,6.93,15.4,21.2,"Nil
",NA,03:20.3
4366,IGFS2019,FG49,101010101,91,92,115,1,Groundgear_A,Long,3.10E+05,V,27/11/2019 9:33,30,51.24,-5.922,51.213,-5.955,VIIgMedium,113.3,22.6,4.2,2.040882555,3.786424036,0.429001843,Y,21.01082362,349,NA,12.84,6.35,NA,"Nil
",NA,03:20.3
4367,IGFS2019,CN304,101010101,104,101,116,1,Groundgear_A,Long,3.10E+04,V,27/11/2019 11:25,30,51.178,-6.134,51.147,-6.145,VIIgMedium,100.9,26.6,4.1,1.904605446,3.533590809,0.356539313,Y,18.62082674,378,NA,10.58,9.45,9,"Nil
",NA,03:20.3
4368,IGFS2019,CN303,101010101,95,100,117,1,Groundgear_A,Long,3.10E+04,V,27/11/2019 14:04,30,51.143,-6.483,51.112,-6.473,VIIgMedium,108.9,22.1,4.4,1.896797753,3.519105292,0.383230566,Y,20.15861634,349,NA,6.8,14.6,10,"Nil
",NA,03:20.3
4369,IGFS2019,CN302,101010101,100,83,118,1,Groundgear_A,Long,3.10E+04,V,27/11/2019 16:33,20,51.065,-6.465,51.044,-6.455,VIIgMedium,113.8,22.6,4.1,1.314719728,2.439183169,0.277579045,Y,21.10797008,366,NA,8.07,16.21,11,"Nil
","Tip of wing back to knife edge of net was torn, sheeting gone boulder out thruogh wing but only happened at end of tow so stil valid.",03:20.3
4370,IGFS2019,111,101010101,114,125,119,1,Groundgear_A,Long,3.10E+04,V,28/11/2019 7:30,30,51.416,-6.358,51.386,-6.375,VIIgMedium,119.4,23.3,3.9,1.908675918,3.541142706,0.422812439,Y,22.20045264,402,NA,9.18,12.59,9.4,"Nil
",NA,03:20.3
4371,IGFS2019,112,101010101,109,110,120,1,Groundgear_A,Long,3.10E+04,V,28/11/2019 9:21,30,51.243,-6.332,51.207,-6.337,VIIgMedium,117.9,23.2,4,2.166939062,4.020295105,0.473992793,Y,21.90700799,390,NA,5.9,14.75,9,"Nil
",NA,03:20.3
4372,IGFS2019,FG39,101010101,112,106,121,1,Groundgear_A,Long,3.10E+04,V,28/11/2019 11:17,30,51.213,-6.604,51.187,-6.637,VIIgMedium,121.4,24.2,4.1,1.994084843,3.699600821,0.44913154,Y,22.59267027,390,NA,7.43,6.59,8.7,"Nil
",NA,03:20.3
4373,IGFS2019,FG40,101010101,83,85,122,1,Groundgear_A,Long,3.10E+04,V,28/11/2019 13:35,30,51.366,-6.663,51.365,-6.714,VIIgMedium,108.6,22.1,4.3,1.915402662,3.553622749,0.385923431,Y,20.10068281,324,NA,7.38,4.75,0.4,"Nil
",NA,03:20.3
4374,IGFS2019,FG187,101010101,108,110,123,1,Groundgear_A,Long,3.10E+04,V,28/11/2019 15:21,30,51.345,-6.926,51.317,-6.919,VIIgMedium,117.8,23.1,4.2,1.699522241,3.153102487,0.371435473,Y,21.88746659,402,NA,11.73,4.24,8.9,"Nil
",NA,03:20.3
4375,IGFS2019,FG168,101010101,90,90,124,1,Groundgear_A,Long,3.10E+03,V,29/11/2019 7:24,30,51.298,-7.18,51.291,-7.232,VIIgMedium,110.9,22.1,4.1,1.999574738,3.709786155,0.411415285,Y,20.54539364,336,NA,5.5,1.63,6.1,"Nil
",NA,03:20.3
4376,IGFS2019,FG15,101010101,90,89,125,1,Groundgear_A,Long,3.10E+03,V,29/11/2019 8:58,20,51.328,-7.423,51.341,-7.45,VIIgMedium,112.9,22.6,4.4,1.279205212,2.373293529,0.267944839,Y,20.933152,349,NA,5.78,6.73,6.4,"Nil
",NA,03:20.3
4377,IGFS2019,FG197,101010101,93,93,126,1,Groundgear_A,Long,3.10E+03,V,29/11/2019 10:36,30,51.247,-7.614,51.243,-7.666,VIIgMedium,111.7,23.1,4.4,1.971764402,3.658189986,0.408619821,Y,20.70037784,349,NA,5.3,2.26,9.9,"Nil
",NA,03:20.3
4378,IGFS2019,FG52,101010101,100,101,127,1,Groundgear_A,Long,3.10E+02,V,29/11/2019 12:49,30,51.247,-8.06,51.227,-8.1,VIIgMedium,112.6,22.6,4.1,1.924988818,3.571407825,0.402140521,Y,20.87492471,366,NA,6.64,2.09,NA,"Nil
",NA,03:20.3
4379,IGFS2019,CC310,101010101,103,105,128,1,Groundgear_A,Long,3.10E+02,V,29/11/2019 15:15,30,51.207,-8.533,51.185,-8.572,VIIgMedium,112.8,22.2,4.1,1.974713655,3.663661697,0.413261039,Y,20.91374039,378,NA,6.39,2.88,17,"Nil
",NA,03:20.3
4380,IGFS2019,FG36,101010101,97,112,129,1,Groundgear_A,Long,3.10E+03,V,30/11/2019 7:39,30,51.055,-7.521,51.035,-7.564,VIIgMedium,112.5,22.2,4,2.019939261,3.747568203,0.421601423,Y,20.85552063,366,NA,7.57,5.71,24,"Nil
",NA,03:20.3
4381,IGFS2019,FG140,101010101,100,103,130,1,Groundgear_A,Long,3.10E+02,V,30/11/2019 10:24,30,51.031,-8.08,51.019,-8.127,VIIgMedium,113.5,23.3,4.4,1.917492558,3.557500108,0.403776262,Y,21.04967459,366,NA,9.62,11.46,32,"Nil
",NA,03:20.3
4382,IGFS2019,VMS1,101010101,112,114,131,1,Groundgear_A,Long,3.00E+02,V,30/11/2019 12:43,30,50.904,-8.452,50.883,-8.494,VIIgMedium,120.2,23.4,4.1,2.030392081,3.76696119,0.452788735,Y,22.35720703,390,NA,16.3,13.72,23.7,"Nil
",NA,03:20.3
4383,IGFS2019,FG11,101010101,117,114,132,1,Groundgear_A,Long,3.00E+02,V,30/11/2019 15:22,31,50.887,-8.89,50.855,-8.893,VIIgMedium,116.1,23,4.2,1.922140847,3.56612402,0.414026999,Y,21.55566956,390,NA,12.86,12.9,26.9,"Nil
",NA,03:20.3
4384,IGFS2019,FG169,101010101,122,120,133,1,Groundgear_A,Long,3.00E+01,V,01/12/2019 7:25,30,50.93,-9.301,50.898,-9.301,VIIjMedium,118.7,23.6,4.1,1.918781918,3.559892241,0.422559209,Y,22.06343602,427,NA,8.51,9.56,11,"Nil
",NA,03:20.3
4385,IGFS2019,FG163,101010101,121,120,134,1,Groundgear_A,Long,3.00E+01,V,01/12/2019 9:14,30,50.835,-9.532,50.833,-9.584,VIIjDeep,115.6,22.8,4.1,1.978151156,3.670039251,0.424256537,Y,21.45822706,415,NA,6.21,6.35,18.6,"Nil
",NA,03:20.3
4386,IGFS2019,84,101010101,120,121,135,1,Groundgear_A,Long,3.00E+01,V,01/12/2019 11:15,30,50.751,-9.899,50.745,-9.951,VIIjDeep,116,23,4.3,2.010587538,3.730218067,0.432705296,Y,21.53617584,415,NA,8.21,5.45,16.9,"Nil
",NA,03:20.3
4387,IGFS2019,FG130,101010101,138,140,136,1,Groundgear_A,Long,30D9,V,01/12/2019 13:29,30,50.778,-10.276,50.746,-10.281,VIIjDeep,117.7,22.9,4.1,1.928130649,3.577236825,0.421040774,Y,21.86792786,462,NA,5.58,9.81,13.7,"Nil
",NA,03:20.3
4388,IGFS2019,FG160,101010101,163,160,137,1,Groundgear_A,Long,30D9,V,01/12/2019 15:53,30,50.544,-10.463,50.543,-10.411,VIIjDeep,119.9,23.3,4.1,1.987648432,3.687659429,0.442150366,Y,22.29840354,513,NA,6.52,5.88,24.3,"Nil
",NA,03:20.3
4389,IGFS2019,FG141,101010101,112,111,138,1,Groundgear_A,Long,3.10E+02,V,02/12/2019 7:30,30,51.099,-8.771,51.099,-8.824,VIIgMedium,116.1,22.6,4.1,2.001066556,3.712553907,0.431027509,Y,21.55566956,402,NA,3.55,1.81,4.4,"Nil
",NA,03:20.3
4390,IGFS2019,FG34,101010101,116,117,139,1,Groundgear_A,Long,3.10E+01,V,02/12/2019 9:55,30,51.117,-9.236,51.117,-9.288,VIIjMedium,114.2,22.4,4.2,1.962548139,3.641091168,0.415812611,Y,21.18573303,401,NA,3.86,2.2,3.5,"Nil
",NA,03:20.3
4391,IGFS2019,MB20A,101010101,121,123,140,1,Groundgear_A,Long,3.10E+01,V,02/12/2019 11:54,30,51.113,-9.6,51.103,-9.651,VIIjMedium,114.4,22.8,4.2,2.01640478,3.741010723,0.427971627,Y,21.22462985,415,NA,2.59,2.13,8.1,"Nil
",NA,03:20.3
4392,IGFS2019,COD5A,101010101,122,127,141,1,Groundgear_A,Long,3.10E+01,V,02/12/2019 13:59,30,51.162,-9.94,51.14,-9.979,VIIjMedium,114.9,22.7,4.2,1.975771827,3.665624911,0.421180302,Y,21.32191681,415,NA,3.6,3.87,11.1,"Nil
",NA,03:20.3
4393,IGFS2019,FG66,101010101,134,129,142,1,Groundgear_A,Long,31D9,V,02/12/2019 16:02,30,51.055,-10.234,51.022,-10.234,VIIjDeep,115.6,22.2,4,1.978786267,3.671217565,0.424392751,Y,21.45822706,450,NA,2.29,3.35,10.3,"Nil
",NA,03:20.3
4394,IGFS2019,68,101010101,23,28,143,1,Groundgear_A,Long,3.40E+01,V,03/12/2019 7:34,30,52.555,-9.764,52.544,-9.815,VIIbCoast,69.2,19.1,4.5,1.977965895,3.669695537,0.253942931,Y,19.62863412,151,NA,3.51,1.83,15.9,"Nil
",NA,03:20.3
4395,IGFS2019,MB17,101010101,89,92,144,1,Groundgear_A,Long,34D9,V,03/12/2019 9:32,30,52.586,-10.062,52.576,-10.111,VIIbMedium,108.2,21.7,4.3,1.888080471,3.502932228,0.379017267,Y,20.02347144,336,NA,11.93,7.38,23.2,"Nil
",NA,03:20.3
4396,IGFS2019,53,101010101,112,114,145,1,Groundgear_A,Long,34D9,V,03/12/2019 12:56,30,52.9,-10.436,52.92,-10.392,VIIbMedium,115.2,22.5,4.1,1.996218398,3.70355918,0.426650018,Y,21.38031994,390,NA,8.7,10.73,24,"Nil
",NA,03:20.3
4397,IGFS2019,HG1,101010101,30,38,146,1,Groundgear_A,Short,3.50E+01,V,04/12/2019 12:00,30,53.186,-9.262,53.17,-9.311,VIIbCoast,72.51035698,18.77,NA,2.009827049,3.728807142,0.270377137,N,999,193,NA,3.86,2.25,20,"Nil
",NA,03:20.3
4398,IGFS2019,FG207,101010101,55,57,148,1,Groundgear_A,Short,3.40E+01,V,04/12/2019 14:27,31,52.957,-9.506,52.929,-9.537,VIIbCoast,79.4,21.2,4.5,2.020523771,3.748652635,0.297643019,Y,22.6708658,233,NA,10.3,10.7,20,"Nil
",NA,03:20.3
4399,IGFS2019,66,101010101,63,55,149,1,Groundgear_A,Short,3.40E+01,V,04/12/2019 16:01,30,52.799,-9.611,52.768,-9.625,VIIbCoast,83,22.1,4.5,1.927862206,3.576738786,0.296869319,Y,23.76038723,259,NA,8.73,13.71,17,"Nil
",Tide diection and speed was not working on the bridge.,03:20.3
4400,IGFS2019,71,101010101,53,66,150,1,Groundgear_A,Short,33D9,V,05/12/2019 7:54,29,52.001,-10.335,51.997,-10.376,VIIjCoast,80.8,21.5,4.6,1.5365908,2.85081781,0.230346079,Y,23.09351533,246,NA,9.56,6.91,33,"Nil
",NA,03:20.3
4401,IGFS2019,MB18,101010101,91,92,151,1,Groundgear_A,Long,32D9,V,05/12/2019 9:36,39,51.93,-10.535,51.918,-10.582,VIIjMedium,109.2,22.1,4.5,1.885510944,3.498165017,0.38199962,Y,20.21657138,336,NA,16.88,13.82,32,"Nil
",NA,03:20.3
4402,IGFS2019,DS1,101010101,146,145,152,1,Groundgear_A,Long,32D9,V,06/12/2019 12:35,31,51.97,-10.971,52.003,-10.998,VIIjDeep,115.4,23.6,4,2.217298285,4.113725946,0.474723974,Y,21.4192683,485,NA,10.97,15.28,23,"Nil
",NA,03:20.3
4403,IGFS2019,FG67,101010101,165,162,153,1,Groundgear_A,Long,32D8,V,05/12/2019 15:30,31,51.869,-11.052,51.845,-11.017,VIIjDeep,120.6,23.5,4.2,1.939317183,3.597991062,0.433917722,Y,22.43565033,499,NA,12.48,18.39,15,"Nil
",NA,03:20.3
4404,IGFS2019,42,101010101,157,157,154,1,Groundgear_A,Long,32D9,V,06/12/2019 7:54,30,51.654,-10.827,51.626,-10.8,VIIjDeep,121.4,23.3,4.1,1.958192004,3.633009285,0.441047327,Y,22.59267027,499,NA,24.25,24.2,19,"Nil
",NA,03:20.3
4405,IGFS2019,43,101010101,102,88,155,1,Groundgear_A,Long,32D9,V,06/12/2019 10:15,31,51.67,-10.491,51.686,-10.444,VIIjMedium,111.9,22.2,4.2,1.997784168,3.706464133,0.414753336,Y,20.73914861,366,NA,16.98,7.99,24,"Nil
",NA,03:20.3
4406,IGFS2019,FG33,101010101,73,73,156,1,Groundgear_A,Short,32D9,V,06/12/2019 12:50,20,51.489,-10.082,51.503,-10.053,VIIjCoast,84.8,22.3,4.4,1.37229699,2.546005546,0.21590127,Y,24.30855796,286,NA,7.5,19.31,25,"Nil
",Pulled up after 20 mins due to a large mark of fish,03:20.3
4407,IGFS2019,FG205,101010101,50,46,157,1,Groundgear_A,Short,3.20E+01,V,06/12/2019 14:51,30,51.611,-9.742,51.628,-9.696,VIIjCoast,80.4,21.1,4.3,1.997026295,3.70505806,0.297886668,Y,22.97262379,234,NA,4.8,2.38,22,"Nil
",NA,03:20.3
4408,IGFS2019,FG208,101010101,74,75,158,1,Groundgear_A,Short,3.20E+03,V,07/12/2019 7:49,15,51.622,-6.995,51.611,-7.015,VIIgCoast,87.3,22.6,4.2,0.996319053,1.848458354,0.161370414,Y,25.07387113,298,NA,6.43,2.48,16,"Nil
","Only 15 min tow due to large mark of fish and, avoiding the site of net damage from last year.",03:20.3
4409,IGFS2019,FG178,101010101,80,81,159,1,Groundgear_A,Short,3.20E+03,V,07/12/2019 10:11,20,51.589,-7.469,51.586,-7.504,VIIgCoast,87.4,22.5,4.1,1.319804597,2.448617063,0.214009131,Y,25.10458226,298,NA,7.9,3.88,26,"Nil
",Pulled up after 20 mins due to a large mark of fish,03:20.3
4410,IGFS2019,FG183,101010101,95,93,160,1,Groundgear_A,Long,3.10E+02,V,07/12/2019 15:37,30,51.449,-8.542,51.464,-8.493,VIIgMedium,110.4,21.9,4.2,2.044275093,3.792718169,0.418716086,Y,20.44860832,336,NA,4.55,3.74,28,"Nil
",NA,03:20.3
4411,IGFS2019,FG182,101010101,62,73,161,1,Groundgear_A,Short,3.10E+02,V,09/12/2019 10:46,30,51.518,-8.868,51.492,-8.899,VIIgCoast,86.5,22.4,4.1,1.943441685,3.6056432,0.311888137,Y,24.82845811,273,NA,9.22,5.41,10,"Nil
",Battery changed on TEY,03:20.3
4412,IGFS2019,FG56,101010101,65,65,162,1,Groundgear_A,Short,3.10E+01,V,09/12/2019 13:21,30,51.427,-9.346,51.417,-9.396,VIIjCoast,85,21.8,4.1,1.968193694,3.651565295,0.31038305,Y,24.36961121,273,NA,8.64,3.67,15,"Nil
",NA,03:20.3
4437,IGFS2020,FG34A,101010101,115,115,17,1,Groundgear_A,Long,3.10E+01,V,05/11/2020 13:34,31,51.117,-9.349,51.117,-9.296,VIIjMedium,113.7,22.6,3.9,2.00028945,3.711112153,0.421953452,Y,21.08853571,395,NA,NA,NA,9.7,"Nil
",NA,03:20.3
4438,IGFS2020,FG141,101010101,111,111,18,1,Groundgear_A,Long,3.10E+02,V,05/11/2020 16:04,32,51.103,-8.859,51.1,-8.809,VIIgMedium,117.1,23.7,4,1.896249006,3.51808721,0.411968012,Y,21.75075152,390,NA,NA,NA,9.7,"Nil
",NA,03:20.3
4413,IGFS2019,FG58,101010101,85,95,163,1,Groundgear_A,Long,3.10E+01,V,09/12/2019 15:51,31,51.352,-9.789,51.33,-9.826,VIIjMedium,110.8,22.7,4,1.916146128,3.555002093,0.393894232,Y,20.52603168,324,NA,13.62,9.58,18,"Nil
","On last haul the TS reverted back to factory settings on its own and would not send back info as it was on the wrong stataion. TEY showed no readings from a few mins but then came back on, alll other sensors were working as they should be",03:20.3
4414,IGFS2019,FG213,101010101,140,135,164,1,Groundgear_A,Long,34D8,V,10/12/2019 8:20,16,52.488,-11.33,52.504,-11.329,VIIbDeep,121.5,20.7,4.3,0.960348713,1.78172303,0.216479348,Y,22.61231033,462,NA,11.69,18.13,27,"Nil
",NA,03:20.3
4415,IGFS2019,48,101010101,124,125,165,1,Groundgear_A,Long,34D9,V,10/12/2019 12:08,30,52.651,-10.705,52.666,-10.753,VIIbMedium,119.1,22.8,4.1,1.96830514,3.65177206,0.434926052,Y,22.14171491,427,NA,15.56,17.67,35,"Nil
",NA,03:20.3
4416,IGFS2019,MB52,101010101,38,44,166,1,Groundgear_A,Long,3.50E+01,V,11/12/2019 8:11,30,53.131,-9.338,53.105,-9.375,VIIbCoast,79.6,21.1,4.4,2.053113162,3.809115328,0.30320558,Y,22.731164,206,NA,6.34,6.24,24,"Nil
",NA,03:20.3
4417,IGFS2019,FG217,101010101,49,47,167,1,Groundgear_A,Short,3.50E+01,V,11/12/2019 10:27,30,53.193,-9.62,53.196,-9.565,VIIbCoast,87.1,22.6,4.2,1.989482914,3.69106292,0.32149158,Y,25.01247197,259,NA,6.12,3.57,11,"Nil
",NA,03:20.3
4418,IGFS2019,62,101010101,36,41,168,1,Groundgear_A,Short,3.50E+01,V,11/12/2019 13:17,31,53.191,-9.392,53.192,-9.438,VIIbCoast,81.2,21.4,4.2,1.658311108,3.076643985,0.249823492,Y,23.21451572,206,NA,7.54,4.84,21,"Nil
",NA,03:20.3
4419,IGFS2019,MB15,101010101,102,104,169,1,Groundgear_A,Long,3.40E+01,V,12/12/2019 8:07,30,52.967,-9.926,52.947,-9.971,VIIbMedium,115.1,22.6,4.2,2.023901669,3.754919609,0.432191247,Y,21.36084964,366,NA,NA,NA,19,"Nil
",Average heave pitch and roll not available on bridge,03:20.3
4420,IGFS2019,56A,101010101,108,105,170,1,Groundgear_A,Long,35D9,V,12/12/2019 10:19,30,53.047,-10.18,53.08,-10.189,VIIbMedium,118.2,22.9,3.9,2.006006059,3.721718107,0.43990708,Y,21.96564831,378,NA,11.11,15.06,21,"Nil
",NA,03:20.3
4421,IGFS2020,62,201030101,38,38.5,1,1,NA,Short,3.50E+01,A,01/11/2020 17:15,25,53.192,-9.316,53.192,-9.348,VIIbCoast,74.94988917,19.24,NA,1.152839349,2.138848513,0.160306459,N,999,193,NA,NA,NA,NA,"Shakedown tow
",Initial shakedown tow with Griffin Trawl,03:20.3
4422,IGFS2020,62,101010101,37,41,2,1,Groundgear_A,Short,3.50E+01,V,02/11/2020 7:52,33,53.191,-9.381,53.194,-9.44,VIIbCoast,78.4,21.5,4.7,2.133127131,3.957564251,0.310273037,Y,22.36977022,193,NA,NA,NA,15.5,"Nil
",First IGFS2020 tow,03:20.3
4423,IGFS2020,62,201030101,35,38,3,1,NA,Short,3.50E+01,A,02/11/2020 9:42,31,53.191,-9.398,53.194,-9.442,VIIbCoast,75.8,21.6,4.4,1.595317883,2.959773438,0.224350827,Y,21.58993189,193,NA,NA,NA,11.7,"Nil
",NA,03:20.3
4424,IGFS2020,BH1,201030101,31,37,4,1,NA,Short,3.50E+01,A,02/11/2020 11:43,31,53.182,-9.276,53.168,-9.318,VIIbCoast,72.3,20.2,4.2,1.731050802,3.211597036,0.232198466,Y,20.54670959,179,NA,NA,NA,19.4,"Nil
",NA,03:20.3
4425,IGFS2020,BH1,101010101,35,40,5,1,Groundgear_A,Short,3.50E+01,V,02/11/2020 15:21,32,53.185,-9.266,53.169,-9.313,VIIbCoast,73.4,20.4,4.6,1.94683867,3.611945584,0.265116806,Y,20.8737943,179,NA,NA,NA,31.1,"Nil
","Getting a bit backed up with alot of small fish (spr, whg, pod, benthos) so calling an end to day. ",03:20.3
4426,IGFS2020,MB52,101010101,37,41,6,1,Groundgear_A,Short,3.50E+01,V,03/11/2020 7:44,22,53.141,-9.325,53.123,-9.349,VIIbCoast,74.4,20.2,4.8,1.384006841,2.567730688,0.191039163,Y,21.17176289,193,NA,NA,NA,19.5,"Nil
",NA,03:20.3
4427,IGFS2020,MB52,201030101,36,39,7,1,NA,Short,3.50E+01,A,03/11/2020 10:30,17,53.135,-9.335,53.121,-9.349,VIIbCoast,73.9,20.6,4.6,0.979990781,1.818164714,0.134362372,Y,21.02270415,193,NA,NA,NA,19.5,"Nil
",NA,03:20.3
4428,IGFS2020,FG173,101010101,71,73,8,1,Groundgear_A,Short,3.40E+01,V,03/11/2020 16:24,31,52.974,-9.617,52.957,-9.663,VIIbCoast,85.1,22.2,4.1,1.953233583,3.623809987,0.30838623,Y,24.40014888,273,NA,NA,NA,11.6,"Nil
",NA,03:20.3
4429,IGFS2020,FG1,101010101,158,159,9,1,Groundgear_A,Long,33D8,V,04/11/2020 7:15,30,52.195,-11.356,52.162,-11.336,VIIjDeep,119.6,23.4,3.9,2.112080628,3.918516936,0.468654625,Y,22.23962478,486,NA,NA,NA,11.5,"Nil
",NA,03:20.3
4430,IGFS2020,FG70,101010101,270,267,10,1,Groundgear_A,Long,33D8,V,04/11/2020 9:48,26,52.142,-11.617,52.118,-11.593,VIIbSlope,131,24.7,3.6,1.690133477,3.135683631,0.410774556,Y,24.49141937,800,NA,NA,NA,9.7,"Nil
","We hauled at 20 minutes, head line kept dipping under 3.5 meters, but door and wings were fine",03:20.3
4431,IGFS2020,FG74,101010101,578,532,11,1,Groundgear_A,Long,32D8,I,04/11/2020 12:18,30,51.975,-11.818,51.942,-11.815,VIIbSlope,146,26,3.3,1.982217463,3.67758342,0.536927179,Y,27.51787488,1400,NA,NA,NA,4,"Nil
",large lump of netting in starboard wing along the split bridles,03:20.3
4432,IGFS2020,FG71,101010101,255,254,12,1,Groundgear_A,Long,32D8,V,04/11/2020 14:52,30,51.914,-11.522,51.882,-11.53,VIIjSlope,137.4,25.8,3.5,1.941923016,3.602825632,0.495028242,Y,25.77321255,755,NA,NA,NA,3.8,"Nil
",NA,03:20.3
4433,IGFS2020,FG73,101010101,221,222,13,1,Groundgear_A,Long,32D8,V,04/11/2020 16:50,31,51.775,-11.402,51.741,-11.4,VIIjSlope,135.1,24.7,3.5,2.040359366,3.78545337,0.51141475,Y,25.31101386,663,NA,NA,NA,7.7,"Nil
",NA,03:20.3
4434,IGFS2020,FG9,101010101,50,52.1,14,1,Groundgear_A,Short,3.10E+01,V,05/11/2020 7:10,32,51.463,-9.621,51.451,-9.671,VIIjCoast,79.2,21.4,4.2,2.006651855,3.722916244,0.294854967,Y,22.6105941,220,NA,NA,NA,3.8,"Nil
",NA,03:20.3
4435,IGFS2020,MB20,101010101,106,112,15,1,Groundgear_A,Long,3.10E+01,V,05/11/2020 9:20,33,51.255,-9.798,51.226,-9.837,VIIjMedium,112.9,22.8,4,2.275758234,4.222185963,0.476684795,Y,20.933152,378,NA,NA,NA,5.8,"Nil
",NA,03:20.3
4436,IGFS2020,MB20,101010101,120,122,16,1,Groundgear_A,Long,3.10E+01,V,05/11/2020 11:39,27,51.12,-9.594,51.091,-9.594,VIIjMedium,111.1,22.4,4.1,1.738953419,3.226258663,0.358437337,Y,20.58412491,402,NA,NA,NA,5.8,"Nil
",NA,03:20.3
4439,IGFS2020,VMS1,101010101,110,115,19,1,Groundgear_A,Long,3.00E+02,V,06/11/2020 7:13,31,50.914,-8.431,50.893,-8.475,VIIgMedium,117.4,23.5,4,2.090136086,3.877803498,0.455254131,Y,21.8093277,390,NA,NA,NA,12,"Nil
",NA,03:20.3
4440,IGFS2020,62A,101010101,117,117,20,1,Groundgear_A,Long,3.00E+02,V,06/11/2020 9:25,30,50.723,-8.471,50.7,-8.504,VIIgMedium,118.5,24.2,4.1,1.865536099,3.461105935,0.410141053,Y,22.02431284,402,NA,NA,NA,23.3,"Nil
","No trawleye, battery went flat. Got a wobble at the end so hauled a couple of minutres early",03:20.3
4441,IGFS2020,FG14,101010101,123,125,21,1,Groundgear_A,Long,3.00E+02,V,06/11/2020 11:56,32,50.626,-8.238,50.645,-8.196,VIIgMedium,119.7,23.4,3.9,1.965400935,3.646383924,0.436472156,Y,22.25921496,415,NA,NA,NA,19.4,"Nil
",NA,03:20.3
4442,IGFS2020,FG53,101010101,110,110,22,1,Groundgear_A,Long,3.00E+03,V,06/11/2020 14:28,33,50.704,-7.884,50.725,-7.841,VIIgMedium,123.2,23.4,4.1,2.06519641,3.831533228,0.472044894,Y,22.94662331,390,NA,NA,NA,17.5,"Nil
",NA,03:20.3
4443,IGFS2020,FG35,101010101,104,100,23,1,Groundgear_A,Long,3.00E+03,V,06/11/2020 16:23,32,50.884,-7.787,50.909,-7.748,VIIgMedium,115.3,23.3,4,2.105776607,3.906821163,0.45045648,Y,21.39979282,378,NA,NA,NA,15.5,"Nil
",NA,03:20.3
4444,IGFS2020,FG36A,101010101,120,115,24,1,Groundgear_A,Long,3.10E+03,V,07/11/2020 7:17,31,51.026,-7.631,51.051,-7.596,VIIgMedium,115.7,25.4,3.8,1.999513781,3.709673064,0.429209173,Y,21.47771034,415,NA,NA,NA,17.5,"Nil
",NA,03:20.3
4445,IGFS2020,FG23,101010101,108,106,25,1,Groundgear_A,Long,3.10E+03,V,07/11/2020 9:01,31,51.16,-7.441,51.183,-7.406,VIIgMedium,114.5,24,4,1.908650345,3.54109526,0.405455407,Y,21.2440821,378,NA,NA,NA,15.5,"Nil
",NA,03:20.3
4446,IGFS2020,FG168,101010101,85.2,89,26,1,Groundgear_A,Long,3.10E+03,V,07/11/2020 10:52,22,51.289,-7.25,51.294,-7.212,VIIgMedium,111.4,22.9,4.1,1.459881953,2.708500841,0.301726994,Y,20.64224027,336,NA,NA,NA,13.6,"Nil
",NA,03:20.3
4447,IGFS2020,FG187,101010101,110,108,27,1,Groundgear_A,Long,3.10E+04,V,07/11/2020 13:05,30,51.316,-6.921,51.344,-6.894,VIIgMedium,117.4,24.6,3.7,1.961650961,3.639426643,0.427268688,Y,21.8093277,390,NA,NA,NA,9.7,"Nil
",NA,03:20.3
4448,IGFS2020,111,101010101,117,108,28,1,Groundgear_A,Long,3.10E+04,V,07/11/2020 16:18,31,51.384,-6.375,51.416,-6.358,VIIgMedium,120.1,23.7,3.8,2.022119849,3.75161382,0.45056882,Y,22.33760311,402,NA,NA,NA,9.7,"Nil
",NA,03:20.3
4449,IGFS2020,FG165,101010101,85,86,29,1,Groundgear_A,Long,3.10E+05,V,08/11/2020 7:06,17,51.359,-5.81,51.34,-5.811,VIIgMedium,107.2,22,4.2,1.139980717,2.114992054,0.226727148,Y,19.83060838,324,NA,NA,NA,13.6,"Nil
",NA,03:20.3
4450,IGFS2020,44,101010101,77,77,30,1,Groundgear_A,Short,3.10E+05,V,08/11/2020 9:28,21,51.272,-5.522,51.254,-5.504,VIIgCoast,83.6,22.4,4.1,1.274229444,2.364062049,0.197635587,Y,23.94285144,298,NA,NA,NA,13.6,"Nil
",NA,03:20.3
4451,IGFS2020,CN203,101010101,69,69,31,1,Groundgear_A,Short,3.10E+05,V,08/11/2020 11:33,24,51.418,-5.267,51.444,-5.266,VIIgCoast,84.6,22.7,4.2,1.559599395,2.893505371,0.244790554,Y,24.24753409,280,NA,NA,NA,11.7,"Nil
",NA,03:20.3
4452,IGFS2020,MB32,101010101,72,72,32,1,Groundgear_A,Short,3.10E+05,V,08/11/2020 13:21,24,51.471,-5.511,51.485,-5.54,VIIgCoast,87.4,23.4,4.6,1.372633589,2.546630035,0.222575465,Y,25.10458226,298,NA,NA,NA,15.6,"Nil
",NA,03:20.3
4453,IGFS2020,FG136,101010101,86,86,33,1,Groundgear_A,Long,3.10E+05,V,08/11/2020 15:55,24,51.492,-5.783,51.509,-5.808,VIIgMedium,109.2,22.4,4,1.383772237,2.567295431,0.280348661,Y,20.21657138,324,NA,NA,NA,11.6,"Nil
",NA,03:20.3
4454,IGFS2020,FG25,101010101,78,76,34,1,Groundgear_A,Short,3.30E+04,V,09/11/2020 7:14,16,52.01,-6.236,52.005,-6.263,VIIgCoast,88.9,22.7,4.1,1.043325599,1.935669015,0.172080975,Y,25.56618314,311,NA,NA,NA,21.4,"Nil
","Very heavy marks, hauled at 15min.",03:20.3
4455,IGFS2020,CN207,101010101,73,72,35,1,Groundgear_A,Short,3.20E+04,V,09/11/2020 9:50,32,51.797,-6.681,51.773,-6.717,VIIgCoast,86.1,22.5,4.2,1.965837726,3.647194297,0.314023429,Y,24.70593408,296,NA,NA,NA,19.4,"Nil
",NA,03:20.3
4456,IGFS2020,110,101010101,78,80.1,36,1,Groundgear_A,Short,3.20E+04,V,09/11/2020 12:04,31,51.617,-6.523,51.587,-6.504,VIIgMedium,86.5,22.8,4.2,1.933938711,3.58801245,0.310363077,Y,15.88659359,298,NA,NA,NA,15.5,"Nil
",NA,03:20.3
4457,IGFS2020,FG139,101010101,117,113,37,1,Groundgear_A,Short,3.20E+04,V,09/11/2020 14:10,31,51.594,-6.203,51.625,-6.184,VIIgMedium,115.3,23.1,4.2,1.989807844,3.691665758,0.425649062,Y,21.39979282,402,NA,NA,NA,9.7,"Nil
",NA,03:20.3
4458,IGFS2020,113,101010101,85,86,38,1,Groundgear_A,Long,3.10E+05,V,10/11/2020 7:07,20,51.046,-5.777,51.068,-5.79,VIIgMedium,108,20.3,3.9,1.407701635,2.611691344,0.282062665,Y,19.98487997,324,NA,NA,NA,15.5,"Nil
",No NMEA data coming from ScabBas. Reboot and switched to new server mi6407.,03:20.3
4459,IGFS2020,112,101010101,110,112,39,1,Groundgear_A,Long,3.10E+04,V,10/11/2020 10:22,31,51.251,-6.33,51.218,-6.337,VIIgMedium,118.4,24.5,3.6,1.996321879,3.703751168,0.438524138,Y,22.0047553,390,NA,NA,NA,13.6,"Nil
","Headline very low, added some warp.",03:20.3
4460,IGFS2020,CN302,101010101,101,99,40,1,Groundgear_A,Long,3.10E+04,I,10/11/2020 12:42,31,51.041,-6.456,51.075,-6.466,VIIgMedium,112.8,23.1,4.1,2.073482799,3.846906862,0.433931094,Y,20.91374039,366,NA,NA,NA,11.6,"Big rocks, tore both wings and belly out. In to cage!
",Snagged about 20min in to tow.,03:20.3
4461,IGFS2020,FG39,101010101,107,109,41,1,Groundgear_A,Long,3.10E+04,V,10/11/2020 16:02,31,51.189,-6.637,51.216,-6.602,VIIgMedium,113.1,22.2,4.2,2.088011132,3.873861098,0.43813369,Y,20.97198276,390,NA,NA,NA,15.5,"Nil
",No TSP due to urgency changing nets.,03:20.3
4462,IGFS2020,33A,101010101,51,55,42,1,Groundgear_A,Short,3.20E+04,V,12/11/2020 7:26,30,52,-6.752,51.97,-6.735,VIIgCoast,79.7,21.1,4.3,1.906137035,3.536432347,0.281853658,Y,22.76132307,233,NA,NA,NA,20,"Nil
",NA,03:20.3
4463,IGFS2020,FG46,101010101,64,69,43,1,Groundgear_A,Short,3.20E+03,V,12/11/2020 9:56,30,51.837,-7.065,51.806,-7.085,VIIgCoast,86.2,22.4,4.1,2.002190883,3.714639857,0.320201956,Y,24.73655376,286,NA,NA,NA,22,"Nil
",NA,03:20.3
4464,IGFS2020,FG201,101010101,76,78,44,1,Groundgear_A,Short,3.20E+03,V,12/11/2020 12:54,30,51.502,-7.177,51.5,-7.228,VIIgCoast,87.3,22.5,4.1,1.912572848,3.54837263,0.309772931,Y,25.07387113,311,NA,NA,NA,31,"Nil
",NA,03:20.3
4465,IGFS2020,FG176,101010101,80,80,45,1,Groundgear_A,Short,3.10E+03,V,12/11/2020 15:11,30,51.491,-7.495,51.484,-7.541,VIIgCoast,88.8,22.7,4.2,1.772600321,3.288683341,0.292035081,Y,25.53535475,324,NA,NA,NA,34,"Nil
",NA,03:20.3
4466,IGFS2020,FG134,101010101,86,82,46,1,Groundgear_A,Long,3.10E+02,V,13/11/2020 7:14,31,51.417,-8.271,51.431,-8.319,VIIgMedium,112.3,22.9,4.2,1.985752841,3.684142563,0.41372921,Y,20.81671998,336,NA,NA,NA,26,"Nil
",NA,03:20.3
4467,IGFS2020,53A,101010101,75,55,47,1,Groundgear_A,Short,3.20E+02,V,13/11/2020 9:20,30,51.609,-8.253,51.642,-8.256,VIIgCoast,86.2,22.2,4.1,1.982151154,3.677460397,0.316997086,Y,24.73655376,286,NA,NA,NA,29,"Nil
",NA,03:20.3
4468,IGFS2020,FG18,101010101,80,80,48,1,Groundgear_A,Long,3.20E+03,V,13/11/2020 11:44,30,51.615,-7.862,51.628,-7.814,VIIgMedium,109.9,22.2,4.1,1.954038291,3.625302951,0.398420794,Y,20.35188392,324,NA,NA,NA,18,"Nil
",NA,03:20.3
4469,IGFS2020,FG37A,101010101,87,86,49,1,Groundgear_A,Long,3.10E+03,V,13/11/2020 14:27,30,51.391,-7.827,51.365,-7.853,VIIgMedium,111,22.5,3.9,1.83928259,3.412398126,0.378776192,Y,20.56475805,336,NA,NA,NA,25,"Nil
",NA,03:20.3
4470,IGFS2020,FG15,101010101,85,85,50,1,Groundgear_A,Long,3.10E+03,V,13/11/2020 16:44,30,51.349,-7.466,51.329,-7.425,VIIgMedium,114.4,22.8,3.9,1.951891727,3.621320458,0.41427906,Y,21.22462985,336,NA,NA,NA,21,"Nil
",NA,03:20.3
4471,IGFS2020,FG16,101010101,102,100,51,1,Groundgear_A,Long,3.10E+02,V,14/11/2020 7:10,30,51.093,-8.258,51.11,-8.215,VIIgMedium,116.1,22.8,3.9,1.916934385,3.556464537,0.412905533,Y,21.55566956,378,NA,NA,NA,25,"Nil
",NA,03:20.3
4472,IGFS2020,FG52,101010101,95,91,52,1,Groundgear_A,Long,3.10E+02,V,14/11/2020 8:44,30,51.219,-8.116,51.241,-8.072,VIIgMedium,115.8,22.4,3.8,2.117683315,3.928911531,0.454967955,Y,21.49719622,349,NA,NA,NA,33,"Nil
",NA,03:20.3
4473,IGFS2020,64,101010101,97,98,53,1,Groundgear_A,Long,3.10E+02,V,14/11/2020 12:34,30,51.26,-8.677,51.261,-8.725,VIIgMedium,115.8,22.8,3.9,1.806960922,3.352432137,0.388211641,Y,21.49719622,366,NA,NA,NA,35,"Nil
",NA,03:20.3
4474,IGFS2020,FG190,101010101,114,123,54,1,Groundgear_A,Long,31D9,V,16/11/2020 7:21,30,51.373,-10.254,51.352,-10.293,VIIjMedium,118,23.2,4.2,1.931168479,3.582872873,0.422778999,Y,21.92655208,415,NA,NA,NA,25,"Nil
",NA,03:20.3
4475,IGFS2020,FG66,101010101,123,122,55,1,Groundgear_A,Long,31D9,V,16/11/2020 10:18,30,51.046,-10.234,51.014,-10.232,VIIjDeep,117.5,22.7,4,1.920309906,3.562727099,0.418620434,Y,21.82885842,438,NA,NA,NA,28,"Nil
",NA,03:20.3
4476,IGFS2020,FG129,101010101,153,154,56,1,Groundgear_A,Long,31D9,V,16/11/2020 13:19,25,51.125,-10.53,51.151,-10.547,VIIjDeep,121.1,23.2,4,1.685817539,3.127676325,0.378761603,Y,22.53376688,486,NA,NA,NA,33,"Nil
",Hauled after 25 minutes. Hammerlock repairs delayed shooting so we reached the top of IGFS fishing tracks.,03:20.3
4477,IGFS2020,FG203,101010101,165,163,57,1,Groundgear_A,Long,31D9,V,16/11/2020 15:48,30,51.228,-10.74,51.258,-10.723,VIIjDeep,121.1,23.2,4,1.909364242,3.542419743,0.428987031,Y,22.53376688,527,NA,NA,NA,27,"Nil
",NA,03:20.3
4478,IGFS2020,FG126,101010101,315,303,58,1,Groundgear_A,Long,31D8,V,17/11/2020 7:37,30,51.355,-11.467,51.388,-11.463,VIIjSlope,134,24.8,3.8,1.984586514,3.68197869,0.493385144,Y,25.09058636,937,NA,NA,NA,25,"Nil
",NA,03:20.3
4479,IGFS2020,FG3,101010101,180,181,59,1,Groundgear_A,Long,32D8,V,17/11/2020 10:38,30,51.618,-11.122,51.592,-11.094,VIIjDeep,125.6,23.6,3.8,1.877322808,3.48297367,0.437461493,Y,23.42000819,568,NA,NA,NA,30,"Nil
",NA,03:20.3
4480,IGFS2020,FG4,101010101,161,161,60,1,Groundgear_A,Long,31D9,V,17/11/2020 13:09,30,51.475,-10.812,51.448,-10.784,VIIjDeep,124.2,23.4,3.8,1.929173825,3.579172217,0.444533189,Y,23.14366363,513,NA,NA,NA,30,"Nil
",NA,03:20.3
4481,IGFS2020,42,101010101,153,153,61,1,Groundgear_A,Long,32D9,V,17/11/2020 15:41,30,51.635,-10.808,51.663,-10.836,VIIjDeep,121.8,23.3,4,1.97754126,3.668907718,0.44687296,Y,22.67124735,486,NA,NA,NA,26,"Nil
",NA,03:20.3
4482,IGFS2020,FG130,101010101,142,140,62,1,Groundgear_A,Long,30D9,V,18/11/2020 7:30,30,50.724,-10.285,50.748,-10.281,VIIjDeep,121,23,3.9,1.447068954,2.684729043,0.324852214,Y,22.51413801,474,NA,NA,NA,35,"Nil
",NA,03:20.3
4483,IGFS2020,FG57,101010101,120,118,63,1,Groundgear_A,Long,3.00E+01,V,18/11/2020 10:07,30,50.836,-9.83,50.833,-9.777,VIIjDeep,120.9,22.9,3.8,2.020486076,3.748582702,0.453203649,Y,22.49451192,427,NA,NA,NA,30,"Nil
",NA,03:20.3
4484,IGFS2020,VMS2,101010101,115,114,64,1,Groundgear_A,Long,3.00E+01,V,18/11/2020 12:19,30,50.843,-9.413,50.828,-9.368,VIIjMedium,119,22.6,3.8,1.930922957,3.58241736,0.426307666,Y,22.12214112,415,NA,NA,NA,32,"Nil
",NA,03:20.3
4485,IGFS2020,FG11,101010101,113,111,65,1,Groundgear_A,Long,3.00E+02,V,18/11/2020 15:13,30,50.851,-8.896,50.884,-8.889,VIIgMedium,121.5,25.1,3.9,1.996475122,3.704035478,0.450040311,Y,22.61231033,415,NA,NA,NA,35,"Nil
",NA,03:20.3
4486,IGFS2020,CC307,101010101,103,103,66,1,Groundgear_A,Long,3.00E+03,V,19/11/2020 7:21,30,50.646,-7.287,50.649,-7.335,VIIgMedium,120.2,22.9,3.9,1.838700675,3.411318506,0.410040484,Y,22.35720703,378,NA,NA,NA,22,"Nil
",NA,03:20.3
4487,IGFS2020,MB30,101010101,110,105,67,1,Groundgear_A,Long,3.00E+03,V,19/11/2020 9:36,30,50.609,-7.603,50.64,-7.614,VIIgMedium,119.1,22.8,3.9,1.905489711,3.535231374,0.421046057,Y,22.14171491,402,NA,NA,NA,20,"Nil
",NA,03:20.3
4488,IGFS2020,FG133,101010101,115,114,68,1,Groundgear_A,Long,3.00E+02,V,19/11/2020 12:19,30,50.534,-8.028,50.514,-8.074,VIIgMedium,122.1,23.4,4.1,2.128226652,3.948472452,0.482108486,Y,22.73020971,402,NA,NA,NA,13,"Nil
",NA,03:20.3
4489,IGFS2020,FG12,101010101,117,120,69,1,Groundgear_A,Long,3.00E+02,V,19/11/2020 15:44,30,50.564,-8.611,50.594,-8.592,VIIgMedium,117.9,22.9,4,1.939508525,3.598346057,0.424245,Y,21.90700799,415,NA,NA,NA,12,"Nil
",NA,03:20.3
4490,IGFS2020,CC306,101010101,120,121,70,1,Groundgear_A,Long,3.00E+02,V,20/11/2020 7:27,30,50.601,-8.87,50.623,-8.907,VIIgMedium,120,23,3.9,1.931996737,3.58440953,0.430129144,Y,22.31800195,427,NA,NA,NA,23,"Nil
",NA,03:20.3
4491,IGFS2020,FG132,101010101,121,121,71,1,Groundgear_A,Long,3.00E+01,V,20/11/2020 9:31,30,50.521,-9.082,50.519,-9.133,VIIjMedium,120.2,23.4,3.9,1.953190064,3.623729246,0.435572255,Y,22.35720703,427,NA,NA,NA,20,"Nil
",NA,03:20.3
4492,IGFS2020,FG55,101010101,121,124,72,1,Groundgear_A,Long,3.00E+01,V,20/11/2020 12:01,30,50.602,-9.463,50.582,-9.502,VIIjMedium,119.3,24.7,3.9,1.911473908,3.546333782,0.42307762,Y,22.18087067,427,NA,NA,NA,23,"Nil
",NA,03:20.3
4493,IGFS2020,DS2,101010101,138,140,73,1,Groundgear_A,Long,29D9,V,20/11/2020 15:33,30,50.465,-10.016,50.439,-10.04,VIIjDeep,119.5,23,3.9,1.809473386,3.35709348,0.401172671,Y,22.22003734,462,NA,NA,NA,21,"Nil
",NA,03:20.3
4494,IGFS2020,FG195,101010101,135,133,74,1,Groundgear_A,Long,2.90E+01,V,21/11/2020 7:32,30,50.083,-9.933,50.069,-9.976,VIIjDeep,121.1,23.2,4,1.859306115,3.449547523,0.417740205,Y,22.53376688,462,NA,NA,NA,22,"Nil
",NA,03:20.3
4495,IGFS2020,FG212,101010101,151,149,75,1,Groundgear_A,Long,29D9,V,21/11/2020 11:31,20,50.164,-10.59,50.142,-10.6,VIIjDeep,120.8,23.1,4.1,1.374089178,2.549330571,0.307959133,Y,22.47488861,486,NA,NA,NA,20,"Nil
",Hauled after 20 minutes. Large marks on the Trawl Explorer,03:20.3
4496,IGFS2020,CC502,101010101,160,175,76,1,Groundgear_A,Long,29D9,V,21/11/2020 13:46,31,50.065,-10.883,50.086,-10.925,VIIjDeep,124.6,23.6,3.9,2.052112168,3.807258197,0.474384371,Y,23.22256077,513,NA,NA,NA,14,"Nil
",NA,03:20.3
4497,IGFS2020,FG61,101010101,240,240,77,1,Groundgear_A,Long,29D9,V,21/11/2020 16:26,20,50.361,-10.879,50.38,-10.863,VIIjSlope,127.6,23.8,4,1.293885147,2.400529029,0.306307504,Y,23.81579225,732,NA,NA,NA,10,"Nil
","Hauled early, lots of marks on the trawl explorer",03:20.3
4498,IGFS2020,71,101010101,52,60,78,1,Groundgear_A,Short,33D9,V,22/11/2020 7:29,30,52.021,-10.324,52.002,-10.366,VIIjCoast,81.9,21.2,4.2,1.92727682,3.575652728,0.292845958,Y,23.42653089,246,NA,NA,NA,13,"Nil
",NA,03:20.3
4499,IGFS2020,FG68,101010101,118,125,79,1,Groundgear_A,Long,32D9,V,22/11/2020 10:08,30,51.854,-10.766,51.82,-10.763,VIIjMedium,117.5,22.4,3.8,2.042072634,3.788631973,0.445164257,Y,21.82885842,415,NA,NA,NA,15,"Nil
",NA,03:20.3
4500,IGFS2020,FG2,101010101,74,71,80,1,Groundgear_A,Short,32D9,V,22/11/2020 13:12,30,51.68,-10.249,51.691,-10.199,VIIjCoast,90.4,23,4.1,1.977111125,3.668109693,0.331597116,Y,26.02957006,311,NA,NA,NA,10,"Nil
",NA,03:20.3
4501,IGFS2020,CC604,201030101,275,284,81,1,NA,Long,30D8,A,23/11/2020 8:43,26,50.71,-11.021,50.724,-11.051,VIIjSlope,108.6,25.3,4,1.417318823,2.629533995,0.285567392,Y,20.10068281,825,NA,NA,NA,25,"Nil
","Hauled early, wings came all the way in. No damage.",03:20.3
4502,IGFS2020,CC506,201030101,170,169,82,1,NA,Long,30D9,A,23/11/2020 11:01,37,50.905,-10.842,50.872,-10.829,VIIjDeep,100.3,24.4,4.4,2.039238632,3.783374085,0.379472421,Y,18.50606649,510,NA,NA,NA,25,"Nil
",Griffin trawl,03:20.3
4503,IGFS2020,CC505,201030101,168,165,83,1,NA,Long,30D9,A,23/11/2020 13:47,37,50.718,-10.763,50.718,-10.711,VIIjDeep,100.9,23.9,4,1.97940296,3.672361706,0.370541296,Y,18.62082674,510,NA,NA,NA,30,"Nil
",NA,03:20.3
4504,IGFS2020,CC434,201030101,155,151,84,1,NA,Long,30D9,A,23/11/2020 15:35,32,50.717,-10.498,50.716,-10.451,VIIjDeep,99.4,23.6,3.9,1.790137304,3.321219487,0.330129217,Y,18.33407007,468,NA,NA,NA,30,"Nil
","Hauled 5 minutes early, large marks of fish on both Explorer and Scanmar",03:20.3
4505,IGFS2020,70,101010101,96,93,85,1,Groundgear_A,Long,34D9,V,24/11/2020 11:32,30,52.527,-10.334,52.557,-10.311,VIIbMedium,114.6,22.3,4.1,1.986230216,3.68502823,0.422304235,Y,21.26353692,366,NA,NA,NA,17,"Nil
",NA,03:20.3
4506,IGFS2020,48,101010101,118,122,86,1,Groundgear_A,Long,34D9,V,24/11/2020 14:06,30,52.649,-10.7,52.664,-10.746,VIIbMedium,116.9,22.9,4.1,1.903786965,3.532072291,0.412899251,Y,21.71171401,427,NA,NA,NA,24,"Nil
",NA,03:20.3
4507,IGFS2020,50,101010101,129,129,87,1,Groundgear_A,Long,34D8,V,24/11/2020 16:39,30,52.859,-11.043,52.89,-11.058,VIIbDeep,119.8,22.5,3.9,1.937491682,3.594604234,0.430633587,Y,22.27880787,450,NA,NA,NA,20,"Nil
",NA,03:20.3
4508,IGFS2020,PO39,101010101,247,250,88,1,Groundgear_A,Long,34D7,V,25/11/2020 7:38,30,52.695,-12.05,52.724,-12.067,VIIbSlope,132.9,24.2,3.8,1.846388065,3.425580826,0.455259692,Y,24.87055522,745,NA,NA,NA,27,"Nil
",NA,03:20.3
4509,IGFS2020,FG121,101010101,180,181,89,1,Groundgear_A,Long,34D8,V,25/11/2020 10:07,30,52.789,-11.834,52.821,-11.833,VIIbDeep,125.8,23.4,3.9,1.919746409,3.56168165,0.448059552,Y,23.45953298,568,NA,NA,NA,20,"Nil
",NA,03:20.3
4510,IGFS2020,FG120,101010101,135,132,90,1,Groundgear_A,Long,35D8,V,25/11/2020 13:31,40,53.001,-11.237,53.033,-11.232,VIIbDeep,120.4,23.1,4.1,1.927973338,3.576944968,0.430664174,Y,22.39642315,462,NA,NA,NA,22,"Nil
",NA,03:20.3
4511,IGFS2020,51,101010101,129,129,91,1,Groundgear_A,Long,35D9,V,25/11/2020 15:38,30,53.039,-10.923,53.062,-10.885,VIIbMedium,119.2,22.8,4.1,1.946759831,3.611799315,0.430526478,Y,22.16129143,450,NA,NA,NA,20,"Nil
",NA,03:20.3
4512,IGFS2020,FG217,101010101,43,51,92,1,Groundgear_A,Short,3.50E+01,V,26/11/2020 7:46,30,53.195,-9.574,53.192,-9.628,VIIbCoast,84.2,21.9,4.2,1.953654242,3.624590431,0.305190514,Y,24.12557402,230,NA,NA,NA,5,"Nil
",NA,03:20.3
4513,IGFS2020,56A,101010101,102,103,93,1,Groundgear_A,Long,35D9,V,26/11/2020 10:50,30,53.103,-10.196,53.07,-10.187,VIIbMedium,119.9,23.6,4,2.005985577,3.721680105,0.446229445,Y,22.29840354,378,NA,NA,NA,13,"Nil
",NA,03:20.3
4514,IGFS2020,MB15,101010101,99,96,94,1,Groundgear_A,Long,3.40E+01,V,26/11/2020 12:46,30,52.946,-9.975,52.965,-9.931,VIIbMedium,119.4,23.4,4.1,1.959402075,3.635254313,0.434049365,Y,22.20045264,378,NA,NA,NA,10,"Nil
",NA,03:20.3
4515,IGFS2020,66,101010101,54,60,95,1,Groundgear_A,Short,3.40E+01,V,26/11/2020 15:28,25,52.784,-9.618,52.809,-9.606,VIIbCoast,82.3,21.4,4.2,1.561709052,2.897419391,0.238457616,Y,23.54783498,246,NA,NA,NA,8,"Nil
","Hauled 5 minutes early, off the top of the track",03:20.3
4516,IGFS2020,FG75,101010101,115,122,96,1,Groundgear_A,Long,35D9,V,28/11/2020 7:39,30,53.29,-10.232,53.311,-10.275,VIIbMedium,120.6,23.4,3.9,1.993631026,3.69875886,0.446070319,Y,22.43565033,415,0,2.1,1.62,14,"Nil
",NA,03:20.3
4517,IGFS2020,FG78,101010101,130,131,97,1,Groundgear_A,Long,35D9,V,28/11/2020 10:56,30,53.308,-10.92,53.294,-10.965,VIIbDeep,117.3,22.8,4.1,1.822136365,3.380586948,0.396542849,Y,21.78979965,450,NA,NA,NA,12.6,"Nil
",NA,03:20.3
4518,IGFS2020,89,101010101,147,141,98,1,Groundgear_A,Long,35D8,V,28/11/2020 12:49,30,53.221,-11.229,53.203,-11.27,VIIbDeep,118.4,22.8,4,1.829086042,3.393480597,0.401788103,Y,22.0047553,474,NA,NA,NA,13.6,"Nil
",NA,03:20.3
4519,IGFS2020,FG224,101010101,161,165,99,1,Groundgear_A,Long,35D8,V,28/11/2020 16:08,30,53.108,-11.641,53.141,-11.642,VIIbDeep,124.4,23.9,4.1,1.979819442,3.6731344,0.456937919,Y,23.18310638,499,NA,NA,NA,12,"Nil
",NA,03:20.3
4520,IGFS2020,PO113,101010101,382,373,100,1,Groundgear_A,Long,36D8,V,29/11/2020 7:49,30,53.951,-11.966,53.95,-11.908,VIIbSlope,138.6,25.2,3.2,2.053337716,3.80953194,0.528001127,Y,26.01507392,1128,NA,NA,NA,6,"Nil
",NA,03:20.3
4521,IGFS2020,FG76,101010101,222,223,101,1,Groundgear_A,Long,36D8,V,29/11/2020 11:22,20,53.931,-11.195,53.951,-11.181,VIIbSlope,125.3,23.4,3.9,1.298155925,2.408452551,0.301779105,Y,23.36074314,663,NA,NA,NA,8,"Nil
",NA,03:20.3
4522,IGFS2020,FG91,101010101,266,290,102,1,Groundgear_A,Long,37D9,V,29/11/2020 13:40,30,54.2,-10.999,54.232,-10.999,VIIbSlope,135.3,24.4,3.8,1.919858081,3.561888832,0.481923559,Y,25.35113459,789,NA,NA,NA,10,"Nil
",NA,03:20.3
4523,IGFS2020,21,101010101,181,183,103,1,Groundgear_A,Long,37D9,V,29/11/2020 15:58,30,54.15,-10.695,54.182,-10.679,VIIbDeep,127.8,24.4,3.8,2.00076738,3.711998849,0.474393453,Y,23.85543673,554,NA,NA,NA,12,"Nil
",NA,03:20.3
4524,IGFS2020,22,101010101,135,120,104,1,Groundgear_A,Long,37D9,V,30/11/2020 7:51,30,54.288,-10.37,54.301,-10.319,VIIbMedium,116.3,22.9,4.2,1.95241997,3.622300501,0.421273548,Y,21.59466489,427,NA,NA,NA,23,"Nil
",NA,03:20.3
4525,IGFS2020,20,101010101,49,46,105,1,Groundgear_A,Short,3.70E+01,V,30/11/2020 10:54,30,54.347,-9.684,54.341,-9.628,VIIbCoast,83.6,21.8,4.2,1.995719061,3.702632767,0.309540099,Y,23.94285144,233,NA,NA,NA,19,"Nil
",NA,03:20.3
4526,IGFS2020,MB27,101010101,60,60,106,1,Groundgear_A,Short,3.70E+02,V,30/11/2020 14:44,30,54.397,-8.823,54.427,-8.844,VIIbCoast,83.4,21.6,4.4,1.94417495,3.607003618,0.300824102,Y,23.88200147,246,NA,NA,NA,12,"Nil
",NA,03:20.3
4527,IGFS2020,FG193,101020101,103,101,107,1,Groundgear_D,Long,3.80E+01,V,01/12/2020 7:53,30,54.515,-9.971,54.531,-10.021,VIaMedium,106.4,21.6,4.6,1.99166426,3.695109945,0.393159698,Y,19.67648643,378,NA,NA,NA,17,"Nil
",NA,03:20.3
4528,IGFS2020,FG150,101020101,121,123,108,1,Groundgear_D,Long,38D9,V,01/12/2020 9:51,30,54.591,-10.262,54.562,-10.287,VIaMedium,110.1,21.8,4.3,1.945974957,3.610343149,0.397498781,Y,20.3905664,415,NA,NA,NA,17,"Nil
",NA,03:20.3
4529,IGFS2020,FG149,101020101,236,227,109,1,Groundgear_D,Long,38D9,V,01/12/2020 12:21,30,54.592,-10.598,54.621,-10.566,VIaSlope,133.8,25,4.4,2.066339824,3.83365459,0.512942984,Y,25.05055137,964,NA,NA,NA,19,"Nil
",NA,03:20.3
4530,IGFS2020,GD11,101020101,192,212,110,1,Groundgear_D,Long,38D9,I,01/12/2020 14:37,30,54.825,-10.324,54.853,-10.297,VIaDeep,121.7091672,22.8,4.6,1.922720102,3.567198704,0.434160783,N,999,581,NA,NA,NA,21,10000 dogfish so slipped it,NA,03:20.3
4531,IGFS2020,FG151,101020101,223,219,111,1,Groundgear_D,Long,38D9,V,01/12/2020 16:39,20,54.965,-10.169,54.981,-10.151,VIaDeep,120.6,23.4,4.6,1.143544637,2.121604151,0.255865461,Y,22.43565033,718,NA,NA,NA,16,"Nil
",NA,03:20.3
4532,IGFS2020,MB45,101020101,84,79,112,1,Groundgear_D,Long,3.80E+02,V,02/12/2020 8:02,30,54.577,-8.758,54.567,-8.704,VIaCoast,82,21.9,3.9,1.975695174,3.665482698,0.300569581,Y,23.45684645,324,NA,2.41,4.7,23,"Nil
",NA,03:20.3
4533,IGFS2020,14,101020101,42,32,113,1,Groundgear_D,Short,3.80E+02,V,02/12/2020 10:59,31,54.567,-8.395,54.583,-8.347,VIaCoast,77.8,20.8,4.4,1.928956185,3.578768432,0.278428184,Y,22.18942557,220,NA,NA,NA,NA,"Nil
",NA,03:20.3
4534,IGFS2020,MM4,101020101,89,NA,114,1,Groundgear_D,Long,3.80E+01,V,03/12/2020 7:52,30,54.618,-9.01,54.651,-9.016,VIaMedium,101.2,20.9,4.1,1.990974319,3.693829905,0.373815586,Y,18.67823589,324,NA,NA,NA,16,"Nil
",NA,03:20.3
4535,IGFS2020,MM5,101020101,103,100,115,1,Groundgear_D,Long,3.80E+01,V,03/12/2020 11:05,30,54.712,-9.567,54.69,-9.606,VIaMedium,103.7,21.3,4.8,1.891826061,3.509881375,0.363974699,Y,19.15740938,366,NA,NA,NA,8,"Nil
",NA,03:20.3
4536,IGFS2020,FG102,101020101,106,110,116,1,Groundgear_D,Long,3.80E+01,V,03/12/2020 13:51,30,54.946,-9.704,54.975,-9.708,VIaMedium,104.1,22,4.9,1.745558778,3.238513502,0.337129256,Y,19.23420552,378,NA,NA,NA,8,"Nil
",NA,03:20.3
4537,IGFS2020,27,101020101,97,98,117,1,Groundgear_D,Long,3.80E+01,V,03/12/2020 15:52,30,55,-9.42,54.97,-9.4,VIaMedium,106.5,21.2,4.6,1.9278503,3.576716698,0.380920328,Y,19.69574355,349,NA,NA,NA,12,"Nil
",NA,03:20.3
4538,IGFS2020,MM6,101020101,73,69,118,1,Groundgear_D,Short,3.80E+02,V,05/12/2020 13:30,30,54.868,-8.788,54.854,-8.843,VIaCoast,82.2,20.4,4.1,2.080760285,3.860408691,0.317325594,Y,23.51749849,275,NA,NA,NA,25,"Nil
",wind about 30-35 knts.,03:20.3
4539,IGFS2020,mar-04,101020101,89,93,119,1,Groundgear_D,Long,3.90E+01,V,05/12/2020 16:37,20,55.077,-8.994,55.096,-9.005,VIaMedium,103.8,21.8,4.8,1.201301424,2.228759599,0.231345246,Y,19.17660505,336,NA,NA,NA,17,"Nil
",NA,03:20.3
4540,IGFS2020,MB41,101020101,93,97,120,1,Groundgear_D,Long,3.90E+02,V,06/12/2020 7:46,30,55.276,-8.477,55.308,-8.473,VIaMedium,106.2,21.4,4.4,1.925079618,3.571576285,0.379301401,Y,19.63797915,336,NA,NA,NA,4,"Nil
",it was a very bright morning which is why we shot at this time.,03:20.3
4541,IGFS2020,12,101020101,102,102,121,1,Groundgear_D,Long,3.90E+02,V,06/12/2020 9:31,30,55.419,-8.576,55.449,-8.601,VIaMedium,104.1,21.2,4.6,1.992088924,3.695897818,0.384742963,Y,19.23420552,366,NA,NA,NA,4,"Nil
",NA,03:20.3
4542,IGFS2020,MM15,101020101,91,92,122,1,Groundgear_D,Long,3.90E+02,V,06/12/2020 11:29,20,55.478,-8.872,55.46,-8.898,VIaMedium,103,21.2,4.7,1.397240106,2.592282201,0.267005067,Y,19.02310202,336,NA,NA,NA,4,"Nil
",Hauling early as marking some fish,03:20.3
4543,IGFS2020,R210,101020101,126,132,123,1,Groundgear_D,Long,3.90E+01,V,06/12/2020 13:32,30,55.406,-9.25,55.438,-9.253,VIaDeep,110,22.9,4.4,1.922969821,3.567662005,0.392442821,Y,20.37122395,415,NA,NA,NA,4,"Nil
",NA,03:20.3
4544,IGFS2020,FG110,101020101,246,257,124,1,Groundgear_D,Long,3.90E+01,V,06/12/2020 16:28,30,55.503,-9.495,55.486,-9.543,VIaSlope,125.2,23.4,5.2,1.92734791,3.575784619,0.447688234,Y,23.34099401,735,NA,NA,NA,4,"Nil
",NA,03:20.3
4545,IGFS2020,R213,101020101,112,112,125,1,Groundgear_D,Long,4.00E+01,V,07/12/2020 7:54,20,55.58,-9.165,55.602,-9.165,VIaMedium,110.8,21.1,4.6,1.320203018,2.449356249,0.271388672,Y,20.52603168,402,NA,NA,NA,2,"Nil
",NA,03:20.3
4546,IGFS2020,6A,101020101,99,95,126,1,Groundgear_D,Long,4.00E+02,V,07/12/2020 10:26,30,55.671,-8.674,55.663,-8.618,VIaMedium,100.7,20.6,4.4,1.959155222,3.634796329,0.36602399,Y,18.58256474,349,NA,NA,NA,4,"Nil
",NA,03:20.3
4547,IGFS2020,MMMA3,101020101,135,150,127,1,Groundgear_D,Long,4.00E+02,V,07/12/2020 12:37,30,55.818,-8.372,55.825,-8.312,VIaDeep,107.2,21.6,4.44,2.070142545,3.84070973,0.411724083,Y,19.83060838,438,NA,NA,NA,8,"Nil
",NA,03:20.3
4548,IGFS2020,FG95,101020101,150,150,128,1,Groundgear_D,Long,4.00E+03,V,07/12/2020 14:50,30,55.867,-7.964,55.864,-7.909,VIaDeep,108.4,21.7,4.6,1.864763451,3.459672452,0.375028494,Y,20.06207237,499,NA,NA,NA,14,"Nil
",NA,03:20.3
4549,IGFS2020,GD6,101020101,115,119,129,1,Groundgear_D,Long,4.00E+03,V,07/12/2020 16:29,20,55.785,-7.82,55.793,-7.784,VIaMedium,106.4,21.4,4.4,1.308510826,2.427663871,0.258303436,Y,19.67648643,402,NA,NA,NA,12,"Nil
",NA,03:20.3
4550,IGFS2020,FG118,101020101,130,128,130,1,Groundgear_D,Long,4.10E+02,V,08/12/2020 8:05,30,56.142,-8.823,56.154,-8.782,VIaDeep,112.3,22.4,4.6,1.550895572,2.877357277,0.323127222,Y,20.81671998,450,NA,NA,NA,40,"Nil
",NA,03:20.3
4551,IGFS2020,FG119,101020101,141,144,131,1,Groundgear_D,Long,4.10E+02,V,08/12/2020 10:56,30,56.033,-8.42,56.033,-8.389,VIaDeep,114.3,22.4,4.3,1.041632313,1.932527483,0.220887891,Y,21.20518016,474,NA,NA,NA,39,"Nil
",NA,03:20.3
4552,IGFS2020,MB24,101020101,153,150,132,1,Groundgear_D,Long,4.10E+02,V,08/12/2020 13:28,30,56.029,-8.067,56.042,-8.016,VIaDeep,114.2,22.3,4.4,1.882791335,3.493119359,0.398914231,Y,21.18573303,485,NA,NA,NA,34,"Nil
",NA,03:20.3
4553,IGFS2020,28A,101020101,149,141,133,1,Groundgear_D,Long,4.00E+03,V,08/12/2020 16:05,30,55.959,-7.653,55.926,-7.652,VIaDeep,110.6,22,4.4,1.980704923,3.674777222,0.406430361,Y,20.48731511,485,NA,NA,NA,33,"Nil
",NA,03:20.3
4554,IGFS2020,SC573,101020101,56,58,134,1,Groundgear_D,Short,4.00E+04,V,09/12/2020 8:04,30,55.931,-6.67,55.9,-6.679,VIaCoast,78.2,20.9,4.4,1.884950866,3.49712591,0.273475246,Y,22.30962947,246,NA,NA,NA,8,"Nil
",NA,03:20.3
4555,IGFS2020,31A,101020101,53,57,135,1,Groundgear_D,Short,4.00E+03,V,09/12/2020 10:13,30,55.867,-7.064,55.838,-7.085,VIaCoast,78.2,20.9,4.8,1.879187585,3.486433368,0.272639089,Y,22.30962947,259,NA,NA,NA,24,"Nil
",NA,03:20.3
4556,IGFS2020,MM10,101020101,60,61,136,1,Groundgear_D,Short,4.00E+03,V,09/12/2020 12:04,26,55.73,-7.26,55.726,-7.31,VIaCoast,78.9,20.8,4.6,1.710205455,3.172922923,0.250343619,Y,22.520236,259,NA,NA,NA,26,"no damage but hauled early as buoy (one end of string, no gear) caught in door.",NA,03:20.3
4557,IGFS2020,FG100,101020101,58,57,137,1,Groundgear_D,Short,4.00E+03,V,09/12/2020 14:33,18,55.502,-7.363,55.502,-7.396,VIaCoast,80.6,20.08,4.6,1.124008227,2.085358492,0.168079894,Y,23.033056,259,NA,NA,NA,23,"hauled early as pots spotted ahead of vessel
",NA,03:20.3
4558,IGFS2020,FG45,101020101,173,172,138,1,Groundgear_D,Long,3.90E+04,V,10/12/2020 8:09,30,55.339,-6.325,55.371,-6.308,VIaMedium,114.2,21.9,4.3,2.006247581,3.722166198,0.42507138,Y,21.18573303,527,NA,NA,NA,18,"Nil
",NA,03:20.3
4559,IGFS2021,FG149,101020101,236,237,1,1,Groundgear_D,Long,38D9,V,30/10/2021 11:39,31,54.583,-10.607,54.611,-10.576,VIaSlope,123.3,24.1,3.6,1.997166151,3.705317535,0.456865652,Y,22.96631439,718,NA,5.55,10.34,13.6,"Nil
",NA,03:20.3
4560,IGFS2021,GD11,101020101,203,218,2,1,Groundgear_D,Long,38D9,V,30/10/2021 14:16,21,54.84,-10.309,54.859,-10.291,VIaSlope,119.1,23.5,4.1,1.299250196,2.410482739,0.287088494,Y,22.14171491,622,NA,6.31,12.08,11.7,"Nil
","Hauled at 20min, marking a good bit on the bottom, WHB again",03:20.3
4561,IGFS2021,FG108,101020101,240,240,3,1,Groundgear_D,Long,39D9,V,31/10/2021 7:36,31,55.076,-10.074,55.104,-10.047,VIaDeep,123.6,24,4,1.919961878,3.562081407,0.440273262,Y,23.02540486,718,NA,8.16,7.42,27.2,"Nil
",NA,03:20.3
4562,IGFS2021,GD8,101020101,124,118,4,1,Groundgear_D,Long,3.90E+01,V,31/10/2021 10:14,32,55.217,-9.616,55.241,-9.57,VIaMedium,114.4,22.6,3.9,2.136089526,3.963060345,0.453374103,Y,21.22462985,415,NA,9.12,6.12,11.6,"Nil
","



",03:20.3
4563,IGFS2021,R210,101020101,139,140,5,1,Groundgear_D,Long,3.90E+01,V,31/10/2021 12:36,31,55.41,-9.251,55.444,-9.253,VIaMedium,113.9,22.6,3.9,2.041400054,3.787384146,0.431383054,Y,21.12740699,427,NA,7.01,6.83,3,"Nil
",NA,03:20.3
4564,IGFS2021,5,101020101,122,131,6,1,Groundgear_D,Long,4.00E+01,V,31/10/2021 15:20,21,55.718,-9.14,55.73,-9.107,VIaMedium,110.8,22.2,NA,1.329579669,2.466752633,0.273316192,Y,20.52603168,402,NA,10.06,9.23,31,"Nil - TEY not working....
",Alot of marks so hauled early at 20min. Processed 5 tons of about 7.5ton catch as EFDAQ crashing also.,03:20.3
4565,IGFS2021,FG106,101020101,351,371,7,1,Groundgear_D,Long,4.10E+01,V,01/11/2021 7:43,15,56.479,-9.069,56.463,-9.071,VIaSlope,126.8,23.8,3.8,0.962581134,1.785864813,0.226447658,Y,23.65733505,1050,NA,14.79,11.99,21.4,"Nil - TEY not working
",Alot of marks again. Also ground slopes away so increased wire from 1000m -> 1050m. ,03:20.3
4566,IGFS2021,94,101020101,184,180,8,1,Groundgear_D,Long,4.10E+01,V,01/11/2021 9:57,21,56.225,-9.102,56.203,-9.097,VIaDeep,115,23.2,NA,1.33088428,2.469173062,0.283954902,Y,21.34138194,540,NA,12.43,13.02,9,"Nil - no headline sensor
",NA,03:20.3
4567,IGFS2021,FG118,101020101,134,132,9,1,Groundgear_D,Long,4.10E+02,V,01/11/2021 11:45,33,56.143,-8.815,56.157,-8.759,VIaDeep,114.5,22.8,3.9,2.05552476,3.813589536,0.436656002,Y,21.2440821,438,NA,10.89,11.56,19.4,"Nil
",NA,03:20.3
4568,IGFS2021,FG119,101020101,147,153,10,1,Groundgear_D,Long,4.10E+02,V,01/11/2021 14:09,32,56.023,-8.409,55.993,-8.381,VIaDeep,114,23.1,4,2.031684816,3.769359584,0.429706993,Y,21.14684645,474,NA,11.65,11.6,17.5,"Nil
",NA,03:20.3
4569,IGFS2021,GD19,101020101,157,150,11,1,Groundgear_D,Long,4.10E+02,V,01/11/2021 16:54,16,56.199,-8.293,56.198,-8.264,VIaDeep,111.4,22,4,0.972111144,1.803545721,0.200914993,Y,20.64224027,485,NA,8.4,12.03,11,"Nil
",NA,03:20.3
4570,IGFS2021,GD16,101020101,166,166,12,1,Groundgear_D,Long,4.10E+02,V,02/11/2021 7:35,31,56.364,-8.339,56.384,-8.293,VIaDeep,119.1,23.5,3.9,1.946231381,3.61081889,0.43004853,Y,22.14171491,513,NA,9.7,14.45,21.3,"Nil
",NA,03:20.3
4571,IGFS2021,FG94,101020101,169,171,13,1,Groundgear_D,Long,4.10E+03,V,02/11/2021 10:10,15,56.382,-7.811,56.393,-7.791,VIaDeep,119.1,23.4,3.7,0.937657691,1.739624658,0.207189297,Y,22.14171491,540,NA,12.68,6.98,17.5,"Nil
","Very heavy red marks on TEY, hauled at 15min.",03:20.3
4572,IGFS2021,MB2,101020101,109,90,14,1,Groundgear_D,Long,4.10E+03,V,02/11/2021 12:12,31,56.206,-7.762,56.184,-7.803,VIaMedium,108.9,22.2,4,1.904022054,3.532508448,0.38469017,Y,20.15861634,402,NA,8.44,13.39,17.5,"Nil
",NA,03:20.3
4573,IGFS2021,FG93,101020101,155,161,15,1,Groundgear_D,Long,4.10E+03,V,02/11/2021 14:17,31,56.056,-7.654,56.036,-7.702,VIaMedium,118.2,23.1,NA,2.010023446,3.729171513,0.440788073,Y,21.96564831,486,NA,9.96,13.88,15.5,"Nil
",NA,03:20.3
4574,IGFS2021,FG96,101020101,172,176,16,1,Groundgear_D,Long,4.00E+03,V,02/11/2021 16:29,21,55.915,-7.936,55.923,-7.974,VIaDeep,118.4,23.2,4,1.367637615,2.537361067,0.30042355,Y,22.0047553,527,NA,12.07,8.77,19.4,"Nil
",NA,03:20.3
4575,IGFS2021,FG142,101020101,88,95,17,1,Groundgear_D,Short,4.10E+03,V,03/11/2021 8:13,31,56.235,-7.144,56.246,-7.201,VIaCoast,83.9,22.2,NA,2.016121395,3.740484962,0.313826688,Y,24.03418025,316,NA,9.93,5.2,21.4,"Nil - no Trawl Explorer, bunjees and a couple of messhes broke.
","Headline was foul on first shot so had to shoot again.
",03:20.3
4576,IGFS2021,SC583,101020101,76,79.5,18,1,Groundgear_D,Short,4.10E+04,I,03/11/2021 10:59,30,56.373,-6.793,56.402,-6.767,VIaCoast,80.5,21.6,4.1,1.943859161,3.606417739,0.290316628,Y,23.00283652,298,NA,3.04,5.35,27.2,Belly torn due to 3-4 mammals in net.,NA,03:20.3
4577,IGFS2021,FG117,101020101,66,72,19,1,Groundgear_D,Short,4.10E+04,V,03/11/2021 14:25,30,56.228,-6.727,56.203,-6.77,VIaCoast,80.8,21.4,4,2.078233382,3.855720561,0.311542221,Y,23.09351533,273,NA,6.13,7.76,17.5,"Nil
",NA,03:20.3
4578,IGFS2021,FG116,101020101,84,90.6,20,1,Groundgear_D,Short,4.10E+04,V,03/11/2021 16:34,21,56.052,-6.978,56.052,-7.019,VIaCoast,84.1,22.1,4,1.376965942,2.554667797,0.214847562,Y,24.09510219,311,NA,12.59,7.79,15.5,"Nil
","Static gear spotted off port side at c.17min so hauled at 19min
",03:20.3
4579,IGFS2021,MMMA3,101020101,148,136,21,1,Groundgear_D,Long,4.00E+02,V,04/11/2021 7:18,31,55.825,-8.317,55.817,-8.375,VIaDeep,112.2,22.2,4,2.017483588,3.743012223,0.419965971,Y,20.7973234,489,NA,7.23,14.29,9.7,"Nil
","Bump at the start, TEY a bit unstable and high, but other sensors ok. TEY bunjee had broken along with couple of meshes.",03:20.3
4580,IGFS2021,6A,101020101,94,93.5,22,1,Groundgear_D,Long,4.00E+02,V,04/11/2021 9:53,18,55.671,-8.674,55.667,-8.642,VIaMedium,106.9,21.5,4.1,1.111557595,2.062258989,0.220455486,Y,19.77279519,349,NA,7.92,13.57,19.4,"Nil
",NA,03:20.3
4581,IGFS2021,GD2,101020101,84,85,23,1,Groundgear_D,Long,4.00E+02,V,04/11/2021 11:55,27,55.57,-8.338,55.584,-8.294,VIaMedium,105.9,23.1,4,1.715609183,3.182948391,0.337074235,Y,19.58023553,324,NA,8.52,12.5,17.5,"Nil
",NA,03:20.3
4582,IGFS2021,MB26,101020101,79.6,78,24,1,Groundgear_D,Short,4.00E+03,V,04/11/2021 13:50,15,55.576,-7.998,55.578,-7.971,VIaMedium,83.4,22.5,4.1,0.925707555,1.717453721,0.14323564,Y,15.30302952,311,NA,5.72,11.79,15.5,"No damage done. Very hard, very catchy ground, better to avoid!",Error made left short bridles on when we had to move tows due to static gear on original tow.,03:20.3
4583,IGFS2021,10,101020101,29.2,48.2,25,1,Groundgear_D,Short,3.90E+03,V,04/11/2021 16:55,36,55.208,-7.911,55.24,-7.95,VIaCoast,69.6,19.3,4.6,2.340207789,4.341758422,0.302186386,Y,19.74679546,165,NA,7.64,3.59,13.6,"Nil
",NA,03:20.3
4584,IGFS2021,MB7,101020101,68,68.9,26,1,Groundgear_D,Short,4.00E+03,V,05/11/2021 7:13,27,55.507,-7.77,55.534,-7.748,VIaCoast,81.3,20.5,4.2,1.784973045,3.311638302,0.269236194,Y,23.24478293,273,NA,7.25,3.91,17.5,"Nil
",NA,03:20.3
4585,IGFS2021,FG114,101020101,65,65.5,27,1,Groundgear_D,Short,4.00E+03,V,05/11/2021 8:57,20,55.65,-7.582,55.651,-7.545,VIaCoast,81.9,21,4.2,1.256938056,2.331981551,0.190989289,Y,23.42653089,273,NA,4.82,5.94,17.5,"Nil
",NA,03:20.3
4586,IGFS2021,32,101020101,60,58.1,28,1,Groundgear_D,Short,4.00E+03,V,05/11/2021 10:48,28,55.631,-7.33,55.604,-7.314,VIaCoast,81.1,21.8,NA,1.708943893,3.170582362,0.25713423,Y,23.18425537,259,NA,4.91,3.63,13.6,"Headline readings disappeared, but returned on next tow for some reason. Graph axis looked strange so possibly somebody  having a play.",Trawl Explorer readings disappeared for some reason. Came back on next tow.,03:20.3
4587,IGFS2021,31A,101020101,51.2,55.4,29,1,Groundgear_D,Short,4.00E+03,V,05/11/2021 13:19,31,55.844,-7.078,55.876,-7.058,VIaCoast,76.9,21.4,4.5,2.035562786,3.776554333,0.290417028,Y,21.91934133,240,NA,4.29,5.08,19.4,"Nil
",NA,03:20.3
4588,IGFS2021,MM11,101020101,122.6,115.7,30,1,Groundgear_D,Long,4.00E+03,V,05/11/2021 16:30,31,55.829,-7.626,55.802,-7.658,VIaMedium,107.9,21.9,4.1,1.947960189,3.614026325,0.38995344,Y,19.96558778,427,NA,6.08,7.96,15.5,"Nil
",NA,03:20.3
4589,IGFS2021,mar-05,101020101,113.5,128.8,31,1,Groundgear_D,Short,4.00E+04,V,06/11/2021 7:19,32,55.589,-6.682,55.573,-6.724,VIaCoast,87.9,22.8,4.2,1.720517596,3.19205491,0.280581627,Y,25.25825389,390,NA,12.37,5.65,29.1,"Nil
",NA,03:20.3
4590,IGFS2021,MB46,101020101,51,47.4,32,1,Groundgear_D,Short,3.90E+03,I,06/11/2021 10:00,30,55.457,-7.04,55.457,-6.993,VIaCoast,77.1,20.6,4,1.602685294,2.973442103,0.229252386,Y,21.97931555,233,NA,11.66,5.17,NA,"Badly damaged - burst headline, torn right back through wing. Strong tides didn't help.",NA,03:20.3
4591,IGFS2021,FG115,101020101,18.5,19.5,33,1,Groundgear_D,Short,3.90E+03,V,07/11/2021 8:45,20,55.223,-7.586,55.246,-7.583,VIaCoast,63.4,17.9,5.5,1.383960058,2.567643892,0.162788623,Y,17.92471037,150,NA,16.31,7.15,23.3,"Nil
","Hauled early, alot of marks and Eugene had txt to say alot of herring in the bay. Small haul in the end, mostly mackerel and some small herring.",03:20.3
4592,IGFS2021,MB106,101020101,99.4,101.4,34,1,Groundgear_D,Long,3.90E+02,V,08/11/2021 7:29,30,55.273,-8.705,55.272,-8.763,VIaMedium,102,20.7,4.5,1.987908986,3.688142832,0.376190569,Y,18.83142227,366,NA,5.47,5.07,27.2,"Nil
",NA,03:20.3
4593,IGFS2021,mar-04,101020101,95,87.9,35,1,Groundgear_D,Short,3.90E+01,V,08/11/2021 10:01,31,55.119,-9.014,55.086,-9.003,VIaCoast,83,21.2,4.25,2.01598663,3.740234935,0.3104395,Y,23.76038723,350,NA,6.7,8.44,23.3,"Nil
",NA,03:20.3
4594,IGFS2021,27,101020101,93.7,93.2,36,1,Groundgear_D,Long,3.80E+01,V,08/11/2021 13:13,32,55.002,-9.422,54.973,-9.4,VIaCoast,106.2,21.4,4.25,1.898454318,3.522178698,0.374055378,Y,31.03315367,350,NA,9.94,9.04,27.2,"Nil
",NA,03:20.3
4595,IGFS2021,26,101020101,100,101,37,1,Groundgear_D,Long,3.80E+01,V,08/11/2021 16:03,20,54.804,-9.603,54.788,-9.619,VIaMedium,100.3,20.5,4.5,1.108744172,2.057039279,0.20632104,Y,18.50606649,366,NA,13.1,7.9,25.2,"Nil
","Hauled early, alot of marks and weather building.
",03:20.3
4596,IGFS2021,SC552,101020101,99.5,100.1,38,1,Groundgear_D,Long,3.80E+01,V,09/11/2021 7:43,32,54.549,-9.586,54.569,-9.541,VIaMedium,102,20.8,4.5,1.97539863,3.664932524,0.373823117,Y,18.83142227,366,NA,7.31,14.45,21.4,"Nil
",NA,03:20.3
4597,IGFS2021,MM4,101020101,89.6,83.5,39,1,Groundgear_D,Long,3.80E+01,V,09/11/2021 10:37,31,54.652,-9.016,54.62,-9.01,VIaMedium,99.1,20.4,4.5,1.931315437,3.583145524,0.355089721,Y,18.27677602,336,NA,5.01,18.93,15.5,"Nil
",NA,03:20.3
4598,IGFS2021,MB45,101020101,80.5,76.3,40,1,Groundgear_D,Short,3.80E+02,V,09/11/2021 12:24,33,54.578,-8.763,54.568,-8.707,VIaCoast,81.1,21.2,4.5,2.042184694,3.788839878,0.307274914,Y,23.18425537,315,NA,8.6,7.47,15.5,"Nil
",NA,03:20.3
4599,IGFS2021,15,101020101,63,57.2,41,1,Groundgear_D,Short,3.80E+02,V,09/11/2021 13:53,31,54.518,-8.598,54.518,-8.541,VIaCoast,77.8,20.6,4.25,1.989589915,3.691261438,0.28718014,Y,22.18942557,273,NA,12.15,13.56,17.5,"Nil
",NA,03:20.3
4600,IGFS2021,14,101020101,41.2,32.6,42,1,Groundgear_D,Short,3.80E+02,V,09/11/2021 15:22,31,54.567,-8.398,54.583,-8.35,VIaCoast,77.8,20.8,4.5,1.928956185,3.578768432,0.278428184,Y,22.18942557,220,NA,1.64,1.59,15.5,"Nil
",NA,03:20.3
4601,IGFS2021,MM1,101010101,44.4,51.2,43,1,Groundgear_A,Short,3.70E+01,I,10/11/2021 7:22,31,54.322,-9.268,54.33,-9.322,VIIbCoast,79.1,21,NA,1.953584503,3.624461044,0.286694869,Y,22.58046815,220,NA,9.38,10.88,9.7,"Tore the belly sheet out between the tearing strips, 2hr repair. TExp needs chrging, no headline. history plot, but image seemed ok.",NA,03:20.3
4602,IGFS2021,25,101010101,54.3,58.5,44,1,Groundgear_A,Short,3.70E+01,V,10/11/2021 11:11,21,54.306,-9.919,54.328,-9.922,VIIbCoast,80.8,21.2,4.5,1.324112614,2.456609673,0.198494062,Y,23.09351533,233,NA,8.12,9.08,11.6,"Nil
",NA,03:20.3
4603,IGFS2021,23,101010101,114.4,115.1,45,1,Groundgear_A,Long,37D9,V,10/11/2021 13:09,29,54.432,-10.163,54.459,-10.186,VIIaMedium,113.2,22.1,4.1,1.808593923,3.355461823,0.379838278,Y,20.99140193,392,NA,11.6,8.75,21.4,"Nil - Testing other TEY, but not working.
",Hauled at 27min due to bump at end of tow showed also as bump in headline. All other sensors didn't move.,03:20.3
4604,IGFS2021,BH2,101010101,30,34,46,1,Groundgear_A,Short,3.50E+01,V,12/11/2021 13:28,30,53.19,-9.251,53.173,-9.3,VIIbCoast,73.4,19.8,4.3,2.039029036,3.782985225,0.277671116,Y,20.8737943,179,NA,2.7,5.3,12,"Nil
",NA,03:20.3
4605,IGFS2021,FG127,101010101,48,48,47,1,Groundgear_A,Short,3.50E+01,V,12/11/2021 15:33,30,53.195,-9.564,53.193,-9.617,VIIbCoast,82.4,21.9,4.2,1.913066769,3.549288997,0.292461413,Y,23.57817848,220,NA,6.1,1.67,12,"Nil
",NA,03:20.3
4606,IGFS2021,FG83,101010101,39,49,48,1,Groundgear_A,Short,3.60E+01,V,13/11/2021 7:27,30,53.843,-9.989,53.839,-10.044,VIIbCoast,80.9,21.1,4.3,1.966093475,3.647668785,0.295096405,Y,23.12375519,233,NA,5.5,4,6,"Nil
",NA,03:20.3
4607,IGFS2021,FG80,101010101,87,97,49,1,Groundgear_A,Long,36D9,V,13/11/2021 9:46,30,53.715,-10.343,53.693,-10.383,VIIbMedium,109.2,22.1,4,1.941421964,3.601896037,0.393327047,Y,20.21657138,324,NA,3.8,7.7,9,"Nil
",NA,03:20.3
4608,IGFS2021,FG82,101010101,126,143,50,1,Groundgear_A,Long,36D9,V,13/11/2021 12:00,30,53.882,-10.562,53.907,-10.598,VIIbDeep,109.2,22.1,4.1,1.968934147,3.652939049,0.398900944,Y,20.21657138,427,NA,4.88,7.4,10,"Nil
",NA,03:20.3
4609,IGFS2021,21,101010101,180,179,51,1,Groundgear_A,Long,37D9,V,13/11/2021 14:17,20,54.138,-10.702,54.16,-10.688,VIIbDeep,128.2,23.2,4.2,1.40897746,2.614058367,0.335122283,Y,23.93476213,540,NA,1.69,4.7,9,"Nil
",NA,03:20.3
4610,IGFS2021,22,101010101,130,120,52,1,Groundgear_A,Long,37D9,V,13/11/2021 16:11,30,54.286,-10.373,54.301,-10.322,VIIbMedium,114.9,22,4.1,2.003415625,3.716912107,0.427073201,Y,21.32191681,438,NA,1.84,6.1,8,"Nil
",NA,03:20.3
4611,IGFS2021,FG152,101010101,343,329,53,1,Groundgear_A,Long,37D8,V,14/11/2021 7:34,30,54.29,-11.175,54.261,-11.199,VIIbSlope,135.6,24.7,3.8,1.933214278,3.58666842,0.486352238,Y,25.41134067,991,NA,6.53,13.6,8,"Nil
",NA,03:20.3
4612,IGFS2021,GD13,101010101,246,248,54,1,Groundgear_A,Long,37D8,V,14/11/2021 9:52,30,54.069,-11.172,54.042,-11.206,VIIbSlope,135.1,24.5,3.8,2.015989416,3.740240103,0.505306438,Y,25.31101386,745,NA,5.4,3.2,9,"Nil
",NA,03:20.3
4613,IGFS2021,JOR1,101010101,189,183,55,1,Groundgear_A,Long,36D8,V,14/11/2021 12:09,30,53.853,-11.074,53.82,-11.083,VIIbDeep,122.7,23.2,3.8,2.005320195,3.720445631,0.456498679,Y,22.84821081,568,NA,6.6,13.4,3,"Nil
",NA,03:20.3
4614,IGFS2021,PO9,101010101,260,262,56,1,Groundgear_A,Long,36D8,V,14/11/2021 14:33,30,53.826,-11.427,53.8,-11.462,VIIbSlope,131.9,24.3,3.8,1.994248688,3.699904802,0.488017443,Y,24.67086635,773,NA,5.3,6,3,"Nil
",NA,03:20.3
4615,IGFS2021,FG99,101010101,294,314,57,1,Groundgear_A,Long,36D8,V,14/11/2021 16:45,20,53.955,-11.502,53.954,-11.538,VIIbSlope,134.3,24.8,3.8,1.275231429,2.365921019,0.317743193,Y,25.15066341,882,NA,10.9,4.7,5,"Nil
",NA,03:20.3
4616,IGFS2021,FG225,101010101,186,188,58,1,Groundgear_A,Long,36D8,V,15/11/2021 7:30,30,53.667,-11.229,53.641,-11.264,VIIbDeep,120.6,22.8,3.9,1.997146865,3.705281754,0.44685698,Y,22.43565033,554,NA,6.3,5.3,6,"Nil
",NA,03:20.3
4617,IGFS2021,PO24,101010101,217,218,59,1,Groundgear_A,Long,36D8,V,15/11/2021 9:45,20,53.575,-11.552,53.561,-11.581,VIIbSlope,128,24,3.6,1.333343725,2.473736038,0.316638213,Y,23.89509335,650,NA,5.7,8.69,5,"Nil
",NA,03:20.3
4618,IGFS2021,FG103,101010101,212,201,60,1,Groundgear_A,Long,35D8,V,15/11/2021 11:18,30,53.439,-11.648,53.413,-11.68,VIIbDeep,125.2,23.6,3.8,1.93576318,3.591397366,0.44964295,Y,23.34099401,622,NA,4.01,3.6,7,"Nil
",NA,03:20.3
4619,IGFS2021,FG174,101010101,231,230,61,1,Groundgear_A,Long,35D8,V,15/11/2021 13:15,30,53.381,-11.857,53.352,-11.883,VIIbSlope,128.7,23.9,3.7,1.973966664,3.662275815,0.471334897,Y,24.0339875,691,NA,4.75,8.5,8,"Nil
",NA,03:20.3
4620,IGFS2021,PO161,101010101,316,316,62,1,Groundgear_A,Long,35D7,V,15/11/2021 15:56,30,53.487,-12.11,53.518,-12.091,VIIbSlope,136,25,3.6,1.979909038,3.673300627,0.499568885,Y,25.49166224,937,NA,3.57,4.1,10,"Nil
",NA,03:20.3
4621,IGFS2021,MB13,101010101,138,182,63,1,Groundgear_A,Long,35D9,V,16/11/2021 7:30,30,53.304,-10.959,53.274,-10.977,VIIbDeep,118.2,22.7,4,1.912362892,3.547983102,0.419371603,Y,21.96564831,450,NA,5.86,14.7,13,"Nil
",NA,03:20.3
4622,IGFS2021,52,101010101,126,121,64,1,Groundgear_A,Long,35D9,V,16/11/2021 9:50,30,53.152,-10.737,53.176,-10.697,VIIbMedium,116.8,22.4,3.9,2.037618616,3.780368491,0.44154704,Y,21.69219922,427,NA,2.87,10.8,13,"Nil
",NA,03:20.3
4623,IGFS2021,FG75,101010101,123,119,65,1,Groundgear_A,Long,35D9,V,16/11/2021 12:22,30,53.311,-10.273,53.289,-10.231,VIIbMedium,121.3,23.2,3.9,2.004889836,3.71964719,0.451193204,Y,22.57303301,415,NA,6.2,11.3,11,"Nil
",NA,03:20.3
4624,IGFS2021,56A,101010101,107,110,66,1,Groundgear_A,Long,35D9,V,16/11/2021 14:35,30,53.114,-10.199,53.083,-10.19,VIIbMedium,115.4,22.5,4.1,1.887690748,3.502209181,0.404154939,Y,21.4192683,378,NA,4.7,5,10,"Nil
",NA,03:20.3
4625,IGFS2021,MB15,101010101,104,100,67,1,Groundgear_A,Long,3.40E+01,V,16/11/2021 16:48,30,52.944,-9.978,52.962,-9.935,VIIbMedium,116.2,22.6,4,1.89532345,3.516370037,0.408602198,Y,21.57516591,378,NA,4.2,9.7,9,"Nil
",NA,03:20.3
4626,IGFS2021,68,101010101,20,24,68,1,Groundgear_A,Short,3.40E+01,V,17/11/2021 7:26,30,52.552,-9.765,52.543,-9.816,VIIbCoast,74.3,20.3,3.8,1.941331285,3.601727802,0.267608376,Y,21.14193916,165,NA,2.51,1.37,9,"Nil
",one Pot came up with net and old buoy with rope covered in seaweed.,03:20.3
4627,IGFS2021,MB17,101010101,87,89,69,1,Groundgear_A,Long,34D9,V,17/11/2021 9:36,30,52.586,-10.063,52.578,-10.113,VIIbMedium,108.2,21.4,4.2,1.888740821,3.504157367,0.379149827,Y,20.02347144,324,NA,4.4,3.2,8,"Nil
",NA,03:20.3
4628,IGFS2021,70,101010101,99,102,70,1,Groundgear_A,Long,34D9,V,17/11/2021 11:29,30,52.553,-10.314,52.524,-10.338,VIIbMedium,110.8,21.8,4.1,1.948289593,3.614637464,0.400501831,Y,20.52603168,349,NA,3.1,3.6,7,"Nil
",NA,03:20.3
4629,IGFS2021,FG122,101010101,117,117,71,1,Groundgear_A,Long,34D9,V,17/11/2021 13:55,30,52.68,-10.529,52.679,-10.583,VIIbMedium,114.6,22.1,4,1.969449044,3.65389433,0.41873629,Y,21.26353692,402,NA,4.4,9.6,9,"Nil
",NA,03:20.3
4630,IGFS2021,MB14,101010101,131,127,72,1,Groundgear_A,Long,34D9,V,17/11/2021 16:26,30,52.773,-10.877,52.75,-10.912,VIIbDeep,115.8,22.3,3.9,1.877503395,3.483308711,0.403367149,Y,21.49719622,438,NA,5.6,1.6,11,"Nil
",NA,03:20.3
4631,IGFS2021,FG224,101010101,159,163,73,1,Groundgear_A,Long,35D8,V,18/11/2021 7:32,30,53.115,-11.639,53.148,-11.641,VIIbDeep,121.8,22.9,3.5,1.980807537,3.674967602,0.447611054,Y,22.67124735,486,NA,3.5,3,10,"Nil
",NA,03:20.3
4632,IGFS2021,89,101010101,144,145,74,1,Groundgear_A,Long,35D8,V,18/11/2021 9:41,30,53.19,-11.293,53.21,-11.248,VIIbDeep,118.8,22.6,3.9,2.016567145,3.741311958,0.444467861,Y,22.08300167,474,NA,2.46,3.2,9,"Nil
",NA,03:20.3
4633,IGFS2021,MB12,101010101,132,131,75,1,Groundgear_A,Long,35D9,V,18/11/2021 11:46,30,53.089,-10.979,53.074,-10.929,VIIbDeep,117.8,22.6,3.5,2.017669015,3.743356243,0.440967365,Y,21.88746659,450,NA,4.6,6.33,10,"Nil
",NA,03:20.3
4634,IGFS2021,FG120,101010101,137,138,76,1,Groundgear_A,Long,35D8,V,18/11/2021 14:19,30,53.04,-11.22,53.007,-11.235,VIIbDeep,118.8,22.8,3.9,2.052453654,3.807891751,0.45237754,Y,22.08300167,450,NA,2.93,10.9,10,"Nil
",NA,03:20.3
4635,IGFS2021,90,101010101,140,NA,77,1,Groundgear_A,Long,34D8,I,18/11/2021 16:49,15,52.789,-11.451,52.775,-11.466,VIIbDeep,111.9,24.2,4,1.001380604,1.857848987,0.207893302,Y,20.73914861,474,NA,2.5,10.3,NA,"headline on port side broken, belly sheet is pulled back but no missing twine
",Stick to clutch of lines for this tow. shot early on line and it lead to damage.,03:20.3
4636,IGFS2021,FG146,101010101,278,282,78,1,Groundgear_A,Long,35D7,V,19/11/2021 7:38,30,53.255,-12.122,53.231,-12.16,VIIbSlope,133.4,25.5,3.8,1.985527979,3.683725379,0.491408966,Y,24.97052058,800,NA,3.91,2.8,7,"Nil
",NA,03:20.3
4637,IGFS2021,PO34,101010101,237,237,79,1,Groundgear_A,Long,34D7,V,19/11/2021 10:11,30,52.983,-12.081,52.951,-12.079,VIIbSlope,127.6,25.1,3.9,1.920820952,3.563675236,0.45472496,Y,23.81579225,704,NA,2.33,5.8,9,"Nil
",NA,03:20.3
4638,IGFS2021,PO238,101010101,364,371,80,1,Groundgear_A,Long,34D7,V,19/11/2021 12:53,30,52.743,-12.303,52.71,-12.294,VIIbSlope,134.4,26,3.9,2.006306685,3.722275853,0.500273875,Y,25.17069567,1046,NA,9.47,1.47,7,"Nil
",NA,03:20.3
4639,IGFS2021,FG172,101010101,239,239,81,1,Groundgear_A,Long,34D8,V,19/11/2021 15:36,30,52.542,-11.955,52.51,-11.942,VIIbSlope,136.2,25.6,3.8,1.977351585,3.668555817,0.499657302,Y,25.53184316,704,NA,1.68,5.9,8,"Nil
",NA,03:20.3
4640,IGFS2021,FG171,101010101,184,185,82,1,Groundgear_A,Long,33D8,V,20/11/2021 7:32,30,52.369,-11.628,52.398,-11.655,VIIjDeep,127.7,24.3,3.9,2.001794265,3.713904017,0.474265543,Y,23.83561297,568,NA,1.41,2.9,8,"Nil
",NA,03:20.3
4641,IGFS2021,FG156,101010101,459,461,83,1,Groundgear_A,Long,33D8,V,20/11/2021 10:34,30,52.27,-11.986,52.242,-11.961,VIIjSlope,137.8,26.7,3.5,1.914886128,3.55266443,0.489557158,Y,25.85377799,1346,NA,1.94,5.17,7,"Nil
",NA,03:20.3
4642,IGFS2021,FG70,101010101,270,265,84,1,Groundgear_A,Long,33D8,V,20/11/2021 13:05,30,52.142,-11.617,52.114,-11.585,VIIjSlope,131.6,25.2,3.5,2.053088485,3.809069546,0.501273552,Y,24.61102211,800,NA,4.15,4.7,8,"headline readings erratic, this is trawl eye value
",NA,03:20.3
4643,IGFS2021,FG1,101010101,152,159,85,1,Groundgear_A,Long,33D8,V,20/11/2021 15:22,30,52.198,-11.358,52.167,-11.338,VIIjDeep,125.9,24.4,4.2,2.00009417,3.710749852,0.467183406,Y,23.47929981,486,NA,2.8,5.55,11,"Nil
",NA,03:20.3
4644,IGFS2021,MB51,101010101,107,92,86,1,Groundgear_A,Long,32D9,V,21/11/2021 7:28,30,51.961,-10.68,51.978,-10.634,VIIjMedium,114,23.1,3.9,1.985682592,3.684012231,0.419977394,Y,21.14684645,390,NA,2.81,4.3,10,"Nil
",30 mins tow but had to reboot sodena at start so sodena tow is slightly short,03:20.3
4645,IGFS2021,FG2,101010101,79,74,87,1,Groundgear_A,Short,32D9,V,21/11/2021 10:35,30,51.679,-10.255,51.69,-10.204,VIIjCoast,90.7,24.1,3.9,2.012329309,3.733449553,0.338623874,Y,26.12246628,322,NA,1.01,3.01,4,"Nil
",NA,03:20.3
4646,IGFS2021,FG204,101010101,55,59,88,1,Groundgear_A,Short,3.20E+01,V,21/11/2021 17:02,23,51.61,-9.809,51.597,-9.839,VIIjCoast,80.7,22.1,NA,1.364867091,2.532220948,0.204350231,Y,23.06328227,246,NA,1.94,1.67,11.6,"Nil
",NA,03:20.3
4647,IGFS2021,FG4,101010101,167,167,89,1,Groundgear_A,Long,31D9,V,22/11/2021 7:31,31,51.453,-10.791,51.481,-10.821,VIIjDeep,121.2,23.9,3.8,2.020390142,3.748404716,0.454306652,Y,22.55339855,513,NA,7.64,2.69,5,"Nil
",NA,03:20.3
4648,IGFS2021,42,101010101,156,156,90,1,Groundgear_A,Long,32D9,V,22/11/2021 9:29,31,51.627,-10.801,51.656,-10.83,VIIjDeep,118.8,23.7,NA,2.048260141,3.800111579,0.451453256,Y,22.08300167,486,NA,6.37,3.18,5,"Nil
",NA,03:20.3
4649,IGFS2021,FG67,101010101,160,160,91,1,Groundgear_A,Long,32D9,V,22/11/2021 11:26,30,51.802,-10.985,51.832,-11.007,VIIjDeep,119.1,23.8,3.9,1.976240767,3.666494929,0.436679546,Y,22.14171491,499,NA,7.56,4.67,7.7,"Nil
",NA,03:20.3
4650,IGFS2021,FG73,101010101,218,221,92,1,Groundgear_A,Long,32D8,V,22/11/2021 14:01,21,51.768,-11.402,51.745,-11.4,VIIjSlope,127.2,24.9,3.8,1.381331009,2.562766251,0.325983867,Y,23.73653956,663,NA,3.85,4,11.6,"Nil
","Hauled early, large marks, thought possibly BOF",03:20.3
4651,IGFS2021,FG126,101010101,308,318,93,1,Groundgear_A,Long,31D8,V,22/11/2021 16:55,24,51.393,-11.461,51.366,-11.466,VIIjSlope,131.3,25.2,4.1,1.629937937,3.024003594,0.397051672,Y,24.55120648,882,NA,4.78,4.01,9.7,"Nil
",NA,03:20.3
4652,IGFS2021,FG188,101010101,160,161,94,1,Groundgear_A,Long,30D9,V,23/11/2021 7:27,26,50.755,-10.501,50.73,-10.527,VIIjDeep,118,23.6,3.95,1.795967949,3.33203701,0.393180367,Y,21.92655208,499,NA,3.58,6.44,7.8,"Nil
",NA,03:20.3
4653,IGFS2021,FG63,101010101,166,168,95,1,Groundgear_A,Long,30D9,V,23/11/2021 9:20,30,50.58,-10.593,50.577,-10.644,VIIjDeep,115.3,23.4,4.2,1.955385586,3.627802572,0.418285637,Y,21.39979282,513,NA,4.62,5.78,7.7,"Nil
",NA,03:20.3
4654,IGFS2021,FG62,101010101,308,251,96,1,Groundgear_A,Long,30D9,V,23/11/2021 11:29,36,50.559,-10.936,50.53,-10.913,VIIjSlope,129.2,24.7,3.19,1.948216338,3.614501555,0.466993601,Y,24.13328956,895,NA,4.71,2.55,7.7,"Nil
",NA,03:20.3
4655,IGFS2021,FG61,101010101,241,252,97,1,Groundgear_A,Long,29D9,V,23/11/2021 13:33,32,50.372,-10.869,50.342,-10.894,VIIjSlope,131,24.8,4.2,2.038335121,3.781697813,0.495402413,Y,24.49141937,704,NA,4.47,NA,9.7,"Nil
",NA,03:20.3
4656,IGFS2021,FG60,101010101,489,491,98,1,Groundgear_A,Long,29D8,I,23/11/2021 16:09,36,50.144,-11.141,50.111,-11.152,VIIjSlope,137.2,26.2,3.8,2.023389451,3.753969297,0.515044587,Y,25.73295035,1374,NA,4.73,7.44,7.8,"Big bag of BOFs, burst the rings for choker, riped a few meshes, 90min mending.","Alot of marks, very heavy, hauled at 15min.
",03:20.3
4657,IGFS2021,FG54,101010101,148,143,99,1,Groundgear_A,Long,30D9,V,24/11/2021 7:24,33,50.518,-10.088,50.504,-10.038,VIIjMedium,118.3,23.6,4.1,2.08781877,3.873504212,0.458235548,Y,21.98520046,485,NA,4.45,3.21,13.6,"Nil
",NA,03:20.3
4658,IGFS2021,FG161,101010101,129,129,100,1,Groundgear_A,Long,2.90E+01,V,24/11/2021 9:47,17,50.347,-9.757,50.354,-9.732,VIIjDeep,113.4,22.8,3.9,1.046869118,1.942243261,0.220250386,Y,21.03024784,438,NA,1.74,5.2,19.4,"Nil
",NA,03:20.3
4659,IGFS2021,FG162,101010101,126,126,101,1,Groundgear_A,Long,2.90E+01,V,24/11/2021 12:41,17,50.336,-9.401,50.348,-9.383,VIIjDeep,115.9,23.2,3.9,0.997311957,1.850300478,0.214449825,Y,21.51668472,427,NA,2.21,3.83,29.1,"Nil
",NA,03:20.3
4660,IGFS2021,FG132,101010101,126,124,102,1,Groundgear_A,Long,3.00E+01,V,24/11/2021 14:51,32,50.516,-9.147,50.521,-9.094,VIIjDeep,117.1,23.4,3.9,2.048080624,3.799778524,0.444954065,Y,21.75075152,438,NA,4.77,5.1,23.3,"Nil
",NA,03:20.3
4661,IGFS2021,CC306,101010101,124,119,103,1,Groundgear_A,Long,3.00E+02,V,24/11/2021 17:00,17,50.627,-8.913,50.615,-8.895,VIIjMedium,116.5,23.2,4,0.994533899,1.845146381,0.214959553,Y,21.63367072,427,NA,8.05,4.56,25.2,"Nil
","Late tow, had to haul at 17:15 after 16min
",03:20.3
4662,IGFS2021,VMS1,101010101,114,115,104,1,Groundgear_A,Long,3.00E+02,V,25/11/2021 7:35,33,50.882,-8.498,50.902,-8.454,VIIgMedium,121.6,23.9,4,2.05490199,3.812434119,0.463591989,Y,22.6319532,402,NA,12.37,14.74,29.1,"Nil
",NA,03:20.3
4663,IGFS2021,62A,101010101,115,115,105,1,Groundgear_A,Long,3.00E+02,V,25/11/2021 9:38,33,50.725,-8.466,50.699,-8.504,VIIgMedium,117.4,23.6,3.9,2.1267821,3.945792394,0.463236027,Y,21.8093277,402,NA,8.33,14.71,21.4,"Nil
",NA,03:20.3
4664,IGFS2021,FG12,101010101,122,121,106,1,Groundgear_A,Long,3.00E+02,V,25/11/2021 11:13,33,50.587,-8.597,50.552,-8.618,VIIgMedium,119.2,23.6,3.95,2.246535728,4.167969811,0.496822001,Y,22.16129143,427,NA,12,12.66,11,"Nil
",NA,03:20.3
4665,IGFS2021,FG14,101010101,124,124,107,1,Groundgear_A,Long,3.00E+02,V,25/11/2021 14:20,33,50.614,-8.263,50.633,-8.222,VIIgMedium,120.8,23.8,NA,1.934774568,3.589563206,0.433619235,Y,22.47488861,427,NA,7.52,7.06,25.2,"Nil
",NA,03:20.3
4666,IGFS2021,FG133,101010101,123,119,108,1,Groundgear_A,Long,3.00E+02,V,25/11/2021 16:17,33,50.515,-8.072,50.533,-8.026,VIIgMedium,121.1,24.1,3.95,2.063039625,3.827531772,0.463514098,Y,22.53376688,415,NA,10.83,11.04,23.3,"Nil
",NA,03:20.3
4667,IGFS2021,FG208,101010101,76,75,109,1,Groundgear_A,Short,3.20E+03,V,26/11/2021 7:30,27,51.6,-7.032,51.622,-6.996,VIIgCoast,85.8,22.7,3.9,1.883438512,3.494320059,0.299812661,Y,24.61412014,298,NA,6.07,3.33,27.2,"Nil
",NA,03:20.3
4668,IGFS2021,110,101010101,78,79,110,1,Groundgear_A,Short,3.20E+04,V,26/11/2021 10:00,33,51.624,-6.526,51.59,-6.504,VIIgCoast,86.4,22.7,4,2.198218985,4.078328359,0.35236757,Y,24.79781576,311,NA,4.63,8.29,27.2,"Nil
",NA,03:20.3
4669,IGFS2021,FG139,101010101,114,117,111,1,Groundgear_A,Long,3.20E+04,V,26/11/2021 12:13,23,51.588,-6.209,51.607,-6.194,VIIgMedium,118,23.6,4.1,1.269689546,2.355639232,0.277965429,Y,21.92655208,402,NA,11.37,6.91,36.9,"Nil
",NA,03:20.3
4670,IGFS2021,FG26,101010101,112,115,112,1,Groundgear_A,Long,3.20E+04,V,26/11/2021 14:32,22,51.799,-6.072,51.821,-6.077,VIIgMedium,116.4,24.2,3.9,1.332393627,2.471973334,0.287737696,Y,21.61416649,402,NA,7.72,6.16,19,"Nil
",NA,03:20.3
4671,IGFS2021,FG25,101010101,77,77,113,1,Groundgear_A,Short,3.30E+04,V,27/11/2021 7:57,21,52.017,-6.211,52.007,-6.246,VIIgCoast,87.2,22.7,4.2,1.427371162,2.648183974,0.230921643,Y,25.04316771,311,NA,6.72,24.99,29.1,"Nil
",NA,03:20.3
4672,IGFS2021,FG167,101010101,70,68,114,1,Groundgear_A,Short,3.20E+04,V,27/11/2021 10:44,23,51.821,-6.589,51.842,-6.603,VIIgCoast,84.1,21.9,4.2,1.362600826,2.528016376,0.212606177,Y,24.09510219,286,NA,7.15,9.53,29.1,"Nil
",NA,03:20.3
4673,IGFS2021,33A,101010101,58,53,115,1,Groundgear_A,Short,3.20E+04,V,27/11/2021 12:29,34,51.973,-6.736,52.006,-6.756,VIIgCoast,80.8,21.1,4.2,2.113112689,3.920431705,0.316770882,Y,23.09351533,259,NA,2.44,8.08,11,"Nil
",NA,03:20.3
4674,IGFS2021,FG46,101010101,71,75,116,1,Groundgear_A,Short,3.20E+03,I,27/11/2021 14:56,32,51.843,-7.06,51.811,-7.08,VIIgCoast,84,21.8,4.5,2.057965894,3.818118542,0.320721958,Y,24.0646376,286,NA,6.63,7.48,25.2,Granite bolder c.3ft across (~1.2t). Ha dto change bag and repair multiple holes in the bag. ,NA,03:20.3
4675,IGFS2021,FG36A,101010101,117,120,117,1,Groundgear_A,Long,3.10E+03,V,28/11/2021 7:34,31,51.045,-7.603,51.02,-7.638,VIIgMedium,117.2,23.6,4,1.999625708,3.70988072,0.43479802,Y,21.77027426,415,NA,4.23,2.66,7.8,"Nil
",NA,03:20.3
4676,IGFS2021,FG35,101010101,106,104,118,1,Groundgear_A,Long,3.00E+03,V,28/11/2021 9:16,33,50.908,-7.749,50.883,-7.787,VIIgMedium,113.1,22.9,4,2.079341018,3.857775544,0.436314414,Y,20.97198276,378,NA,4.32,2.23,5.8,"Nil
",NA,03:20.3
4677,IGFS2021,FG53,101010101,112,112,119,1,Groundgear_A,Long,3.00E+03,V,28/11/2021 11:09,36,50.722,-7.844,50.7,-7.89,VIIgMedium,117.1,23.3,4,2.192491405,4.06770205,0.47632791,Y,21.75075152,402,NA,5.38,2.94,15.5,"Nil
",NA,03:20.3
4678,IGFS2021,MB30,101010101,111,112,120,1,Groundgear_A,Long,3.00E+03,V,28/11/2021 13:20,30,50.649,-7.617,50.617,-7.605,VIIgMedium,117.8,23.6,4,1.972504798,3.659563633,0.431096596,Y,21.88746659,402,NA,4.34,4.24,9,"Nil
",NA,03:20.3
4679,IGFS2021,CC307,101010101,106,107,121,1,Groundgear_A,Long,3.00E+03,I,28/11/2021 15:23,23,50.65,-7.343,50.647,-7.306,VIIgMedium,117.6,23.5,3.9,1.421926664,2.638082864,0.310238545,Y,21.84839181,402,NA,5.05,3.49,21.4,"Alot of damage, broke port rib line combination, ripped out belly etc....best not to repeat",NA,03:20.3
4680,IGFS2021,FG168,101010101,88,88,122,1,Groundgear_A,Long,3.10E+03,V,29/11/2021 7:31,20,51.289,-7.242,51.294,-7.209,VIIgMedium,109.6,21.9,3.9,1.276478734,2.368235129,0.25955857,Y,20.29387837,324,NA,2.61,2.14,3.9,"Nil
",NA,03:20.3
4681,IGFS2021,FG201,101010101,76,80,123,1,Groundgear_A,Short,3.20E+03,V,29/11/2021 9:36,23,51.501,-7.184,51.5,-7.221,VIIgCoast,88.1,22.8,3.9,1.386134871,2.571678795,0.226564902,Y,25.31977696,311,NA,3.03,1.65,7.8,"Nil
",NA,03:20.3
4682,IGFS2021,FG178,101010101,79,81,124,1,Groundgear_A,Short,3.20E+03,V,29/11/2021 11:23,33,51.59,-7.465,51.584,-7.52,VIIgCoast,88.1,22.8,3.9,2.085909999,3.869962893,0.340943731,Y,25.31977696,311,NA,3.03,1.65,11.6,"Nil
",NA,03:20.3
4683,IGFS2021,FG23,101010101,101,104,125,1,Groundgear_A,Long,3.10E+03,V,30/11/2021 7:33,32,51.157,-7.448,51.18,-7.41,VIIgMedium,113.4,23.4,4,1.988572772,3.689374344,0.418375051,Y,21.03024784,378,NA,4.75,8.01,19.4,Nil,NA,03:20.3
4684,IGFS2021,FG15,101010101,88,88,126,1,Groundgear_A,Long,3.10E+03,V,30/11/2021 9:23,32,51.326,-7.419,51.347,-7.46,VIIgMedium,112.2,22.7,4,1.989364793,3.690843771,0.414112671,Y,20.7973234,336,NA,5.81,2.87,21.4,"Nil
",NA,03:20.3
4685,IGFS2021,FG37A,101010101,91,92,127,1,Groundgear_A,Long,3.10E+03,V,30/11/2021 11:55,32,51.391,-7.829,51.361,-7.85,VIIgMedium,109.8,22.6,4.1,1.964064813,3.643905033,0.400100773,Y,20.33254632,336,NA,4.24,2.88,19.4,"Nil
",NA,03:20.3
4686,IGFS2021,FG52,101010101,100,100,128,1,Groundgear_A,Long,3.10E+02,V,30/11/2021 13:57,33,51.25,-8.054,51.227,-8.096,VIIgMedium,112.6,22.8,4,2.098017118,3.892425079,0.438287064,Y,20.87492471,366,NA,1.68,4.55,19.4,"Nil
",NA,03:20.3
4687,IGFS2021,COD5A,101010101,121,118,129,1,Groundgear_A,Long,3.10E+01,V,02/12/2021 7:31,30,51.141,-9.978,51.163,-9.939,VIIjMedium,117.6,23.4,3.9,1.975748314,3.665581288,0.431072359,Y,21.84839181,427,NA,5.21,14.49,19,"Nil
",NA,03:20.3
4688,IGFS2021,MB20,101010101,114,117,130,1,Groundgear_A,Long,3.10E+01,V,02/12/2021 9:52,31,51.129,-9.594,51.096,-9.593,VIIjMedium,111.9,22.4,4.1,1.97917141,3.671932114,0.410889204,Y,20.73914861,402,NA,14.52,6.8,18,"Nil
",NA,03:20.3
4689,IGFS2021,FG34A,101010101,112,112,131,1,Groundgear_A,Long,3.10E+01,V,02/12/2021 11:40,30,51.117,-9.359,51.117,-9.308,VIIjMedium,114.1,23.1,4.1,1.924806829,3.571070183,0.407459108,Y,21.16628846,410,NA,7.14,7.48,18,"Nil
",NA,03:20.3
4690,IGFS2021,FG199,101010101,112,112,132,1,Groundgear_A,Long,3.10E+01,I,02/12/2021 13:26,2,51.267,-9.234,51.267,-9.234,VIIjMedium,112.0611298,21.51,NA,0,0,0,N,999,NA,NA,NA,NA,11,"Nil
",Port door came fast after 2 minutes of the tow. Net hauled but no damage.Shot the tow again from the opposite direction as haul 133,03:20.3
4691,IGFS2021,FG199,101010101,116,113,133,1,Groundgear_A,Long,3.10E+01,V,02/12/2021 14:15,32,51.297,-9.219,51.265,-9.234,VIIjMedium,114.3,24.7,3.6,2.000103141,3.710766496,0.42414061,Y,21.20518016,410,NA,6.48,3.98,11,"Nil
",NA,03:20.3
4692,IGFS2021,FG134,101010101,84,82,134,1,Groundgear_A,Long,3.10E+02,V,03/12/2021 7:38,30,51.42,-8.283,51.434,-8.329,VIIgMedium,110.8,23.1,3.9,1.917963067,3.558373036,0.394267732,Y,20.52603168,324,NA,3.43,4.19,7,"Nil
",NA,03:20.3
4693,IGFS2021,64,101010101,96,97,135,1,Groundgear_A,Long,3.10E+02,V,03/12/2021 10:06,30,51.261,-8.688,51.262,-8.741,VIIgMedium,113.9,23.1,3.9,1.994945249,3.701197123,0.421566352,Y,21.12740699,366,NA,2.13,6.55,7,"Nil
",NA,03:20.3
4694,IGFS2021,FG181,101010101,104,105,136,1,Groundgear_A,Long,3.10E+02,V,03/12/2021 12:24,30,51.094,-8.602,51.077,-8.645,VIIgMedium,114.9,23.1,3.8,1.917407436,3.557342182,0.408738617,Y,21.32191681,390,NA,6.93,4.18,7,"Nil
",NA,03:20.3
4695,IGFS2021,FG140,101010101,98,100,137,1,Groundgear_A,Long,3.10E+02,V,03/12/2021 15:16,30,51.022,-8.116,51.035,-8.067,VIIgMedium,114.2,23.6,4,2.010155033,3.729415645,0.425899267,Y,21.18573303,366,NA,6.53,4.85,11,"Nil
",NA,03:20.3
4696,IGFS2021,53A,101010101,68,57,138,1,Groundgear_A,Short,3.20E+02,V,04/12/2021 7:35,30,51.611,-8.254,51.64,-8.256,VIIgCoast,88.8,23.1,4.1,1.740710099,3.229517809,0.286781181,Y,25.53535475,298,NA,5.37,11.47,23,"Nil
",NA,03:20.3
4697,IGFS2021,FG182,101010101,55,66,139,1,Groundgear_A,Short,3.20E+02,V,04/12/2021 10:52,30,51.516,-8.871,51.49,-8.902,VIIgCoast,85.4,22.9,4.1,1.943471575,3.605698654,0.307926665,Y,24.49180625,250,NA,8.94,2.53,18,"Nil
",NA,03:20.3
4698,IGFS2021,FG56,101010101,57,60,140,1,Groundgear_A,Short,3.10E+01,V,04/12/2021 13:37,30,51.425,-9.359,51.415,-9.405,VIIjCoast,84.9,22.3,4,1.825997734,3.387750898,0.287620051,Y,24.33908091,273,NA,8.4,2.48,25,"Nil
",NA,03:20.3
4699,IGFS2021,FG9,101010101,46,49,141,1,Groundgear_A,Short,3.10E+01,V,04/12/2021 15:49,30,51.459,-9.634,51.448,-9.682,VIIjCoast,78.9,21,4.1,1.915553303,3.553902231,0.280402886,Y,22.520236,233,NA,6.89,4.5,25,"Nil
",NA,03:20.3
4700,IGFS2021,FG128,101010101,129,130,142,1,Groundgear_A,Long,31D9,V,05/12/2021 7:34,30,51.299,-10.318,51.316,-10.362,VIIjDeep,118.9,23.3,3.9,1.942732186,3.604326876,0.428554466,Y,22.10257004,445,NA,16.7,8.22,16,"Nil
",NA,03:20.3
4701,IGFS2021,FG203,101010101,162,162,143,1,Groundgear_A,Long,31D9,V,05/12/2021 10:06,30,51.252,-10.727,51.222,-10.746,VIIjDeep,120.1,23.6,4,1.935922999,3.591693875,0.431362434,Y,22.33760311,513,NA,7.81,29.2,12,"Nil
",NA,03:20.3
4702,IGFS2021,FG159,101010101,181,179,144,1,Groundgear_A,Long,31D8,V,05/12/2021 12:36,30,51.086,-11.071,51.054,-11.072,VIIjDeep,122.2,23.8,4,1.919205326,3.560677784,0.435114825,Y,22.74986947,568,NA,7.36,19.1,4,"Nil
",NA,03:20.3
4703,IGFS2021,FG6,101010101,172,169,145,1,Groundgear_A,Long,30D9,V,05/12/2021 14:59,30,50.846,-10.894,50.845,-10.84,VIIjDeep,122.1,24.1,4,2.0508284,3.804876437,0.464575413,Y,22.73020971,554,NA,8.15,18.31,4,"Nil
",NA,03:20.3
4704,IGFS2021,82,101010101,168,166,146,1,Groundgear_A,Long,30D9,V,05/12/2021 16:50,19,50.717,-10.753,50.717,-10.72,VIIjDeep,120.9,23.9,4,1.256186296,2.33058682,0.281767947,Y,22.49451192,540,NA,7.85,16.2,12,"Nil
","Hauled after 20 minutes, getting too dark.",03:20.3
4705,IGFS2021,CN303,101010101,95,94,147,1,Groundgear_A,Long,3.10E+04,V,09/12/2021 8:06,30,51.118,-6.476,51.151,-6.486,VIIgMedium,111.2,22.5,4.1,2.014462074,3.737406446,0.415599597,Y,20.60349423,366,NA,5.48,9.73,17,"Nil
",NA,03:20.3
4706,IGFS2021,112,101010101,109,106,148,1,Groundgear_A,Long,3.10E+04,V,09/12/2021 9:40,30,51.217,-6.336,51.25,-6.331,VIIgMedium,119.2,24.1,4,1.987784903,3.687912622,0.439599184,Y,22.16129143,400,NA,5.94,12.51,23,"Nil
",NA,03:20.3
4707,IGFS2021,FG49,101010101,89,89,149,1,Groundgear_A,Long,3.10E+05,V,09/12/2021 12:09,30,51.213,-5.955,51.239,-5.923,VIIgMedium,110.2,22.7,3.9,1.970407385,3.655672328,0.402855091,Y,20.40991127,349,NA,5.55,10.58,19,"Nil
",NA,03:20.3
4708,IGFS2021,113,101010101,82,80,150,1,Groundgear_A,Long,3.10E+05,V,09/12/2021 14:09,30,51.087,-5.802,51.057,-5.783,VIIgMedium,105.9,21.8,4.3,1.936821143,3.59336019,0.380536844,Y,19.58023553,325,NA,5.5,11.83,17,"Nil
",NA,03:20.3
4709,IGFS2021,FG39,101010101,105,104,151,1,Groundgear_A,Long,3.10E+04,V,10/12/2021 7:42,30,51.189,-6.637,51.214,-6.603,VIIgMedium,117.6,23.6,4,1.971795415,3.658247524,0.430209909,Y,21.84839181,390,NA,8.31,17.31,31,"Nil
",NA,03:20.3
4710,IGFS2021,FG40,101010101,84,82,152,1,Groundgear_A,Long,3.10E+04,V,10/12/2021 10:19,30,51.365,-6.724,51.366,-6.672,VIIgMedium,112,23.6,3.9,1.952923119,3.623233987,0.405802207,Y,20.75853772,336,NA,9.89,7.5,31,"Nil
",NA,03:20.3
4711,IGFS2021,111,101010101,109,118,153,1,Groundgear_A,Long,3.10E+04,V,10/12/2021 13:01,30,51.415,-6.359,51.384,-6.375,VIIgMedium,115.1,22.9,3.9,1.953456945,3.624224388,0.417148227,Y,21.36084964,390,NA,10.21,10.46,21,"Nil
",NA,03:20.3
4712,IGFS2021,CN308,101010101,105,107,154,1,Groundgear_A,Long,3.10E+04,V,10/12/2021 15:17,30,51.444,-6.139,51.475,-6.121,VIIgMedium,115.9,23.1,3.8,1.9775116,3.66885269,0.425220027,Y,21.51668472,390,NA,8.26,14.48,27,"Nil
",NA,03:20.3
4713,IGFS2021,CN307,101010101,80,81,155,1,Groundgear_A,Long,3.10E+05,V,11/12/2021 7:40,30,51.409,-5.775,51.44,-5.788,VIIgMedium,105.9,21.8,4,1.92180927,3.56550885,0.377587387,Y,19.58023553,324,NA,4.12,9.63,21,"Nil
",NA,03:20.3
4714,IGFS2021,MB32,101010101,70,69,156,1,Groundgear_A,Short,3.10E+05,V,11/12/2021 9:34,30,51.484,-5.538,51.464,-5.496,VIIgCoast,87.6,23.4,4.1,1.977986142,3.669733102,0.32146862,Y,25.16602766,298,NA,3.84,14.29,14,"Nil
",NA,03:20.3
4715,IGFS2021,CN203,101010101,65,66,157,1,Groundgear_A,Short,3.10E+05,V,11/12/2021 11:22,30,51.452,-5.266,51.42,-5.266,VIIgCoast,85,22.4,3.9,1.9189541,3.560211689,0.302617994,Y,24.36961121,286,NA,4.81,8.1,16,"Nil
",NA,03:20.3
4716,IGFS2021,44,101010101,73,73,158,1,Groundgear_A,Short,3.10E+05,V,11/12/2021 13:48,19,51.244,-5.493,51.26,-5.511,VIIgCoast,78.4,21.8,4.1,1.174460428,2.178961834,0.170830608,Y,22.36977022,305,NA,5.23,8.89,23,"Nil
","Hauled after 19 minutes, float spotted off the bow. Doors and wings had come in. Caught a string of pots.",03:20.3
4717,IGFS2021,FG165,101010101,82,81,159,1,Groundgear_A,Long,3.10E+05,V,11/12/2021 16:06,30,51.303,-5.815,51.335,-5.812,VIIgMedium,106.9,21.8,4.1,1.922223945,3.566278191,0.381235139,Y,19.77279519,324,NA,5.8,10.38,19,"Nil
",NA,03:20.3
4718,IGFS2021,42A,101010101,44,41,160,1,Groundgear_A,Short,3.30E+03,V,12/12/2021 7:50,30,52.033,-7.362,52.03,-7.414,VIIgCoast,83.2,21.9,4.2,1.931952192,3.584326888,0.298215997,Y,23.82118011,230,NA,6.19,3.77,21,"Nil
",NA,03:20.3
4719,IGFS2021,FG138,101010101,57,60,161,1,Groundgear_A,Short,3.20E+03,V,12/12/2021 9:36,22,51.926,-7.393,51.907,-7.415,VIIgCoast,84.2,20.8,4.1,1.401459255,2.600109935,0.218929257,Y,24.12557402,259,NA,11.54,2.46,21,"Nil
",Hauled after 22 minutes. Wing sensor data bouncing around.,03:20.3
4720,IGFS2021,CN205,101010101,69,73,162,1,Groundgear_A,Short,3.20E+03,V,12/12/2021 13:13,30,51.708,-7.991,51.687,-8.026,VIIgCoast,88.5,23.3,4,1.813085128,3.363794301,0.297695796,Y,25.44291703,298,NA,8.38,3.22,27,"Nil
",NA,03:20.3
4721,IGFS2021,FG18,101010101,80,80,163,1,Groundgear_A,Long,3.20E+03,V,12/12/2021 15:22,25,51.631,-7.803,51.621,-7.841,VIIgMedium,108.4,22.6,4.3,1.539923074,2.857000138,0.309698815,Y,20.06207237,320,NA,16.09,4.53,33,"Small tear, 30 minutes mending",NA,03:20.3
4722,IGFS2021,FG163,101010101,117,117,164,1,Groundgear_A,Long,3.00E+01,V,13/12/2021 7:55,30,50.833,-9.593,50.835,-9.543,VIIjDeep,116.6,23.6,4,1.902353608,3.529413002,0.411529556,Y,21.65317758,420,NA,14.4,18.94,14,"Nil
",NA,03:20.3
4723,IGFS2021,FG169,101010101,116,118,165,1,Groundgear_A,Long,3.00E+01,V,13/12/2021 9:52,30,50.895,-9.301,50.926,-9.3,VIIjMedium,116.6,25.1,4,1.859205386,3.449360642,0.402195451,Y,21.65317758,420,NA,8.69,19.83,8,"Nil
",NA,03:20.3
4724,IGFS2022,MB45,101020101,77,82,1,1,Groundgear_D,Short,3.80E+02,V,03/11/2022 7:33,33,54.571,-8.722,54.581,-8.778,VIaCoast,85,20.64,NA,2.042047752,3.788585811,0.322029794,Y,24.36961121,290,NA,NA,NA,NA,"Nil
",NA,03:20.3
4725,IGFS2022,26,101020101,102,100,2,1,Groundgear_D,Long,3.80E+01,V,03/11/2022 12:32,31,54.78,-9.628,54.809,-9.598,VIaMedium,102.9,21.33,NA,2.027183956,3.761009195,0.387007846,Y,19.00392414,366,NA,NA,NA,13,"Nil
",NA,03:20.3
4726,IGFS2022,FG101,101020101,115,117,3,1,Groundgear_D,Long,38D9,V,03/11/2022 15:37,31,54.758,-10.095,54.787,-10.07,VIaMedium,108.3,21.57,NA,1.944154601,3.606965865,0.390634403,Y,20.04277072,392,NA,11.31,18.68,21.4,"Nil
",NA,03:20.3
4727,IGFS2022,FG151,101020101,250,224,4,1,Groundgear_D,Long,38D9,V,04/11/2022 7:26,31,54.946,-10.195,54.973,-10.16,VIaDeep,125.1,24.5,NA,2.021150251,3.749814936,0.469101849,Y,23.32124781,732,NA,7.15,20.96,10,"Nil
",NA,03:20.3
4728,IGFS2022,FG108,101020101,241,239,5,1,Groundgear_D,Long,39D9,V,04/11/2022 9:47,21,55.08,-10.07,55.099,-10.051,VIaDeep,121.4,24,NA,1.314296704,2.438398337,0.296021558,Y,22.59267027,704,NA,8.84,15.43,13.5,"Nil
",NA,03:20.3
4729,IGFS2022,GD8,101020101,115,117,6,1,Groundgear_D,Long,3.90E+01,V,04/11/2022 12:05,19,55.223,-9.603,55.237,-9.576,VIaMedium,115,23.2,NA,1.250262655,2.319596762,0.266753628,Y,21.34138194,402,NA,9.72,11.95,13.6,"Nil
",NA,03:20.3
4730,IGFS2022,R217,101020101,107,109,7,1,Groundgear_D,Long,3.90E+01,I,04/11/2022 14:34,6,55.334,-9.337,55.339,-9.328,VIaMedium,105.9,21.6,NA,0.429861305,0.797516336,0.08445698,Y,19.58023553,NA,NA,NA,NA,NA,"Nil
",Hauled within 4-5 min due to very heavy marks. c.5-6t boarfish for 5min tow,03:20.3
4731,IGFS2022,MM15,101020101,94,93,8,1,Groundgear_D,Long,3.90E+02,V,04/11/2022 16:44,16,55.449,-8.913,55.462,-8.894,VIaMedium,103,21.17,NA,1.01408018,1.881410353,0.193785266,Y,19.02310202,340,NA,8.5,13.47,5,Wing sensors stopped after a few min. ,Hauled early around 15min due to big marks on Marport. Turne out as moderate HOM catch.,03:20.3
4732,IGFS2022,SC544,101020101,135,135,9,1,Groundgear_D,Long,4.00E+02,V,05/11/2022 7:24,25,55.792,-8.993,55.819,-8.992,VIaDeep,112.6,23.1,NA,1.620658608,3.00678777,0.338564303,Y,20.87492471,438,NA,7.98,13.84,23.3,"Nil
",NA,03:20.3
4733,IGFS2022,MB23,101020101,134,135,10,1,Groundgear_D,Long,4.00E+02,V,05/11/2022 9:37,31,55.996,-8.818,56.01,-8.873,VIaDeep,111.8,23,NA,2.031385498,3.768804263,0.421352317,Y,20.71976199,438,NA,7.98,13.84,21.3,"Nil
",Chk,03:20.3
4734,IGFS2022,FG112,101020101,245,228,11,1,Groundgear_D,Long,4.10E+01,V,05/11/2022 12:24,31,56,-9.219,56.032,-9.204,VIaSlope,124.4,24.6,NA,1.985523183,3.68371648,0.45825433,Y,23.18310638,732,NA,11.35,11.9,19.5,"Nil
",NA,03:20.3
4735,IGFS2022,94,101020101,242,245,12,1,Groundgear_D,Long,4.10E+01,V,05/11/2022 14:27,32,56.19,-9.183,56.224,-9.171,VIaSlope,123.1,24.6,NA,2.079624537,3.858301553,0.474956921,Y,22.9269351,710,NA,8.85,23.44,21.4,"Nil
",NA,03:20.3
4736,IGFS2022,FG118,101020101,132,128,13,1,Groundgear_D,Long,4.10E+02,V,05/11/2022 17:07,21,56.143,-8.816,56.152,-8.781,VIaDeep,112.2,24,NA,1.290977476,2.395134464,0.268734087,Y,20.7973234,438,NA,10.56,13.7,13.6,"Nil
",NA,03:20.3
4737,IGFS2022,SC583,101020101,81,85,14,1,Groundgear_D,Short,4.10E+04,V,06/11/2022 7:21,32,56.401,-6.769,56.371,-6.796,VIaCoast,81.3,22.1,NA,2.012440179,3.733655249,0.303546172,Y,23.24478293,311,NA,12.89,10.24,21.4,"Nil
",NA,03:20.3
4738,IGFS2022,FG192,101020101,89,92,15,1,Groundgear_D,Short,4.10E+03,V,06/11/2022 9:08,32,56.323,-7.03,56.299,-7.077,VIaCoast,76.6,21.2,NA,2.129077924,3.950051808,0.302573968,Y,21.82942732,324,NA,11.02,6.91,23.3,"Nil
",NA,03:20.3
4739,IGFS2022,FG117,101020101,71,62,16,1,Groundgear_D,Short,4.10E+04,V,06/11/2022 11:25,30,56.186,-6.79,56.186,-6.732,VIaCoast,77,20.48,4.7,1.941144591,3.601381431,0.27730637,Y,21.94932527,286,NA,7.44,12.57,8,"Wings sensors tried again, but still dodgy.",NA,03:20.3
4740,IGFS2022,FG116,101020101,82,93,17,1,Groundgear_D,Short,4.10E+04,V,06/11/2022 13:48,32,56.053,-6.975,56.052,-7.038,VIaCoast,82.4,22,NA,2.116649304,3.926993143,0.323584235,Y,23.57817848,298,NA,12.28,7.2,21.4,"Nil
",NA,03:20.3
4741,IGFS2022,SC573,101020101,57,61,18,1,Groundgear_D,Short,4.00E+04,V,06/11/2022 16:15,31,55.932,-6.667,55.9,-6.679,VIaCoast,75.6,20.9,NA,1.962521707,3.641042128,0.275262785,Y,21.53012006,246,NA,7.24,13.85,13,"Nil
",NA,03:20.3
4742,IGFS2022,MM11,101020101,122,118,19,1,Groundgear_D,Long,4.00E+03,V,07/11/2022 7:23,21,55.827,-7.627,55.809,-7.649,VIaMedium,105.9,20.7,4.4,1.311251335,2.432748303,0.257628045,Y,19.58023553,420,NA,10.37,10.35,23.3,"Nil
",NA,03:20.3
4743,IGFS2022,MB25,101020101,103,99,20,1,Groundgear_D,Long,4.00E+02,V,07/11/2022 9:43,26,55.758,-8.052,55.733,-8.076,VIaMedium,107,22.2,4.4,1.706110831,3.165326218,0.338689905,Y,19.79206392,366,NA,8.76,11.51,17.5,"Nil
","Hauled back for 1min to avoid static gear, dropped gear straight after and carried on. Good catch.",03:20.3
4744,IGFS2022,MMMA3,101020101,143,132,21,1,Groundgear_D,Long,4.00E+02,V,07/11/2022 11:41,32,55.824,-8.322,55.816,-8.382,VIaDeep,111.7,22.4,4.4,2.083225119,3.864981668,0.431718452,Y,20.70037784,474,NA,12.72,6.54,21.4,"Nil
","Very good haul of commercial catch, HAD, HER......",03:20.3
4745,IGFS2022,28B,101020101,176,172,22,1,Groundgear_D,Long,4.00E+02,V,07/11/2022 14:17,16,55.953,-8.268,55.969,-8.264,VIaDeep,116.4,23.4,4.1,0.969601456,1.798889528,0.209390741,Y,21.61416649,539,NA,7.3,15.77,9,"Nil
","Hauled early, v. heavy marks
",03:20.3
4746,IGFS2022,MB4,101020101,166,165,23,1,Groundgear_D,Long,4.00E+03,V,07/11/2022 16:24,31,55.981,-7.849,56,-7.801,VIaDeep,119.4,23.7,3.9,1.976657051,3.667267256,0.43787171,Y,22.20045264,513,NA,10.18,9.4,10,"Nil
",NA,03:20.3
4747,IGFS2022,GD4,101020101,73,59,24,1,Groundgear_D,Short,4.00E+03,V,08/11/2022 7:12,22,55.725,-7.332,55.728,-7.289,VIaCoast,79.9,21.9,4.7,1.467358886,2.722372701,0.217517579,Y,22.8216612,273,NA,7.42,9.48,13.7,"Nil
",Very heavy marks.,03:20.3
4748,IGFS2022,FG114,101020101,66,63,25,1,Groundgear_D,Short,4.00E+03,V,08/11/2022 9:07,30,55.651,-7.522,55.651,-7.582,VIaCoast,80.1,20.34,NA,2.035927655,3.77723127,0.302556225,Y,22.88202609,273,NA,10.22,4.41,13,"Wing sensors stopped after a few min.
",NA,03:20.3
4749,IGFS2022,MB26,101020101,66,63,26,1,Groundgear_D,Short,4.00E+03,V,08/11/2022 10:54,32,55.539,-7.744,55.507,-7.771,VIaCoast,81.9,20.34,4.5,2.128918756,3.949756505,0.323485058,Y,23.42653089,273,NA,5.14,7.75,23.3,"Nil
",NA,03:20.3
4750,IGFS2022,8,101020101,93,90,27,1,Groundgear_D,Long,4.00E+02,V,08/11/2022 13:50,33,55.642,-8.276,55.622,-8.327,VIaMedium,108.1,21.15,4.3,2.106686083,3.908508502,0.422509769,Y,20.00417452,333,NA,11.91,7.34,25.3,"Nil
",NA,03:20.3
4751,IGFS2022,6A,101020101,96,97,28,1,Groundgear_D,Long,4.00E+02,V,08/11/2022 16:03,31,55.662,-8.606,55.669,-8.662,VIaMedium,107.4,21.21,4.3,1.945391255,3.609260213,0.387634547,Y,19.86916218,349,NA,10.32,5.87,23.3,"Nil
",NA,03:20.3
4752,IGFS2022,COD2,101020101,57,58,29,1,Groundgear_D,Short,3.90E+04,I,09/11/2022 7:22,13,55.298,-6.876,55.305,-6.893,VIaCoast,78.5,21.2,4.5,0.717725629,1.331587439,0.104529614,Y,22.39985033,NA,NA,NA,NA,23.3,Hauled early due to static gear,Hauled early due to static gear.,03:20.3
4753,IGFS2022,GD7,101020101,87,100,30,1,Groundgear_D,Long,3.90E+04,V,09/11/2022 8:48,35,55.328,-6.633,55.353,-6.573,VIaMedium,100.5,22.3,4.2,2.541896911,4.715949742,0.473952949,Y,18.54431133,349,NA,3.83,9.95,27.2,"Nil
",NA,03:20.3
4754,IGFS2022,FG98,101020101,140,114,31,1,Groundgear_D,Long,3.90E+04,V,09/11/2022 10:51,35,55.285,-6.513,55.306,-6.46,VIaCoast,106.9,27.3,NA,2.209281801,4.098853063,0.438167392,Y,31.260642,462,NA,3.25,10.44,19.4,Wing sensors gave increasing readings through the tow. New mountings being tried. ,Strong tides. Deep hole so long bridles required in a coast strata,03:20.3
4755,IGFS2022,FG45,101020101,171,172,32,1,Groundgear_D,Long,3.90E+04,V,09/11/2022 12:20,34,55.338,-6.325,55.374,-6.306,VIaMedium,89.6,19.8,NA,2.255789899,4.185138959,0.374988451,Y,16.47185426,540,NA,4.44,8.55,23.3,"Speed very high, but losing steerage so unavoidable. Very narrow door spread so looks like short bridles left on from previous tow.",NA,03:20.3
4756,IGFS2022,mar-05,101020101,112,127,33,1,Groundgear_D,Long,4.00E+04,I,09/11/2022 15:05,21,55.589,-6.68,55.578,-6.714,VIaCoast,100,21.51,4.3,1.330909497,2.469219846,0.246921985,Y,29.04110043,378,NA,6.94,24.14,19.4,Moderate wing damage,Very strong tide. Hauled early after a snag.,03:20.3
4757,IGFS2022,FG115,101020101,19,22,34,1,Groundgear_D,Short,3.90E+03,V,10/11/2022 7:38,31,55.221,-7.586,55.255,-7.582,VIaCoast,62.8,17.86,NA,2.044800197,3.793692388,0.238243882,Y,17.74940261,142,NA,3.58,2.91,29.2,"Nil
",NA,03:20.3
4758,IGFS2022,10,101020101,27,41,35,1,Groundgear_D,Short,3.90E+03,V,10/11/2022 10:16,31,55.213,-7.917,55.239,-7.948,VIaCoast,65.8,18.9,5.1,1.888008626,3.502798935,0.23048417,Y,18.62769995,165,NA,7.35,2.94,14,"Nil
",NA,03:20.3
4759,IGFS2022,MB27,101010101,55,58,36,1,Groundgear_A,Short,3.70E+02,V,12/11/2022 7:50,19,54.413,-8.833,54.43,-8.848,VIIbCoast,81.8,19.97,4.7,1.147058343,2.128123086,0.174080468,Y,23.39622227,260,NA,4.16,5.71,16,"Nil
","Issues with the bridles when shooting, therefore it was a short tow. Ran out of ground and didn't want to risk towing too far",03:20.3
4760,IGFS2022,MB10,101010101,86,82,37,1,Groundgear_A,Long,3.70E+01,V,12/11/2022 10:47,30,54.495,-9.463,54.473,-9.425,VIIbMedium,103.5,21,4.6,1.872041751,3.47317579,0.359473694,Y,19.11902472,335,NA,4.78,10.2,28,"Nil
","Haul moved from FG220. FG220 had big ""don't tow"" box around it on Sodena.",03:20.3
4761,IGFS2022,FG218,101010101,96,95,38,1,Groundgear_A,Long,3.70E+01,V,12/11/2022 13:16,22,54.486,-9.827,54.487,-9.87,VIIbMedium,109,21.21,4.6,1.503271271,2.789000504,0.304001055,Y,20.17793229,349,NA,7.8,4.52,24,"Nil
",Hauled early. Doors and headline sensor data started fluctuating wildly. No damage. Lots of stones and rocks in the net. 2.5t of HOM,03:20.3
4762,IGFS2022,20,101010101,45,43,39,1,Groundgear_A,Short,3.70E+01,V,12/11/2022 15:59,31,54.347,-9.681,54.341,-9.631,VIIbCoast,76.2,19.58,4.7,1.789251261,3.319575623,0.252951663,Y,21.70962978,233,NA,3.72,4.61,29,"Nil
","No change in sensor data but we picked up a string of pots during the tow. 4 pots landed on board, 1 on the port wing and 3 in the net.",03:20.3
4763,IGFS2022,23A,101010101,113,110,40,1,Groundgear_A,Long,37D9,V,13/11/2022 7:35,30,54.463,-10.19,54.435,-10.166,VIIbMedium,113.4,21.53,4,1.877857058,3.483964857,0.395081615,Y,21.03024784,415,NA,5.14,9.04,33,"Nil
",NA,03:20.3
4764,IGFS2022,22,101010101,116,122,41,1,Groundgear_A,Long,37D9,V,13/11/2022 9:42,30,54.303,-10.313,54.289,-10.363,VIIbMedium,112.2,23.1,4.2,1.945381214,3.609241585,0.404956906,Y,20.7973234,415,NA,11.43,4.39,33,"Nil
",NA,03:20.3
4765,IGFS2022,21,101010101,176,175,42,1,Groundgear_A,Long,37D9,V,13/11/2022 12:18,30,54.187,-10.673,54.157,-10.691,VIIbDeep,128.4,25.4,3.8,1.908116989,3.540105732,0.454549576,Y,23.97444311,554,NA,15.76,14.29,24,"Nil
",NA,03:20.3
4766,IGFS2022,FG88,101010101,313,331,43,1,Groundgear_A,Long,37D8,V,13/11/2022 14:57,31,54.296,-10.999,54.329,-11,VIIbSlope,133.6,25.9,4.2,1.980196293,3.673833567,0.490824165,Y,25.01052946,950,NA,10.36,16,23,"Nil
",NA,03:20.3
4767,IGFS2022,FG216,101010101,225,229,44,1,Groundgear_A,Long,37D8,V,14/11/2022 7:39,30,54.081,-11.026,54.067,-11.074,VIIbSlope,127.9,25.1,4.3,1.890404231,3.507243471,0.44857644,Y,23.87526352,691,NA,7.26,8.2,20,"Nil
",NA,03:20.3
4768,IGFS2022,GD12,101010101,268,265,45,1,Groundgear_A,Long,36D8,V,14/11/2022 9:39,30,54.005,-11.304,53.974,-11.326,VIIbSlope,132.4,25.8,3.8,2.015884114,3.740044739,0.495181923,Y,24.77067064,800,NA,9.03,6.58,23,"Nil
",NA,03:20.3
4769,IGFS2022,PO9,101010101,259,255,46,1,Groundgear_A,Long,36D8,V,14/11/2022 11:44,30,53.83,-11.421,53.805,-11.455,VIIbSlope,130.9,25.6,4.1,1.925148384,3.571703867,0.467536036,Y,24.47149665,770,NA,9.93,8.09,35,"Nil
","Swirched to PO9 as specified tow, MB1, had a red ""don't tow"" box around it.",03:20.3
4770,IGFS2022,FG225,101010101,180,180,47,1,Groundgear_A,Long,36D8,V,14/11/2022 14:49,30,53.663,-11.235,53.638,-11.27,VIIbDeep,126.2,24.9,4.1,1.950720991,3.619148406,0.456736529,Y,23.53861809,554,NA,12.39,9.01,44,"Nil
",Wind steady at 50 knots as trawl being hauled,03:20.3
4771,IGFS2022,62,101010101,33,36,48,1,Groundgear_A,Short,3.50E+01,V,15/11/2022 10:26,30,53.193,-9.396,53.195,-9.452,VIIbCoast,75.8,21.4,4.2,2.020939075,3.749423145,0.284206274,Y,21.58993189,193,NA,4.78,3.21,20,"Nil
",NA,03:20.3
4772,IGFS2022,58,101010101,88,85,49,1,Groundgear_A,Long,3.50E+01,V,15/11/2022 13:17,30,53.124,-9.938,53.103,-9.892,VIIbCoast,106.4,22.2,4.4,2.084021825,3.866459787,0.411391321,Y,31.09809469,336,NA,8.06,16.6,24,"Nil
",NA,03:20.3
4773,IGFS2022,56A,101010101,101,101,50,1,Groundgear_A,Long,35D9,V,15/11/2022 16:01,30,53.065,-10.183,53.097,-10.196,VIIbMedium,114.4,23.4,4.1,1.976088592,3.666212601,0.419414721,Y,21.22462985,378,NA,8.1,14.05,27,"Nil
",NA,03:20.3
4774,IGFS2022,PO16,101010101,293,297,51,1,Groundgear_A,Long,36D8,V,16/11/2022 7:42,30,53.629,-11.866,53.605,-11.903,VIIbSlope,134.6,26.1,4.4,1.953106133,3.623573531,0.487732997,Y,25.21077006,882,NA,12.07,9.8,18,"Nil
",NA,03:20.3
4775,IGFS2022,PO161,101010101,313,312,52,1,Groundgear_A,Long,35D7,V,16/11/2022 9:44,30,53.503,-12.099,53.472,-12.12,VIIbSlope,139.6,26.4,3.8,2.0056804,3.721113915,0.519467503,Y,26.21700617,923,NA,11.81,20.24,18,"Nil
",NA,03:20.3
4776,IGFS2022,PO174,101010101,318,320,53,1,Groundgear_A,Long,35D7,V,16/11/2022 11:46,30,53.318,-12.24,53.288,-12.262,VIIbSlope,137.5,26.4,3.6,1.965569556,3.646696764,0.501420805,Y,25.79334878,937,NA,9.13,20.17,11,"Nil
",NA,03:20.3
4777,IGFS2022,FG174,101010101,226,226,54,1,Groundgear_A,Long,35D8,V,16/11/2022 14:37,30,53.374,-11.865,53.344,-11.891,VIIbSlope,129.3,25.4,4,2.027103834,3.760860545,0.486279269,Y,24.15315922,691,NA,8.68,18.48,13,"Nil
",NA,03:20.3
4778,IGFS2022,FG172,101010101,232,231,55,1,Groundgear_A,Long,34D8,V,17/11/2022 7:29,31,52.516,-11.944,52.547,-11.957,VIIbSlope,128.6,25.4,3.9,1.9191748,3.56062115,0.45789588,Y,24.01413631,718,NA,6.79,13.35,18,"Nil
",NA,03:20.3
4779,IGFS2022,PO39,101010101,247,252,56,1,Groundgear_A,Long,34D7,V,17/11/2022 9:26,30,52.703,-12.054,52.734,-12.073,VIIbSlope,130,25.3,4,1.983993589,3.680878643,0.478514224,Y,24.29233357,745,NA,9.73,11.01,18,"Nil
",NA,03:20.3
4780,IGFS2022,FG121,101010101,180,181,57,1,Groundgear_A,Long,34D8,V,17/11/2022 11:21,30,52.791,-11.81,52.824,-11.833,VIIbDeep,125,24.8,4,2.148686576,3.986431495,0.498303937,Y,23.30150455,554,NA,7.23,13.52,22,"Nil
",NA,03:20.3
4781,IGFS2022,FG175,101010101,204,208,58,1,Groundgear_A,Long,35D8,V,17/11/2022 13:51,30,53.073,-11.95,53.106,-11.951,VIIbSlope,127.5,25.1,4,1.979808268,3.67311367,0.468321993,Y,23.79597455,622,NA,7.89,10.51,29,"Nil
",NA,03:20.3
4782,IGFS2022,FG224,101010101,157,157,59,1,Groundgear_A,Long,35D8,V,17/11/2022 15:58,30,53.115,-11.639,53.147,-11.641,VIIbDeep,125,24.6,3.9,1.920863821,3.563754771,0.445469346,Y,23.30150455,486,NA,8.75,15.61,31,"Nil
",NA,03:20.3
4783,IGFS2022,FG83,101010101,40,43,60,1,Groundgear_A,Short,36D9,V,18/11/2022 7:30,30,53.844,-9.982,53.839,-10.036,VIIbCoast,79.9,22,4.4,1.939230659,3.597830536,0.28746666,Y,22.8216612,220,NA,12.78,8.25,18,"Nil
","Changed from FG84, further east",03:20.3
4784,IGFS2022,FG80,101010101,84,93,61,1,Groundgear_A,Long,36D9,V,18/11/2022 9:40,30,53.716,-10.344,53.692,-10.384,VIIbMedium,111.7,23.2,4.2,2.024898388,3.756768809,0.419631076,Y,20.70037784,336,NA,8.23,12.41,11,"Nil
",NA,03:20.3
4785,IGFS2022,FG82,101010101,123,137,62,1,Groundgear_A,Long,36D9,V,18/11/2022 12:04,30,53.875,-10.555,53.901,-10.587,VIIbMedium,117.1,23.8,4,1.928502375,3.577926484,0.418975191,Y,21.75075152,427,NA,9.28,10.36,15,"Nil
",NA,03:20.3
4786,IGFS2022,MB28,101010101,132,132,63,1,Groundgear_A,Long,35D9,V,18/11/2022 15:57,31,53.435,-10.85,53.405,-10.876,VIIbDeep,119.7,24.1,4.1,2.0265071,3.759753432,0.450042486,Y,22.25921496,450,NA,9.35,18.41,15,"Nil
",NA,03:20.3
4787,IGFS2022,72,101010101,161,149,64,1,Groundgear_A,Long,33D8,V,19/11/2022 7:34,30,52.027,-11.124,51.996,-11.11,VIIjDeep,119.8,24.1,4.1,1.930013534,3.580730118,0.428971468,Y,22.27880787,485,NA,7.09,12.38,24,"Nil
",Moved from DS1 as a boat started fishing the tow,03:20.3
4788,IGFS2022,36,101010101,101,112,65,1,Groundgear_A,Long,32D9,V,19/11/2022 10:33,30,51.888,-10.708,51.88,-10.755,VIIjMedium,114,23.5,4.2,1.809092091,3.356386068,0.382628012,Y,21.14684645,378,NA,9.36,11.9,42,"Nil
",NA,03:20.3
4789,IGFS2022,42,101010101,154,151,66,1,Groundgear_A,Long,32D9,V,19/11/2022 13:53,30,51.658,-10.832,51.63,-10.804,VIIjDeep,123.8,24.5,4.1,1.97760074,3.66901807,0.454224437,Y,23.06481289,486,NA,15.04,18.04,16,"Nil
",NA,03:20.3
4790,IGFS2022,FG2,101010101,76,70,67,1,Groundgear_A,Long,32D9,V,19/11/2022 16:37,30,51.68,-10.25,51.691,-10.2,VIIjCoast,88.5,23.6,4.1,1.977111125,3.668109693,0.324627708,Y,25.44291703,311,NA,6.74,10.85,9,"Nil
",NA,03:20.3
4791,IGFS2022,FG56,101010101,59,58,68,1,Groundgear_A,Short,3.10E+01,V,20/11/2022 7:30,30,51.413,-9.414,51.424,-9.364,VIIjCoast,84.6,22.8,4,1.987420446,3.687236449,0.311940204,Y,24.24753409,273,NA,7.21,4.76,26,"Nil
",NA,03:20.3
4792,IGFS2022,FG199,101010101,112,110,69,1,Groundgear_A,Long,3.10E+01,V,20/11/2022 9:38,30,51.297,-9.219,51.265,-9.234,VIIjMedium,121.4,24.5,3.8,2.000103141,3.710766496,0.450487053,Y,22.59267027,415,NA,14.71,16.38,24,"Nil
",NA,03:20.3
4793,IGFS2022,FG180,101010101,107,107,70,1,Groundgear_A,Long,3.10E+02,V,20/11/2022 11:50,30,51.174,-8.913,51.185,-8.861,VIIgMedium,118.9,24.1,4,2.067919787,3.836585876,0.456170061,Y,22.10257004,390,NA,11.35,13.05,26,"Nil
",NA,03:20.3
4794,IGFS2022,FG198,101010101,92,93,71,1,Groundgear_A,Long,3.10E+02,V,20/11/2022 14:01,30,51.376,-8.832,51.39,-8.781,VIIgMedium,112.5,23.2,4.1,2.089783791,3.87714989,0.436179363,Y,20.85552063,349,NA,10.55,7.79,24,"Nil
",NA,03:20.3
4795,IGFS2022,FG183,101010101,90,89,72,1,Groundgear_A,Long,3.10E+02,V,20/11/2022 15:54,30,51.445,-8.552,51.46,-8.505,VIIgMedium,111.1,23.1,4.1,1.97740204,3.668649425,0.407586951,Y,20.58412491,336,NA,8.11,4.19,18,"Nil
",NA,03:20.3
4796,IGFS2022,FG176,101010101,78,78,73,1,Groundgear_A,Long,3.10E+03,V,21/11/2022 10:01,30,51.491,-7.496,51.483,-7.545,VIIgMedium,106.8,20.5,3.8,1.896206514,3.518008375,0.375723294,Y,19.7535288,311,NA,13.05,7.1,28,"Nil
",NA,03:20.3
4797,IGFS2022,FG201,101010101,75,76,74,1,Groundgear_A,Long,3.20E+03,V,21/11/2022 7:29,21,51.501,-7.173,51.5,-7.208,VIIgMedium,107,20.74,4.2,1.311352896,2.432936728,0.26032423,Y,19.79206392,311,NA,9.17,9.51,33,"4m tear in the port wing. Tow classed as valid. 4 rocks in the cod end. 1 hour mending.
","Hauled after 20 minutes, wing and headline data very flaky",03:20.3
4798,IGFS2022,FG37A,101010101,84,88,75,1,Groundgear_A,Long,3.10E+03,V,21/11/2022 12:14,30,51.363,-7.749,51.356,-7.779,VIIgMedium,109.5,22.1,4.1,1.201981724,2.230021752,0.244187382,Y,20.27454801,336,NA,16.54,10.23,26,"Nil
",Wing sensor data very poor again. ,03:20.3
4799,IGFS2022,FG17A,101010101,84,85,76,1,Groundgear_A,Long,3.10E+02,V,21/11/2022 15:22,30,51.488,-8.132,51.508,-8.088,VIIgMedium,109.3,22.7,4.1,2.03735581,3.779880909,0.413140983,Y,20.23589452,324,NA,9.27,12.26,26,"Nil
",NA,03:20.3
4800,IGFS2022,CN204,101010101,79,77,77,1,Groundgear_A,Long,3.20E+03,V,25/11/2022 7:33,30,51.62,-7.442,51.639,-7.399,VIIgCoast,105.8131166,20.84,3.9,1.968206841,3.651589687,0.386386085,N,999,311,NA,8.31,7.85,22,"Nil
","Wing, door and trawleye sensors not coming in. ",03:20.3
4801,IGFS2022,FG208,101010101,75,73,78,1,Groundgear_A,Short,3.20E+03,V,25/11/2022 10:01,31,51.597,-7.035,51.621,-6.997,VIIgCoast,86.8,23.1,NA,2.021064029,3.74965497,0.325470051,Y,24.92043072,311,NA,8.05,10.68,23,"Nil
",Door and wing sensor data intermittent. ,03:20.3
4802,IGFS2022,110,101010101,73,75,79,1,Groundgear_A,Short,3.20E+04,V,25/11/2022 12:53,31,51.61,-6.518,51.578,-6.498,VIIgCoast,84.8,22.8,NA,2.05928019,3.82055694,0.323983228,Y,24.30855796,298,NA,5.98,15.69,16,"Nil
",NA,03:20.3
4803,IGFS2022,FG139,101010101,113,113,80,1,Groundgear_A,Long,3.20E+04,V,25/11/2022 15:08,31,51.59,-6.206,51.62,-6.187,VIIgMedium,115.8,23.2,NA,1.933922417,3.58798222,0.415488341,Y,21.49719622,402,NA,7.13,13.3,19,"Nil
",NA,03:20.3
4804,IGFS2022,MB32,101010101,76,75,81,1,Groundgear_A,Short,3.10E+05,V,26/11/2022 7:33,30,51.483,-5.539,51.466,-5.5,VIIgCoast,85.2,20.62,4.3,1.781125922,3.304500783,0.281543467,Y,24.43069393,286,NA,7.15,18.02,29,"Nil
",NA,03:20.3
4805,IGFS2022,CN203,101010101,68,68,82,1,Groundgear_A,Short,3.10E+05,V,26/11/2022 9:56,31,51.458,-5.266,51.426,-5.265,VIIgCoast,80.95531952,22.8,4.3,1.919321981,3.560894213,0.288273329,N,999,286,NA,7.67,13.08,29,"Nil
",Door and wing sensors switched to check functionality. ,03:20.3
4806,IGFS2022,FG165,101010101,85,89,83,1,Groundgear_A,Long,3.10E+05,V,26/11/2022 14:01,31,51.331,-5.811,51.296,-5.815,VIIgMedium,112.4,23.4,4.4,2.104188399,3.90387458,0.438795503,Y,20.83611905,324,NA,14.03,17.64,31,"Nil
",NA,03:20.3
4807,IGFS2022,113,101010101,89,89,84,1,Groundgear_A,Long,3.10E+05,V,27/11/2022 7:29,30,51.052,-5.78,51.084,-5.801,VIIgMedium,108.4,22.8,4.5,2.076393883,3.85230776,0.417590161,Y,20.06207237,336,NA,7.3,14.52,17,"Nil
",NA,03:20.3
4808,IGFS2022,FG49,101010101,94,95,85,1,Groundgear_A,Long,3.10E+05,V,27/11/2022 9:33,31,51.24,-5.922,51.213,-5.955,VIIgMedium,114.1,23.2,4.3,2.040882555,3.786424036,0.432030983,Y,21.16628846,350,NA,14.64,15.83,14,"Nil
",NA,03:20.3
4809,IGFS2022,CN304,101010101,105,100,86,1,Groundgear_A,Long,3.10E+04,V,27/11/2022 11:21,30,51.176,-6.135,51.143,-6.149,VIIgMedium,112.5,26.9,4.3,2.048030657,3.799685819,0.427464655,Y,20.85552063,378,NA,11.31,20.02,19,"Nil
",Door and wing distances fluctuating. ,03:20.3
4810,IGFS2022,FG39,101010101,106,106,87,1,Groundgear_A,Long,3.10E+04,V,27/11/2022 14:27,31,51.215,-6.602,51.189,-6.636,VIIgMedium,120.5,24.6,4.3,2.017753036,3.743512126,0.451093211,Y,22.41603536,378,NA,10.37,9.63,23,"Nil
",NA,03:20.3
4811,IGFS2022,FG40,101010101,87,85,88,1,Groundgear_A,Long,3.10E+04,V,27/11/2022 16:33,26,51.365,-6.661,51.365,-6.702,VIIgMedium,108.1,22.9,4.4,1.53909544,2.855464638,0.308675727,Y,20.00417452,324,NA,13.54,9.54,23,"Nil
",Doors came in after 15 minutes and recovered after 5 minutes. Hauled after 25 minutes due to sunset. ,03:20.3
4812,IGFS2022,FG25,101010101,82,79,89,1,Groundgear_A,Long,3.30E+04,V,28/11/2022 7:37,32,52.017,-6.21,52.006,-6.257,VIIgCoast,88.2,22.1,NA,1.860278018,3.451350683,0.30440913,Y,25.35055022,311,NA,12.05,5.6,17,"Nil
",Sensor data intermittent. ,03:20.3
4813,IGFS2022,33A,101010101,53,59,90,1,Groundgear_A,Short,3.30E+04,V,28/11/2022 11:00,30,52.006,-6.755,51.974,-6.738,VIIgCoast,79.1,21.9,3.6,2.019721283,3.74716379,0.296400656,Y,22.58046815,246,NA,7.41,8.55,17,"Nil
",NA,03:20.3
4814,IGFS2022,CN207,101010101,71,71,91,1,Groundgear_A,Short,3.20E+04,V,28/11/2022 12:55,31,51.799,-6.676,51.775,-6.713,VIIgMedium,82.6,22.3,3.6,1.991316769,3.694465249,0.30516283,Y,15.15269858,286,NA,11.12,3.98,17,"Nil
",NA,03:20.3
4815,IGFS2022,FG46,101010101,72,73,92,1,Groundgear_A,Short,3.20E+03,I,28/11/2022 15:25,31,51.845,-7.059,51.814,-7.078,VIIgCoast,84.6,22.9,3.6,1.988651394,3.689520211,0.31213341,Y,24.24753409,298,NA,6.05,5.24,10,"Belly torn, bag had to  be replaced.",Bag damaged after stone went into trawl (3 hours to fix).,03:20.3
4816,IGFS2022,FG12,101010101,125,122,93,1,Groundgear_A,Long,3.00E+02,V,29/11/2022 7:34,31,50.592,-8.593,50.561,-8.613,VIIgMedium,118.2,23.7,3.7,2.009450865,3.728109212,0.440662509,Y,21.96564831,427,NA,6.55,13.05,10,"Nil
",NA,03:20.3
4817,IGFS2022,FG132,101010101,129,130,94,1,Groundgear_A,Long,3.00E+01,V,29/11/2022 10:31,31,50.526,-9.095,50.518,-9.149,VIIjDeep,117.9,23.9,3.7,2.119095324,3.931531213,0.46352753,Y,21.90700799,427,NA,7.95,4.42,14,"Nil
",NA,03:20.3
4818,IGFS2022,FG162,101010101,131,127,95,1,Groundgear_A,Long,2.90E+01,V,29/11/2022 12:37,30,50.359,-9.367,50.336,-9.403,VIIjDeep,121.2,25.6,3.8,1.951700677,3.620966005,0.43886108,Y,22.55339855,450,NA,18.92,12.22,19,"Nil
",NA,03:20.3
4819,IGFS2022,FG55,101010101,127,128,96,1,Groundgear_A,Long,3.00E+01,V,29/11/2022 15:06,30,50.584,-9.498,50.605,-9.457,VIIjMedium,120.1,24.5,3.6,2.008469844,3.726289135,0.447527325,Y,22.33760311,427,NA,4.04,10.09,17,"Nil
",No signal from trawl eye sensor.,03:20.3
4820,IGFS2022,FG212,101010101,157,156,97,1,Groundgear_A,Long,29D9,V,30/11/2022 7:38,31,50.134,-10.603,50.167,-10.59,VIIjDeep,118.5,23.5,4.1,2.040881599,3.786422262,0.448691038,Y,22.02431284,486,NA,5.48,15.37,12,"Nil
",NA,03:20.3
4821,IGFS2022,FG30,101010101,161,166,98,1,Groundgear_A,Long,29D9,V,30/11/2022 9:41,31,50.35,-10.555,50.379,-10.584,VIIjDeep,129.8,24.9,3.8,2.064008685,3.829329657,0.497046989,Y,24.25255394,499,NA,5.4,13.53,12,"Nil
",NA,03:20.3
4822,IGFS2022,FG61,101010101,242,248,99,1,Groundgear_A,Long,29D9,V,30/11/2022 11:46,31,50.375,-10.868,50.345,-10.892,VIIjDeep,128,24.9,4.7,2.020548076,3.748697729,0.479833309,Y,23.89509335,718,NA,7.45,10.5,16,"Nil
",NA,03:20.3
4823,IGFS2022,FG60,101010101,485,489,100,1,Groundgear_A,Long,29D8,V,30/11/2022 14:28,36,50.148,-11.138,50.116,-11.147,VIIjSlope,143.3,26.8,NA,1.949622981,3.617111283,0.518332047,Y,26.96724243,1440,NA,6.93,10.19,14,"Nil
",NA,03:20.3
4824,IGFS2022,CC502,101010101,172,164,101,1,Groundgear_A,Long,29D9,V,30/11/2022 16:37,31,50.079,-10.913,50.059,-10.87,VIIjDeep,121.2,23.9,4.1,2.047211117,3.798165338,0.460337639,Y,22.55339855,540,NA,5.47,18.35,14,"Nil
",NA,03:20.3
4825,IGFS2022,FG6,101010101,174,177,102,1,Groundgear_A,Long,30D9,V,01/12/2022 7:37,31,50.844,-10.84,50.845,-10.891,VIIjDeep,121.9,23.6,3.8,1.937035112,3.593757165,0.438078998,Y,22.69089865,540,NA,8.79,6.26,19,"Nil
",NA,03:20.3
4826,IGFS2022,FG196,101010101,247,231,103,1,Groundgear_A,Long,30D8,V,01/12/2022 9:51,31,50.949,-11.191,50.972,-11.233,VIIjSlope,127.7,24.6,3.8,2.105149391,3.905657497,0.498752462,Y,23.83561297,733,NA,7.19,8.6,23,"Nil
",NA,03:20.3
4827,IGFS2022,FG209,101010101,194,188,104,1,Groundgear_A,Long,31D8,V,01/12/2022 12:20,31,51.222,-11.127,51.245,-11.087,VIIjDeep,128,24.6,3.8,2.042005435,3.788507301,0.484928935,Y,23.89509335,595,NA,7.27,9.84,19,"Nil
",NA,03:20.3
4828,IGFS2022,FG203,101010101,168,167,105,1,Groundgear_A,Long,31D9,V,01/12/2022 14:50,31,51.23,-10.741,51.26,-10.722,VIIjDeep,119.9,23.6,4.2,1.93587947,3.591613117,0.430634413,Y,22.29840354,527,NA,6.83,8.43,16,"Nil
",NA,03:20.3
4829,IGFS2022,FG4,101010101,165,165,106,1,Groundgear_A,Long,31D9,V,01/12/2022 16:50,30,51.457,-10.794,51.484,-10.825,VIIjDeep,119.1,23.7,4.2,1.992376558,3.696431463,0.440244987,Y,22.14171491,513,NA,5.93,11.52,17,"Nil
",NA,03:20.3
4830,IGFS2022,FG1,101010101,162,164,107,1,Groundgear_A,Long,33D8,V,02/12/2022 7:50,31,52.214,-11.368,52.184,-11.35,VIIjDeep,121.8,23.9,NA,1.917643424,3.557780007,0.433337605,Y,22.67124735,486,NA,8.53,12.79,19,"Nil
",NA,03:20.3
4831,IGFS2022,FG70,101010101,267,273,108,1,Groundgear_A,Long,33D8,V,02/12/2022 10:13,30,52.12,-11.592,52.147,-11.622,VIIjSlope,132.9,25.5,3.6,1.961656618,3.63943714,0.483681196,Y,24.87055522,786,NA,9.2,14.46,19,"Nil
",Doors came in a bit at ~10:18.,03:20.3
4832,IGFS2022,FG74,101010101,503,545,109,1,Groundgear_A,Long,33D8,V,02/12/2022 12:43,28,52.012,-11.803,51.984,-11.803,VIIjSlope,145.7,26.9,3.4,1.679246356,3.11548489,0.453926148,Y,27.45655837,1415,NA,7.57,14.89,21,"Nil
",Hauled after 26 minutes as water depth was increasing. ,03:20.3
4833,IGFS2022,FG71,101010101,252,254,110,1,Groundgear_A,Long,32D8,V,02/12/2022 15:03,31,51.916,-11.522,51.884,-11.53,VIIjSlope,134.2,25.6,3.3,1.94192165,3.602823098,0.48349886,Y,25.13063444,759,NA,9.24,11.44,17,"Nil
",NA,03:20.3
4834,IGFS2022,FG206,101010101,101,96,111,1,Groundgear_A,Long,3.40E+01,V,02/12/2022 14:39,31,52.924,-9.921,52.905,-9.875,VIIbMedium,114.2,23.1,4.1,2.020070713,3.747812084,0.42800014,Y,21.18573303,366,NA,4.73,6.99,10,"Nil
",NA,03:20.3
4835,IGFS2022,60,101010101,77,79,112,1,Groundgear_A,Short,3.40E+01,V,02/12/2022 16:12,30,52.924,-9.719,52.954,-9.703,VIIbCoast,85.6,22.8,4,1.890583554,3.507576167,0.30024852,Y,24.55294828,311,NA,3.78,13.61,8,"Nil
",NA,03:20.3
4836,IGFS2022,58,201040101,93,91,113,1,NA,Short,3.50E+01,A,04/12/2022 17:20,35,53.124,-9.94,53.104,-9.897,VIIbCoast,84.18642677,21.02,NA,1.961572081,3.639280299,0.306378004,N,999,285,NA,NA,NA,NA,"Nil
",NA,03:20.3
4837,IGFS2022,FG175,201040101,206,206,114,1,NA,Long,35D8,A,05/12/2022 9:11,35,53.056,-11.95,53.089,-11.951,VIIbDeep,100.4,27.6,5.1,1.97980284,3.673103599,0.368779601,Y,18.52518784,610,NA,5.12,2.56,NA,"Nil
",9 m/s wind speed,03:20.3
4838,IGFS2022,FG224,201040101,160,163,115,1,NA,Long,35D8,A,05/12/2022 12:01,35,53.114,-11.642,53.148,-11.641,VIIbDeep,99.2,27.4,5.9,2.039796482,3.784409058,0.375413379,Y,18.29587193,510,NA,6.7,2.84,NA,"Nil
",10m/s wind,03:20.3
4839,IGFS2022,89,201040101,148,147,116,1,NA,Long,35D8,A,05/12/2022 14:39,35,53.194,-11.29,53.214,-11.243,VIIbDeep,97.1,26.9,5.3,2.074785314,3.849323402,0.373769302,Y,17.89529542,465,NA,3.79,2.64,10,"Nil
",wind 10m/s,03:20.3
4840,IGFS2022,FG120,201040101,137,138,117,1,NA,Long,35D8,A,05/12/2022 16:59,35,53.039,-11.231,53.007,-11.235,VIIbDeep,98.4,26.5,5.3,1.924917311,3.571275159,0.351413476,Y,18.14316333,465,NA,1.72,1.91,NA,"Nil
",wind 10 m/s,03:20.3
4841,IGFS2022,MB17,101010101,94,85,118,1,Groundgear_A,Long,34D9,V,06/12/2022 9:10,30,52.577,-10.114,52.587,-10.063,VIIbMedium,106.3,20.9,4,1.957465285,3.631661011,0.386045566,Y,19.65723164,336,NA,1.31,1.6,NA,"Nil
",wind 12m/s,03:20.3
4842,IGFS2022,66,101010101,53,58,119,1,Groundgear_A,Short,3.40E+01,V,06/12/2022 12:06,30,52.76,-9.628,52.793,-9.614,VIIbCoast,79.5,21.2,4.5,2.04382885,3.79189026,0.301455276,Y,22.70101158,246,NA,0.56,1.56,17,"Nil
",NA,03:20.3
4843,IGFS2022,FG207,101010101,55,54,120,1,Groundgear_A,Short,3.40E+01,V,06/12/2022 14:02,30,52.954,-9.51,52.982,-9.482,VIIbCoast,81,21.3,4.8,1.961877189,3.639846362,0.294827555,Y,23.15400187,233,NA,0.69,1.95,15.5,"Nil
",NA,03:20.3
4844,IGFS2022,51,101010101,132,134,121,1,Groundgear_A,Long,35D9,V,07/12/2022 8:04,20,53.065,-10.88,53.049,-10.905,VIIbMedium,113.1,22.5,3.7,1.318098989,2.44545267,0.276580697,Y,20.97198276,438,NA,0.61,0.97,2,"big catch grey gurnards
",NA,03:20.3
4845,IGFS2022,FG120,101010101,136,136,122,1,Groundgear_A,Long,35D8,V,07/12/2022 10:08,30,52.988,-11.238,53.02,-11.234,VIIbDeep,119,23.2,4.3,1.924915936,3.571272609,0.42498144,Y,22.12214112,450,NA,2.06,0.9,13,"tensions 4.7-4.8
",NA,03:20.3
4846,IGFS2022,89,101010101,145,147,123,1,Groundgear_A,Long,35D8,V,07/12/2022 12:30,23,53.217,-11.234,53.202,-11.267,VIIbDeep,120.2,23.6,4.3,1.490589456,2.765472089,0.332409745,Y,22.35720703,474,NA,3.78,3.16,10,"Nil
",NA,03:20.3
4847,IGFS2022,FG214,101010101,140,140,124,1,Groundgear_A,Long,34D8,V,07/12/2022 15:08,20,52.925,-11.524,52.906,-11.506,VIIbDeep,122.8,24.1,4.1,1.313306403,2.436561044,0.299209696,Y,22.8678876,462,NA,3.8,2.62,10,lot of stones,"hauled back early -marks of fish

LOT of STONES
DO NOT FISH THIS TOW AGAIN -lucky this time",03:20.3
4848,IGFS2022,DS1,101010101,143,140,125,1,Groundgear_A,Long,32D9,V,08/12/2022 7:59,30,51.995,-10.991,51.965,-10.971,VIIjDeep,116.7,23.1,4.3,1.94568216,3.609799926,0.421263651,Y,21.67268708,474,NA,0.56,0.74,8,"Nil
",tension 4.2-4.7,03:20.3
4849,IGFS2022,FG67,101010101,155,158,126,1,Groundgear_A,Long,32D8,V,08/12/2022 9:45,30,51.826,-11.003,51.797,-10.982,VIIjDeep,117.9,23.2,4.1,1.906323799,3.536778848,0.416986226,Y,21.90700799,499,NA,2.28,1.84,10,"Nil
",NA,03:20.3
4850,IGFS2022,FG73,101010101,219,221,127,1,Groundgear_A,Long,32D8,V,08/12/2022 12:23,30,51.766,-11.401,51.732,-11.4,VIIjSlope,128.8,24.4,4.4,2.039337842,3.783558149,0.48732229,Y,24.05384176,663,NA,0.97,1.36,11,trawl eye put forward to be beside 2 in 1. about 0.8 m in difference ,NA,03:20.3
4851,IGFS2022,FG126,101010101,300,316,128,1,Groundgear_A,Long,31D8,V,08/12/2022 15:15,30,51.399,-11.459,51.367,-11.466,VIIjSlope,133.4,25.3,4.2,1.936830673,3.593377872,0.479356608,Y,24.97052058,882,NA,1.52,1.67,19,"Nil
",NA,03:20.3
4852,IGFS2022,FG223,101010101,40,41,129,1,Groundgear_A,Short,3.20E+01,V,09/12/2022 8:18,30,51.673,-9.612,51.657,-9.658,VIIjCoast,79.4,21.7,4.3,1.965592426,3.646739195,0.289551092,Y,22.6708658,206,NA,0.56,0.33,2,"Nil
",NA,03:20.3
4853,IGFS2022,FG33,101010101,70,71,130,1,Groundgear_A,Short,32D9,V,09/12/2022 10:34,30,51.513,-10.034,51.493,-10.076,VIIjCoast,83.3,22.3,4.4,1.977196634,3.668268338,0.305566753,Y,23.85158722,286,NA,0.43,0.69,6,"Nil
",NA,03:20.3
4854,IGFS2022,FG128,101010101,137,134,131,1,Groundgear_A,Long,31D9,V,09/12/2022 13:00,30,51.323,-10.379,51.306,-10.335,VIIjDeep,123.3,23.8,4.2,1.942518644,3.603930693,0.444364654,Y,22.96631439,527,NA,1.41,1.52,4,"Nil
",NA,03:20.3
4855,IGFS2022,76,101010101,140,148,132,1,Groundgear_A,Long,31D9,V,09/12/2022 15:27,30,51.049,-10.348,51.026,-10.384,VIIjDeep,119.1,23.2,4.2,1.937636118,3.594872203,0.428149279,Y,22.14171491,474,NA,1.35,3.35,1,"Nil
",NA,03:20.3
4856,IGFS2022,FG188,101010101,159,162,133,1,Groundgear_A,Long,30D9,V,10/12/2022 7:59,30,50.751,-10.505,50.724,-10.532,VIIjDeep,114.4,22.2,4.3,1.91737838,3.557288274,0.406953779,Y,21.22462985,499,NA,0.67,1.05,1,"Nil
",NA,03:20.3
4857,IGFS2022,FG160,101010101,161,159,134,1,Groundgear_A,Long,30D9,V,10/12/2022 10:00,30,50.543,-10.455,50.544,-10.403,VIIjDeep,121.1,23.3,3.9,1.987648432,3.687659429,0.446575557,Y,22.53376688,513,NA,1.32,1.4,8,"Nil
",NA,03:20.3
4858,IGFS2022,DS2,101010101,144,144,135,1,Groundgear_A,Long,29D9,V,10/12/2022 12:33,20,50.463,-10.019,50.444,-10.034,VIIjDeep,116.4,22.8,4.3,1.275711018,2.366810794,0.275496776,Y,21.61416649,474,NA,1.64,2.05,10,"Nil
",NA,03:20.3
4859,IGFS2022,FG161,101010101,128,126,136,1,Groundgear_A,Long,2.90E+01,V,10/12/2022 14:30,30,50.347,-9.758,50.36,-9.71,VIIjMedium,117.4,25.1,4.4,1.999451992,3.709558426,0.435502159,Y,21.8093277,450,NA,0.95,1.22,10,"Nil
",NA,03:20.3
4860,IGFS2022,MB29,101010101,115,119,137,1,Groundgear_A,Long,3.00E+01,V,10/12/2022 16:18,20,50.504,-9.674,50.518,-9.647,VIIjMedium,107.9,22.8,4.5,1.330497751,2.468455939,0.266346396,Y,19.96558778,402,NA,1.14,1.82,14,"Nil
",NA,03:20.3
4861,IGFS2022,CC436,101010101,115,121,138,1,Groundgear_A,Long,3.00E+01,V,11/12/2022 7:57,30,50.746,-9.944,50.752,-9.893,VIIjMedium,115.8,22.8,4.3,1.973131456,3.660726264,0.423912101,Y,21.49719622,427,NA,1.01,4.2,12,"Nil
",NA,03:20.3
4862,IGFS2022,FG57,101010101,124,123,139,1,Groundgear_A,Long,3.00E+01,V,11/12/2022 9:36,30,50.835,-9.814,50.831,-9.764,VIIjMedium,116.2,22.8,4.2,1.913699895,3.550463628,0.412563874,Y,21.57516591,427,NA,1.79,3.09,14,"Nil
",NA,03:20.3
4863,IGFS2022,85,101010101,125,125,140,1,Groundgear_A,Long,3.00E+01,V,11/12/2022 12:21,30,50.75,-9.272,50.756,-9.221,VIIjMedium,116.5,22.9,4.2,1.972968948,3.660424765,0.426439485,Y,21.63367072,427,NA,0.91,0.71,9,"Nil
",NA,03:20.3
4864,IGFS2022,CC321,101010101,116,120,141,1,Groundgear_A,Long,3.00E+01,V,11/12/2022 14:22,20,50.9,-9.105,50.883,-9.086,VIIjMedium,98.5,23.8,4.1,1.248316077,2.3159853,0.228124552,Y,18.16224459,415,NA,1.23,1.04,8,"Nil
",NA,03:20.3
4865,IGFS2022,FG11,101010101,117,115,142,1,Groundgear_A,Long,3.00E+02,V,11/12/2022 16:00,28,50.85,-8.896,50.88,-8.889,VIIgMedium,118,24.9,4.1,1.818348583,3.373559523,0.398080024,Y,21.92655208,415,NA,0.79,1.16,6,"hauled after 28 mins, lost wings and doors
",NA,03:20.3
4866,IGFS2022,FG34,101010101,116,127,143,1,Groundgear_A,Long,3.10E+01,V,12/12/2022 7:57,30,51.116,-9.236,51.117,-9.287,VIIjMedium,114.9,22.8,4.3,1.925761404,3.572841194,0.410519453,Y,21.32191681,415,NA,1.12,1.31,10,"Nil
",NA,03:20.3
4867,IGFS2022,FG200,101010101,125,129,144,1,Groundgear_A,Long,3.10E+01,V,12/12/2022 10:24,30,51.078,-9.731,51.061,-9.774,VIIjMedium,116.2,23.2,4.3,1.917880426,3.558219714,0.413465131,Y,21.57516591,427,NA,1.66,1.43,10,"Nil
",NA,03:20.3
4868,IGFS2022,FG10,101010101,112,104,145,1,Groundgear_A,Long,3.10E+01,V,12/12/2022 12:26,30,51.234,-9.826,51.259,-9.792,VIIjMedium,116.2,23.2,4.3,1.970993537,3.656759808,0.42491549,Y,21.57516591,402,NA,0.67,1.54,10,"Nil
",NA,03:20.3
4869,IGFS2022,FG9,101010101,54,47,146,1,Groundgear_A,Short,3.10E+01,V,12/12/2022 14:34,30,51.446,-9.692,51.457,-9.642,VIIjCoast,84.4,22.4,4.2,1.98614799,3.684875677,0.311003507,Y,24.18653948,259,NA,1.08,1.22,16,"Nil
",NA,03:20.3
4870,IGFS2022,VMS1,101010101,117,115,147,1,Groundgear_A,Long,3.00E+02,V,13/12/2022 8:04,30,50.884,-8.492,50.903,-8.452,VIIgMedium,122.4,23.9,4.3,1.89710328,3.519672134,0.430807869,Y,22.7891975,415,NA,4.67,4.2,19,"Nil
",NA,03:20.3
4871,IGFS2022,FG13,101010101,114,114,148,1,Groundgear_A,Long,3.00E+02,V,13/12/2022 11:11,30,50.738,-8.247,50.755,-8.205,VIIgMedium,121,23.6,3.7,1.895235382,3.516206646,0.425461004,Y,22.51413801,415,NA,4.4,6,33,"Nil
",NA,03:20.3
4872,IGFS2022,FG53,101010101,110,112,149,1,Groundgear_A,Long,3.00E+03,V,13/12/2022 14:34,30,50.704,-7.882,50.724,-7.839,VIIgMedium,120,23.6,4.2,2.02920929,3.764766771,0.451772013,Y,22.31800195,390,NA,7.5,3.5,30,"Nil
",NA,03:20.3
4873,IGFS2022,FG35,101010101,102,105,150,1,Groundgear_A,Long,3.00E+03,V,13/12/2022 16:32,20,50.879,-7.791,50.895,-7.768,VIIgMedium,135.6,24.2,4.3,1.296696449,2.405744803,0.326218995,Y,25.41134067,390,NA,5,5.2,33,"Nil
","20 mins tow as getting dark. Sensors were erratic, weather bad",03:20.3
4874,IGFS2022,FG23,101010101,101,98,151,1,Groundgear_A,Long,3.10E+03,V,14/12/2022 7:58,30,51.182,-7.407,51.159,-7.445,VIIgMedium,117.9,23.9,3.9,1.988528463,3.68929214,0.434967543,Y,21.90700799,378,NA,2.6,3.49,19,"Nil
",NA,03:20.3
4875,IGFS2022,FG36A,101010101,125,125,152,1,Groundgear_A,Long,3.10E+03,V,14/12/2022 9:44,27,51.046,-7.601,51.025,-7.632,VIIgMedium,117.9,23.9,4,1.720268844,3.191593402,0.376288862,Y,21.90700799,415,NA,2.04,2.7,29,"Nil
","at 25 mins wings spread, fine until then",03:20.3
4876,IGFS2022,FG140,101010101,101,104,153,1,Groundgear_A,Long,3.10E+02,V,14/12/2022 12:10,30,51.033,-8.074,51.02,-8.123,VIIgMedium,118.4,24.1,4.2,2.010228426,3.729551811,0.441578934,Y,22.0047553,378,NA,7.4,4.12,30,"Nil
",NA,03:20.3
4877,IGFS2022,FG181,101010101,103,110,154,1,Groundgear_A,Long,3.10E+02,V,14/12/2022 14:54,30,51.091,-8.61,51.074,-8.652,VIIgMedium,115.9,23.8,4.3,1.885613027,3.49835441,0.405459276,Y,21.51668472,390,NA,5.07,5.2,28,"Nil
",NA,03:20.3
4878,IGFS2022,FG168,101010101,90,91,155,1,Groundgear_A,Long,3.10E+03,V,15/12/2022 8:02,30,51.298,-7.178,51.292,-7.229,VIIgMedium,112.6,22.9,4.1,1.950867036,3.619419362,0.40754662,Y,20.87492471,336,NA,1.61,2.92,25,"Nil
",NA,03:20.3
4879,IGFS2022,FG197,101010101,97,95,156,1,Groundgear_A,Long,3.10E+03,V,15/12/2022 10:28,30,51.247,-7.613,51.243,-7.664,VIIgMedium,113.4,23.1,4.2,1.934412402,3.588891285,0.406980272,Y,21.03024784,349,NA,4.71,2.29,30,"Nil
",NA,03:20.3
4880,IGFS2022,FG52,101010101,97,99,157,1,Groundgear_A,Long,3.10E+02,V,15/12/2022 13:02,30,51.247,-8.058,51.227,-8.1,VIIgMedium,115.2,24,4.1,1.984433154,3.681694163,0.424131168,Y,21.38031994,366,NA,1.84,0.93,22,"Nil
",NA,03:20.3
4881,IGFS2022,CC310,101010101,105,105,158,1,Groundgear_A,Long,3.10E+02,V,15/12/2022 15:27,30,51.205,-8.535,51.184,-8.575,VIIgMedium,115.6,23.4,4.3,1.96396703,3.643723618,0.42121445,Y,21.45822706,378,NA,1.46,1.52,24,"Nil
",NA,03:20.3
4882,IGFS2022,FG182,101010101,72,63,159,1,Groundgear_A,Short,3.10E+02,V,16/12/2022 7:57,30,51.492,-8.9,51.518,-8.869,VIIgCoast,91,23.7,4.2,1.943441685,3.6056432,0.328113531,Y,26.21543642,298,NA,0.7,0.5,0,"Nil
",NA,03:20.3
4883,IGFS2022,53A,101010101,75,62,160,1,Groundgear_A,Short,3.20E+02,V,16/12/2022 11:17,29,51.61,-8.253,51.641,-8.256,VIIgCoast,89.2,23.2,4.2,1.862416484,3.455318152,0.308214379,Y,25.65871602,311,NA,0.49,0.67,9,"Small tear in Port wing, small stone caught in net","Symmetry Sensor put on. 
Hauled early as got call from Boy Conor saying pots 0.25nm ahead of tow path.",03:20.3
4884,IGFS2022,CN205,101010101,77,63,161,1,Groundgear_A,Short,3.20E+02,V,16/12/2022 13:12,30,51.681,-8.033,51.705,-7.998,VIIgCoast,86.9,22.9,4.3,1.942453637,3.603810086,0.313171097,Y,24.95110349,311,NA,0.64,0.44,10,"Nil
",NA,03:20.3
4885,IGFS2023,15,101020101,58,62,1,1,Groundgear_D,Short,3.80E+02,V,01/11/2023 9:58,20,54.519,-8.535,54.518,-8.572,VIaCoast,74,20.1,4,1.292865356,2.398637024,0.17749914,Y,21.05250394,246,NA,NA,NA,15.5,Nil,"test tow, all working well except BridgeQC",03:20.3
4886,IGFS2023,MB45,101020101,76,79,2,1,Groundgear_D,Short,3.80E+02,V,01/11/2023 11:11,16,54.569,-8.712,54.574,-8.74,VIaCoast,81,21,4.1,1.021126584,1.894483458,0.15345316,Y,23.15400187,298,NA,NA,NA,21.4,"Nil
","Alot of marks, hauled early.",03:20.3
4887,IGFS2023,18,101020101,91,93,3,1,Groundgear_D,Long,3.80E+01,I,01/11/2023 14:14,31,54.596,-9.237,54.596,-9.289,VIaMedium,105.2,23.9,4.2,1.81160419,3.361046734,0.353582116,Y,19.44558074,324,NA,NA,NA,17,"Belly sheet badly torn from selvedge to selvedge, looks like one or more large rocks. Weather poor so trawl retired.",Alot of damage done,03:20.3
4888,IGFS2023,SC552,101020101,96,101,4,1,Groundgear_D,Long,3.80E+01,V,02/11/2023 7:22,20,54.568,-9.543,54.555,-9.572,VIaMedium,104.9,21.6,3.6,1.277046557,2.369288603,0.248538374,Y,19.38790578,336,NA,10.6,10.16,17.5,"Nil
",NA,03:20.3
4889,IGFS2023,FG150,101020101,122,123,5,1,Groundgear_D,Long,38D9,V,02/11/2023 11:20,31,54.592,-10.259,54.563,-10.286,VIaMedium,109,22.6,3.8,1.978161796,3.67005899,0.40003643,Y,20.17793229,415,NA,12.46,23.26,15.5,"Nil
",NA,03:20.3
4890,IGFS2023,FG149,101020101,233,229,6,1,Groundgear_D,Long,38D9,V,02/11/2023 14:08,31,54.58,-10.609,54.608,-10.58,VIaSlope,125,22.4,3.7,1.960403054,3.637111417,0.454638927,Y,23.30150455,704,NA,8.16,20.5,29.2,"Nil
",NA,03:20.3
4891,IGFS2023,GD11,101020101,195,211,7,1,Groundgear_D,Long,38D9,V,02/11/2023 16:50,32,54.825,-10.323,54.853,-10.296,VIaSlope,119,23.6,3.8,1.922720102,3.567198704,0.424496646,Y,22.12214112,595,NA,10.04,19.58,13.6,"Nil
",Door sensors not working,03:20.3
4892,IGFS2023,FG108,101020101,236,240,8,1,Groundgear_D,Long,39D9,V,03/11/2023 7:13,17,55.063,-10.085,55.077,-10.072,VIaSlope,122,23.8,3.8,0.951874375,1.766000696,0.215452085,Y,22.71055277,704,NA,8.43,13.55,19.4,"Nil
",NA,03:20.3
4893,IGFS2023,FG109,101020101,255,248,9,1,Groundgear_D,Long,3.90E+01,V,03/11/2023 9:49,21,55.325,-9.87,55.342,-9.845,VIaSlope,122,23.9,3.8,1.331134778,2.469637807,0.301295812,Y,22.71055277,773,NA,7.73,11.36,15.5,"Nil
",NA,03:20.3
4894,IGFS2023,GD8,101020101,122,114,10,1,Groundgear_D,Long,3.90E+01,V,03/11/2023 11:49,33,55.219,-9.611,55.241,-9.568,VIaMedium,109,22.2,4,1.979256427,3.672089846,0.400257793,Y,20.17793229,402,NA,9.53,13.61,15.5,"Nil
",NA,03:20.3
4895,IGFS2023,R217,101020101,107,110,11,1,Groundgear_D,Long,3.90E+01,V,03/11/2023 14:28,16,55.33,-9.345,55.342,-9.322,VIaMedium,109,22.7,3.9,1.066489624,1.978644943,0.215672299,Y,20.17793229,378,NA,7.99,10.99,11.5,"Nil
",NA,03:20.3
4896,IGFS2023,R213,101020101,110,109,12,1,Groundgear_D,Long,4.00E+01,V,03/11/2023 16:41,17,55.581,-9.153,55.598,-9.166,VIaMedium,109,22.8,3.8,1.111716915,2.062554573,0.224818448,Y,20.17793229,390,NA,6.48,12.38,5.8,"Nil
",NA,03:20.3
4897,IGFS2023,MB23,101020101,137,135,13,1,Groundgear_D,Long,4.00E+02,V,04/11/2023 7:11,19,55.994,-8.811,56.002,-8.841,VIaDeep,112,22.9,3.8,1.117348644,2.073003051,0.232176342,Y,20.75853772,450,NA,6.93,11.5,3.8,"Nil
",NA,03:20.3
4898,IGFS2023,94,101020101,238,251,14,1,Groundgear_D,Long,4.10E+01,V,04/11/2023 9:45,20,56.19,-9.183,56.21,-9.176,VIaSlope,124.9,24.9,3.9,1.222937098,2.268899997,0.28338561,Y,23.28176422,677,NA,9.82,13.04,7.7,"Nil
",NA,03:20.3
4899,IGFS2023,GD17,101020101,160,164,15,1,Groundgear_D,Long,4.10E+02,V,04/11/2023 12:51,30,56.345,-8.505,56.36,-8.449,VIaDeep,117,23.2,3.6,2.071889929,3.843951631,0.449742341,Y,21.73123144,485,NA,4.45,5.58,9.7,"Nil
",NA,03:20.3
4900,IGFS2023,GD18,101020101,169,170,16,1,Groundgear_D,Long,4.10E+02,V,04/11/2023 15:05,31,56.249,-8.165,56.268,-8.115,VIaDeep,112.5,22,3.7,2.022374753,3.75208674,0.422109758,Y,20.85552063,499,NA,2.92,10.18,7.7,"Nil
",NA,03:20.3
4901,IGFS2023,GD5,101020101,113,115,17,1,Groundgear_D,Long,4.10E+03,V,05/11/2023 7:15,31,56.22,-7.606,56.187,-7.607,VIaMedium,101.5,21.3,4.1,1.980785363,3.674926461,0.373005036,Y,18.73566449,378,NA,3.68,8.88,5.8,"Nil
",NA,03:20.3
4902,IGFS2023,93,101020101,94,73,18,1,Groundgear_D,Long,4.10E+03,V,05/11/2023 7:15,31,56.211,-7.305,56.218,-7.244,VIaMedium,102.1,21.1,4.1,2.082842907,3.864272555,0.394542228,Y,18.85058037,349,NA,5.04,5.63,11.6,"Nil
",NA,03:20.3
4903,IGFS2023,FG192,101020101,94,87,19,1,Groundgear_D,Short,4.10E+03,V,05/11/2023 10:50,31,56.304,-7.065,56.327,-7.02,VIaCoast,84,22,3.8,2.039213742,3.783327908,0.317799544,Y,24.0646376,325,NA,3.1,5.5,11.6,"Nil
",NA,03:20.3
4904,IGFS2023,SC583,101020101,81,79,20,1,Groundgear_D,Short,4.10E+04,V,05/11/2023 12:53,21,56.402,-6.767,56.381,-6.785,VIaCoast,80.7,21.8,4.2,1.39554487,2.58913705,0.20894336,Y,23.06328227,311,NA,3.97,3.83,9.7,"Nil
",NA,03:20.3
4905,IGFS2023,FG117,101020101,65,74,21,1,Groundgear_D,Short,4.10E+04,V,05/11/2023 14:54,34,56.186,-6.728,56.185,-6.791,VIaCoast,78,21.3,4.4,2.109365993,3.913480507,0.30525148,Y,22.24951462,259,NA,3.49,4.1,13.6,"Nil
",NA,03:20.3
4906,IGFS2023,MB3,101020101,154,159,22,1,Groundgear_D,Long,4.10E+02,V,06/11/2023 7:16,31,56.022,-8.172,56,-8.215,VIaDeep,108.6,22.8,4.1,1.957837387,3.632351367,0.394473358,Y,20.10068281,485,NA,8.44,7.71,15.5,"Nil
",NA,03:20.3
4907,IGFS2023,MMMA3,101020101,133,143,23,1,Groundgear_D,Long,4.00E+02,V,06/11/2023 9:50,23,55.813,-8.394,55.819,-8.353,VIaDeep,108,22.3,3.9,1.431389543,2.655639227,0.286809037,Y,19.98487997,438,NA,11.28,13.34,25.2,"Nil
",NA,03:20.3
4908,IGFS2023,MB25,101020101,101,106,24,1,Groundgear_D,Long,4.00E+02,V,06/11/2023 11:41,22,55.731,-8.078,55.751,-8.06,VIaMedium,107,22,3.9,1.346051178,2.497312019,0.267212386,Y,19.79206392,378,NA,7.44,17.02,25.2,"Nil
",NA,03:20.3
4909,IGFS2023,MB4,101020101,165,164,25,1,Groundgear_D,Long,4.00E+03,V,06/11/2023 14:07,31,55.983,-7.845,56.003,-7.794,VIaDeep,115.7,23.3,3.6,2.093636792,3.884298315,0.449413315,Y,21.47771034,499,NA,7.45,16.34,23.3,"Nil
",NA,03:20.3
4910,IGFS2023,MB6,101020101,135,132,26,1,Groundgear_D,Long,4.00E+03,V,06/11/2023 16:12,31,55.874,-7.654,55.859,-7.602,VIaDeep,115,22.2,3.9,1.972189835,3.658979285,0.420782618,Y,21.34138194,438,NA,8.19,11.05,17.4,"Nil
",NA,03:20.3
4911,IGFS2023,GD2,101020101,90,84,27,1,Groundgear_D,Long,4.00E+02,V,07/11/2023 7:12,16,55.565,-8.351,55.574,-8.326,VIaMedium,102,21,4,1.007123019,1.868502818,0.190587287,Y,18.83142227,324,NA,8.24,13.19,15.5,"Nil
",NA,03:20.3
4912,IGFS2023,MB7,101020101,63,67,28,1,Groundgear_D,Short,4.00E+03,V,07/11/2023 9:58,22,55.51,-7.768,55.531,-7.751,VIaCoast,80,20.24,4.1,1.386729339,2.572781704,0.205822536,Y,22.85184029,NA,NA,6.16,12.25,11.6,"Nil
",NA,03:20.3
4913,IGFS2023,FG114,101020101,65,65,29,1,Groundgear_D,Short,4.00E+03,V,07/11/2023 11:32,21,55.651,-7.577,55.652,-7.537,VIaCoast,84,20.31,4.3,1.35859379,2.520582171,0.211728902,Y,24.0646376,273,NA,7.63,8.27,9.7,No wing sensors,NA,03:20.3
4914,IGFS2023,GD4,101020101,53,54,30,1,Groundgear_D,Short,4.00E+03,V,07/11/2023 13:48,32,55.773,-7.149,55.801,-7.144,VIaCoast,74.9,20.8,4.4,1.688796947,3.133203983,0.234676978,Y,21.32097197,233,NA,5.74,11.19,7.7,"Nil
",NA,03:20.3
4915,IGFS2023,SC573,101020101,61,56,31,1,Groundgear_D,Short,4.00E+04,V,07/11/2023 16:07,32,55.889,-6.681,55.924,-6.671,VIaCoast,78.9,21.3,4.2,2.12731167,3.946774898,0.311400539,Y,22.520236,259,NA,5.13,12.01,7.7,"Nil
",NA,03:20.3
4916,IGFS2023,FG98,101020101,137,149,32,1,Groundgear_D,Long,3.90E+04,V,08/11/2023 7:15,22,55.29,-6.487,55.284,-6.515,VIaMedium,112,24.2,4,1.024257505,1.900292216,0.212832728,Y,20.75853772,462,NA,1.2,1.13,9,"Nil
",NA,03:20.3
4917,IGFS2023,COD2,101020101,50,46,33,1,Groundgear_D,Short,3.90E+04,V,08/11/2023 9:40,17,55.316,-6.918,55.328,-6.943,VIaCoast,77.7,21.4,4.2,1.118134639,2.074461297,0.161185643,Y,22.15939068,230,NA,4.04,1.67,21.3,"Nil
",NA,03:20.3
4918,IGFS2023,MB46,101020101,49,49,34,1,Groundgear_D,Short,3.90E+03,I,08/11/2023 11:20,11,55.459,-7.023,55.462,-7.043,VIaCoast,75,20.7,4.6,0.705295451,1.308525884,0.098139441,Y,21.35083196,NA,NA,12.3,11.32,31,"Haul back after 9min, buoy went past on starboard, doors came in. Alot of damage to belly, trawl packed away. 
",NA,03:20.3
4919,IGFS2023,FG100,101020101,59,60,35,1,Groundgear_D,Short,4.00E+03,V,08/11/2023 13:57,31,55.502,-7.35,55.502,-7.395,VIaCoast,76.1,21.1,4.38,1.532738491,2.84367067,0.216403338,Y,21.67969599,246,NA,16.53,9.2,31,"Nil
",NA,03:20.3
4920,IGFS2023,FG115,101020101,16,21,36,1,Groundgear_D,Short,3.90E+03,V,09/11/2023 8:37,32,55.224,-7.586,55.258,-7.581,VIaCoast,65.3,18.3,4.6,2.047385837,3.798489494,0.248041364,Y,18.48100775,138,NA,4.75,4.91,21.3,"Nil
",NA,03:20.3
4921,IGFS2023,10,101020101,28,45,37,1,Groundgear_D,Short,3.90E+03,V,09/11/2023 11:13,30,55.215,-7.919,55.243,-7.953,VIaCoast,69,19.3,4.4,2.04515173,3.794344582,0.261809776,Y,19.56958606,179,NA,9.44,5.5,15.5,"Nil
",NA,03:20.3
4922,IGFS2023,MB106,101020101,98,99,38,1,Groundgear_D,Short,3.90E+02,V,09/11/2023 15:16,21,55.274,-8.691,55.273,-8.729,VIaCoast,105,21.5,NA,1.303179175,2.417772124,0.253866073,Y,30.64443087,349,NA,10.9,14.01,9.7,"Nil
",NA,03:20.3
4923,IGFS2023,mar-04,101020101,89,94,39,1,Groundgear_D,Long,3.90E+01,V,10/11/2023 7:16,31,55.078,-9.001,55.11,-9.011,VIaMedium,108,22.1,4,1.950730651,3.619166328,0.390869963,Y,19.98487997,386,NA,7.44,18.35,15.5,"Nil
",NA,03:20.3
4924,IGFS2023,SC546,101020101,108,112,40,1,Groundgear_D,Long,3.90E+01,V,10/11/2023 9:44,31,55.106,-9.363,55.138,-9.376,VIaMedium,107,22.9,3.9,1.971500454,3.657700286,0.391373931,Y,19.79206392,378,NA,9.31,16.54,23.3,"Nil
",NA,03:20.3
4925,IGFS2023,FG102,101020101,108,107,41,1,Groundgear_D,Long,3.80E+01,V,10/11/2023 12:33,17,54.965,-9.706,54.946,-9.704,VIaMedium,108,23.2,NA,1.142145782,2.119008872,0.228852958,Y,19.98487997,390,NA,8.99,18.29,19.4,"Nil
",NA,03:20.3
4926,IGFS2023,FG91,101010101,300,282,42,1,Groundgear_A,Long,37D9,V,12/11/2023 7:29,30,54.254,-10.987,54.222,-10.999,VIIbSlope,147,26.2,NA,1.9656375,3.64682282,0.536082955,Y,27.72251102,920,NA,10.9,6.65,29,"Nil
",NA,03:20.3
4927,IGFS2023,GD13,101010101,250,252,43,1,Groundgear_A,Long,37D8,V,12/11/2023 10:24,30,54.062,-11.179,54.036,-11.212,VIIbSlope,129,24.6,NA,1.946892414,3.612045294,0.465953843,Y,24.09355951,745,NA,7.04,4.53,19,"Nil
",NA,03:20.3
4928,IGFS2023,FG99,101010101,306,318,44,1,Groundgear_A,Long,36D8,V,12/11/2023 12:43,30,53.955,-11.493,53.953,-11.548,VIIbSlope,136,25.6,NA,1.949831623,3.617498372,0.491979779,Y,25.49166224,880,NA,5.14,5.9,21,"Nil
",NA,03:20.3
4929,IGFS2023,PO16,101010101,299,300,45,1,Groundgear_A,Long,36D8,V,12/11/2023 16:09,30,53.61,-11.894,53.635,-11.86,VIIbSlope,136,25.7,NA,1.928623621,3.578151431,0.486628595,Y,25.49166224,882,NA,10.46,5.23,23,"Nil
",NA,03:20.3
4930,IGFS2023,PO24,101010101,220,219,46,1,Groundgear_A,Long,36D8,V,13/11/2023 7:28,30,53.558,-11.589,53.579,-11.546,VIIbSlope,127,24.5,NA,1.986165542,3.684908241,0.467983347,Y,23.6969313,677,NA,9.95,13.9,21,"Nil
",NA,03:20.3
4931,IGFS2023,PO14,101010101,224,214,47,1,Groundgear_A,Long,36D8,V,13/11/2023 9:24,31,53.69,-11.396,53.7,-11.342,VIIbSlope,128,24.4,4.1,2.013993695,3.736537468,0.478276796,Y,23.89509335,677,NA,8.47,7.79,19,"Nil
",NA,03:20.3
4932,IGFS2023,MB1,101010101,181,182,48,1,Groundgear_A,Long,36D8,V,13/11/2023 11:30,31,53.804,-11.085,53.837,-11.075,VIIbDeep,134,25.1,4.2,2.011294808,3.731530256,0.500025054,Y,25.09058636,554,NA,7.8,16.99,17,"Nil
",NA,03:20.3
4933,IGFS2023,21,101010101,181,182,49,1,Groundgear_A,Long,37D9,V,13/11/2023 14:51,31,54.13,-10.705,54.162,-10.687,VIIbDeep,127,24.9,3.8,2.021808456,3.751036097,0.476381584,Y,23.6969313,554,NA,6.87,22.18,17,"Nil
",NA,03:20.3
4934,IGFS2023,22,101010101,128,123,50,1,Groundgear_A,Long,37D9,V,13/11/2023 17:01,21,54.289,-10.366,54.298,-10.332,VIIbMedium,119,23.5,4,1.309757054,2.429975982,0.289167142,Y,22.12214112,450,NA,8.96,8.31,17,"Nil
",NA,03:20.3
4935,IGFS2023,FG218,101010101,102,106,51,1,Groundgear_A,Long,3.70E+01,V,14/11/2023 7:35,17,54.487,-9.88,54.486,-9.85,VIIbMedium,115,22.5,4.3,1.049674359,1.947447791,0.223956496,Y,21.34138194,375,NA,9.53,11.03,25,"Nil
",Sensors erratic and hard ground. Lots of marks so hauled early,03:20.3
4936,IGFS2023,20,101010101,50,47,52,1,Groundgear_A,Short,3.70E+01,V,14/11/2023 9:40,21,54.348,-9.683,54.342,-9.646,VIIbCoast,83,22.3,4.4,1.345972099,2.497165304,0.20726472,Y,23.76038723,233,NA,3.67,3.86,17,"Nil
",NA,03:20.3
4937,IGFS2023,MM1,101010101,37,41,53,1,Groundgear_A,Short,3.70E+01,V,14/11/2023 11:38,21,54.328,-9.315,54.323,-9.278,VIIbCoast,78.3,21.2,4.5,1.331779631,2.470834194,0.193466317,Y,22.3396966,206,NA,3.67,3.22,17,"Nil
","Shortened tow due to concerns about running out of good ground, and fish marks",03:20.3
4938,IGFS2023,MB27,101010101,57,60,54,1,Groundgear_A,Short,3.70E+02,V,14/11/2023 13:57,15,54.398,-8.822,54.413,-8.833,VIIbCoast,82,21.8,4.2,0.978858754,1.816064479,0.148917287,Y,23.45684645,246,NA,7.36,4.58,29,"Nil
",NA,03:20.3
4939,IGFS2023,MB10,101010101,86,89,55,1,Groundgear_A,Long,3.70E+01,V,14/11/2023 17:09,16,54.465,-9.409,54.476,-9.43,VIIbMedium,87,23.1,4,0.986974592,1.831121692,0.159307587,Y,15.98087374,324,NA,10.89,5.3,31,"Nil
",NA,03:20.3
4940,IGFS2023,FG83,101010101,41,53,56,1,Groundgear_A,Short,36D9,V,15/11/2023 7:31,30,53.843,-9.991,53.839,-10.047,VIIbCoast,79,21.5,4.3,2.001312793,3.713010748,0.293327849,Y,22.55034879,233,NA,11.96,8.18,19,"Nil
",NA,03:20.3
4941,IGFS2023,FG80,101010101,88,92,57,1,Groundgear_A,Long,36D9,V,15/11/2023 10:13,15,53.713,-10.346,53.702,-10.366,VIIbMedium,105,22,NA,0.970667925,1.800868135,0.189091154,Y,19.40712849,336,NA,11.57,13.97,12,"Nil
",NA,03:20.3
4942,IGFS2023,FG81,101010101,149,147,58,1,Groundgear_A,Long,36D9,V,15/11/2023 12:47,30,53.783,-10.741,53.75,-10.735,VIIbDeep,121,24.1,3.9,1.991157724,3.694170175,0.446994591,Y,22.51413801,485,NA,9.98,18.53,10,"Nil
",NA,03:20.3
4943,IGFS2023,MB28,101010101,137,139,59,1,Groundgear_A,Long,35D9,V,15/11/2023 15:47,31,53.434,-10.852,53.405,-10.878,VIIbDeep,118,23,4.1,1.973433298,3.661286267,0.43203178,Y,21.92655208,462,NA,8.85,14.67,17,"Nil
",NA,03:20.3
4944,IGFS2023,FG221,101010101,329,323,60,1,Groundgear_A,Long,34D7,V,16/11/2023 7:38,21,52.841,-12.278,52.863,-12.28,VIIbSlope,136,25.4,3.9,1.321596295,2.451941178,0.333464,Y,25.49166224,960,NA,4.94,12.41,14,"Nil
",NA,03:20.3
4945,IGFS2023,PO189,101010101,316,320,61,1,Groundgear_A,Long,35D7,V,16/11/2023 10:03,31,53.116,-12.325,53.149,-12.316,VIIbSlope,132,26.8,3.9,2.005944624,3.721604127,0.491251745,Y,24.69082081,937,NA,4.2,11.7,21,"Nil
",NA,03:20.3
4946,IGFS2023,FG148,101010101,243,239,62,1,Groundgear_A,Long,35D7,V,16/11/2023 12:31,31,53.258,-12.013,53.225,-12.018,VIIbSlope,130,24.9,3.7,1.987689717,3.687736024,0.479405683,Y,24.29233357,732,NA,5.11,10.33,19,"Nil
",NA,03:20.3
4947,IGFS2023,FG224,101010101,162,162,63,1,Groundgear_A,Long,35D8,V,16/11/2023 15:00,19,53.148,-11.643,53.124,-11.639,VIIbDeep,122,23.9,4,1.446845376,2.684314242,0.327486338,Y,22.71055277,499,NA,8.44,10.28,14,"Nil
",NA,03:20.3
4948,IGFS2023,89,101010101,148,149,64,1,Groundgear_A,Long,35D8,V,16/11/2023 16:52,21,53.183,-11.313,53.196,-11.281,VIIbDeep,118,23.1,4,1.391866907,2.582313371,0.304712978,Y,21.92655208,485,NA,8.45,14.17,23,"Nil
",NA,03:20.3
4949,IGFS2023,50,101010101,135,136,65,1,Groundgear_A,Long,34D8,V,17/11/2023 7:34,21,52.858,-11.042,52.879,-11.053,VIIbDeep,117,22.9,3.8,1.321384965,2.451549099,0.286831245,Y,21.73123144,450,NA,8.61,16.08,6,"Nil
",Hauled early due to marks,03:20.3
4950,IGFS2023,FG120,101010101,138,139,66,1,Groundgear_A,Long,35D8,V,17/11/2023 9:30,15,52.997,-11.238,53.014,-11.235,VIIbDeep,120,23.4,3.7,1.025478096,1.902556765,0.228306812,Y,22.31800195,462,NA,7.9,19.19,10,"Nil
","Lots of marks, hauled after 15",03:20.3
4951,IGFS2023,MB12,101010101,134,131,67,1,Groundgear_A,Long,35D9,V,17/11/2023 11:27,31,53.089,-10.977,53.074,-10.925,VIIbDeep,119,23.4,3.8,2.082575296,3.86377606,0.459789351,Y,22.12214112,438,NA,8.83,13.31,17,"Nil
",NA,03:20.3
4952,IGFS2023,52,101010101,124,123,68,1,Groundgear_A,Long,35D9,V,17/11/2023 13:19,21,53.153,-10.736,53.169,-10.711,VIIbDeep,117,23,3.8,1.316620028,2.442708772,0.285796926,Y,21.73123144,427,NA,6.91,13.2,19,"Nil
",Hauled after 20 mins due to marks,03:20.3
4953,IGFS2023,FG75,101010101,120,119,69,1,Groundgear_A,Long,35D9,V,17/11/2023 16:08,30,53.313,-10.278,53.292,-10.237,VIIbMedium,122,24.2,3.9,1.938406002,3.596300561,0.438748668,Y,22.71055277,415,NA,6.79,4.6,35,"Nil
",NA,03:20.3
4954,IGFS2023,53,101010101,114,116,70,1,Groundgear_A,Long,34D9,V,18/11/2023 7:35,30,52.9,-10.437,52.92,-10.394,VIIbMedium,115,22.8,4.2,1.967355507,3.650010217,0.419751175,Y,21.34138194,390,NA,10.51,5.77,27,"Nil
",NA,03:20.3
4955,IGFS2023,FG206,101010101,101,97,71,1,Groundgear_A,Long,3.40E+01,V,18/11/2023 10:20,30,52.921,-9.913,52.903,-9.867,VIIbMedium,117,23.1,4,1.986928049,3.686322911,0.431299781,Y,21.73123144,366,NA,6.42,18.15,14,"Nil
",NA,03:20.3
4956,IGFS2023,58,101010101,91,92,72,1,Groundgear_A,Short,3.50E+01,V,18/11/2023 12:55,31,53.1,-9.884,53.119,-9.928,VIIbCoast,90,23.4,3.9,1.954811694,3.626737837,0.326406405,Y,25.9058227,336,NA,8.09,8.25,31,"Nil
",NA,03:20.3
4957,IGFS2023,59,101010101,74,69,73,1,Groundgear_A,Short,3.50E+01,V,18/11/2023 15:00,30,53.053,-9.717,53.034,-9.671,VIIbCoast,87,22.9,4,2.015991453,3.740243882,0.325401218,Y,24.9817839,298,NA,6.41,17.63,17,"Nil
",NA,03:20.3
4958,IGFS2023,62,101010101,37,41,74,1,Groundgear_A,Short,3.50E+01,V,20/11/2023 8:45,31,53.19,-9.377,53.193,-9.433,VIIbCoast,78.6,21.4,4.2,2.025502254,3.757889155,0.295370088,Y,22.42993695,193,NA,4.15,3.71,17,"Nil
",NA,03:20.3
4959,IGFS2023,FG217,101010101,49,55,75,1,Groundgear_A,Short,3.50E+01,V,20/11/2023 11:30,28,53.195,-9.569,53.192,-9.618,VIIbCoast,85,23.1,4,1.774372734,3.291971677,0.279817593,Y,24.36961121,233,NA,5.1,2.98,17,"Nil
",Hauled 2 minutes early due to cables at end of line.,03:20.3
4960,IGFS2023,FG121,101010101,184,184,76,1,Groundgear_A,Long,34D8,V,21/11/2023 7:46,31,52.832,-11.831,52.798,-11.834,VIIbDeep,123,23.9,3.8,2.042280481,3.78901759,0.466049164,Y,22.90724974,554,NA,7.42,6.19,6,"Nil
",NA,03:20.3
4961,IGFS2023,PO39,101010101,257,251,77,1,Groundgear_A,Long,34D7,V,21/11/2023 9:53,30,52.725,-12.068,52.694,-12.048,VIIbSlope,131,24.9,3.7,1.997041319,3.705085936,0.485366258,Y,24.49141937,759,NA,5.86,7.12,8,"Nil
",NA,03:20.3
4962,IGFS2023,PO242,101010101,350,349,78,1,Groundgear_A,Long,34D7,V,21/11/2023 11:50,31,52.572,-12.178,52.541,-12.159,VIIbSlope,134,25.4,3.8,1.984840416,3.682449751,0.493448267,Y,25.09058636,1018,NA,6.26,4.89,10,"Nil
",NA,03:20.3
4963,IGFS2023,PO461,101010101,510,526,79,1,Groundgear_A,Long,33D7,V,21/11/2023 14:18,31,52.36,-12.22,52.354,-12.166,VIIjSlope,140,26,3.7,2.015390044,3.739128096,0.523477933,Y,26.29787713,1510,NA,4.61,5.22,6,"Nil
",NA,03:20.3
4964,IGFS2023,FG155,101010101,295,286,80,1,Groundgear_A,Long,33D8,V,21/11/2023 16:27,30,52.442,-11.986,52.419,-11.947,VIIjSlope,131,25,3.8,1.986774918,3.68603881,0.482871084,Y,24.49141937,868,NA,4.46,6.06,10,"Nil
",Some ridges along tow,03:20.3
4965,IGFS2023,FG171,101010101,183,185,81,1,Groundgear_A,Long,33D8,V,22/11/2023 7:46,30,52.397,-11.654,52.368,-11.626,VIIjDeep,123,23.9,4,2.020224515,3.748097431,0.461015984,Y,22.90724974,568,NA,9.98,14.75,16,"Nil
",NA,03:20.3
4966,IGFS2023,48,101010101,126,129,82,1,Groundgear_A,Long,34D9,V,22/11/2023 12:23,30,52.666,-10.751,52.65,-10.702,VIIjMedium,116,22.9,3.9,2.028509737,3.7634689,0.436562392,Y,21.53617584,427,NA,9.87,10.31,12,"Nil
",NA,03:20.3
4967,IGFS2023,70,101010101,105,98,83,1,Groundgear_A,Long,34D9,V,22/11/2023 14:53,31,52.519,-10.34,52.548,-10.318,VIIjMedium,99,22,3.9,1.916487862,3.555636107,0.352007975,Y,18.25768221,378,NA,6.73,20.27,17,"Nil
",Few pots nearby.,03:20.3
4968,IGFS2023,39,101010101,151,150,84,1,Groundgear_A,Long,33D8,V,24/11/2023 12:14,30,52.062,-11.206,52.046,-11.16,VIIjDeep,120.8,23.8,NA,1.952780567,3.622969512,0.437654717,Y,22.47488861,485,NA,NA,NA,6,"Nil
",NA,03:20.3
4969,IGFS2023,MB51,101010101,100,90,85,1,Groundgear_A,Long,32D9,V,24/11/2023 14:53,30,51.961,-10.679,51.978,-10.633,VIIjMedium,116.1,23.2,NA,1.985682592,3.684012231,0.42771382,Y,21.55566956,366,NA,5.71,14.97,12,"Nil
",NA,03:20.3
4970,IGFS2023,71,101010101,61,54,86,1,Groundgear_A,Short,33D9,V,24/11/2023 16:45,25,51.998,-10.374,52.014,-10.337,VIIjCoast,84.4,22.4,4.2,1.672185245,3.102384499,0.261841252,Y,24.18653948,273,NA,3.32,7.28,12,"Nil
","Hauled after 25 minutes, getting very dark.",03:20.3
4971,IGFS2023,FG74,101010101,482,584,87,1,Groundgear_A,Long,32D8,V,25/11/2023 8:04,31,51.998,-11.802,51.965,-11.802,VIIjSlope,142,26.4,3.3,1.979106215,3.67181116,0.521397185,Y,26.70308426,1385,NA,5.62,5.28,10,"Nil
",NA,03:20.3
4972,IGFS2023,FG73,101010101,214,216,88,1,Groundgear_A,Long,32D8,V,25/11/2023 11:07,20,51.774,-11.402,51.753,-11.401,VIIjSlope,131.1,23.9,3.5,1.259933925,2.33753975,0.306451461,Y,24.51134525,663,NA,4.92,4.98,14,"Nil
","Hauled after 20 minutes, lots of fish marks",03:20.3
4973,IGFS2023,FG67,101010101,153,156,89,1,Groundgear_A,Long,32D8,V,25/11/2023 13:28,30,51.841,-11.011,51.811,-10.99,VIIjDeep,128,24.4,3.9,1.961094429,3.638394117,0.465714447,Y,23.89509335,499,NA,4.51,4.84,12,"Nil
",NA,03:20.3
4974,IGFS2023,42,101010101,154,151,90,1,Groundgear_A,Long,32D9,V,25/11/2023 15:27,30,51.661,-10.834,51.633,-10.808,VIIjDeep,120.6,23.8,3.9,1.93918553,3.597746809,0.433888265,Y,22.43565033,499,NA,4.25,6.23,14,"Nil
",NA,03:20.3
4975,IGFS2023,FG158,101010101,355,354,91,1,Groundgear_A,Long,31D8,V,26/11/2023 7:58,30,51.287,-11.477,51.255,-11.466,VIIjSlope,135.6,25.6,3.9,1.963003868,3.641936675,0.493846613,Y,25.41134067,1032,NA,4.25,10.48,12,"Nil
",NA,03:20.3
4976,IGFS2023,FG209,101010101,186,184,92,1,Groundgear_A,Long,31D8,V,26/11/2023 10:14,31,51.219,-11.132,51.24,-11.095,VIIjDeep,123.5,24.3,3.7,1.87784553,3.483943469,0.430267018,Y,23.00570516,581,NA,4.39,5.56,12,"Nil
",NA,03:20.3
4977,IGFS2023,FG203,101010101,164,163,93,1,Groundgear_A,Long,31D9,V,26/11/2023 13:31,30,51.226,-10.743,51.256,-10.724,VIIjDeep,122.3,24.1,3.9,1.935901234,3.591653496,0.439259223,Y,22.76953207,527,NA,4.03,8.06,14,"Nil
","Trawl Explorer read zero half way through the tow, but it kept reporting data  until the end of the tow.",03:20.3
4978,IGFS2023,FG190,101010101,122,116,94,1,Groundgear_A,Long,31D9,V,26/11/2023 14:59,30,51.354,-10.286,51.376,-10.248,VIIjMedium,118,23.6,3.9,1.94301343,3.604848664,0.425372142,Y,21.92655208,438,NA,3.79,7.25,14,"Nil
",Changed trawl explorer,03:20.3
4979,IGFS2023,FG33,101010101,68,67,95,1,Groundgear_A,Short,31D9,V,26/11/2023 16:41,25,51.487,-10.085,51.504,-10.052,VIIjCoast,84.8,22.6,4.4,1.601610283,2.971447649,0.251978761,Y,24.30855796,286,NA,4.14,8.71,14,"Nil
","Hauled after 25 minutes, getting too dark",03:20.3
4980,IGFS2023,CC506,101010101,168,166,96,1,Groundgear_A,Long,30D9,V,27/11/2023 7:52,30,50.906,-10.842,50.873,-10.83,VIIjDeep,121.5,23.8,3.8,2.030400192,3.766976237,0.457687613,Y,22.61231033,527,NA,5.16,12.49,19,"Nil
",NA,03:20.3
4981,IGFS2023,82,101010101,166,163,97,1,Groundgear_A,Long,30D9,V,27/11/2023 9:45,30,50.717,-10.757,50.717,-10.706,VIIjDeep,123.2,23.8,3.6,1.941378829,3.601816009,0.443743732,Y,22.94662331,527,NA,6.37,4.75,19,"Nil
",NA,03:20.3
4982,IGFS2023,FG62,101010101,298,245,98,1,Groundgear_A,Long,30D9,V,27/11/2023 12:14,26,50.556,-10.933,50.53,-10.912,VIIjSlope,132.7,24.9,3.6,1.75327219,3.252824101,0.431649758,Y,24.83059172,937,NA,5.59,7.33,15,"Nil
","Hauled 5 minutes early, lots of pelagic marks.",03:20.3
4983,IGFS2023,FG63,101010101,165,163,99,1,Groundgear_A,Long,30D9,V,27/11/2023 14:10,30,50.576,-10.644,50.58,-10.592,VIIjDeep,118,23.3,3.7,1.999728125,3.710070734,0.437788347,Y,21.92655208,527,NA,5.76,4.48,18,"Nil
",NA,03:20.3
4984,IGFS2023,FG160,101010101,158,157,100,1,Groundgear_A,Long,30D9,V,27/11/2023 15:35,30,50.543,-10.446,50.543,-10.395,VIIjDeep,119.1,23.5,3.7,1.948557887,3.615135227,0.430562606,Y,22.14171491,513,NA,5.77,7.03,17,"Nil
",NA,03:20.3
4985,IGFS2023,MB29,101010101,107,114,101,1,Groundgear_A,Long,3.00E+01,V,28/11/2023 7:48,30,50.496,-9.688,50.517,-9.65,VIIjMedium,115.9,22.8,3.7,1.922637402,3.567045273,0.413420547,Y,21.51668472,390,NA,4.47,6.37,6,"Nil
",Trawl Explorer battery failed during the tow,03:20.3
4986,IGFS2023,CC431,101010101,125,120,102,1,Groundgear_A,Long,2.90E+01,V,28/11/2023 10:09,30,50.444,-9.356,50.476,-9.357,VIIjDeep,117.7,23.4,4.1,1.919013368,3.560321648,0.419049858,Y,21.86792786,438,NA,3.99,4.86,4,"Nil
",NA,03:20.3
4987,IGFS2023,FG132,101010101,122,122,103,1,Groundgear_A,Long,3.00E+01,V,28/11/2023 12:01,21,50.518,-9.152,50.519,-9.115,VIIjDeep,117.3,23.2,3.8,1.415662215,2.626460509,0.308083818,Y,21.78979965,438,NA,4.38,2.94,2,"Nil
","Hauled early, starting marking lots of fish",03:20.3
4988,IGFS2023,CC306,101010101,118,117,104,1,Groundgear_A,Long,3.00E+02,V,28/11/2023 13:52,30,50.628,-8.913,50.603,-8.879,VIIgMedium,117.4,23.5,3.7,1.982231733,3.677609894,0.431751402,Y,21.8093277,415,NA,3.74,4.82,6,"Nil
",NA,03:20.3
4989,IGFS2023,FG12,101010101,117,116,105,1,Groundgear_A,Long,3.00E+02,V,28/11/2023 15:59,30,50.555,-8.615,50.585,-8.598,VIIgMedium,118.5,23.7,3.9,1.912302265,3.547870621,0.420422669,Y,22.02431284,427,NA,3.74,4.93,4,"Nil
",NA,03:20.3
4990,IGFS2023,84,101010101,117,117,106,1,Groundgear_A,Long,3.00E+01,V,29/11/2023 7:45,30,50.754,-9.873,50.748,-9.922,VIIjMedium,117,23.4,4.1,1.898298844,3.521890248,0.412061159,Y,21.73123144,415,NA,7.04,3.6,10,"Nil
",NA,03:20.3
4991,IGFS2023,FG130,101010101,136,135,107,1,Groundgear_A,Long,30D9,V,29/11/2023 10:01,30,50.734,-10.284,50.766,-10.278,VIIjDeep,118.8,23.5,3.7,1.93225467,3.584888071,0.425884703,Y,22.08300167,462,NA,3.48,8.08,12,"Nil
",NA,03:20.3
4992,IGFS2023,FG65,101010101,148,144,108,1,Groundgear_A,Long,30D9,V,29/11/2023 12:13,30,50.865,-10.454,50.872,-10.403,VIIjDeep,118.5,23.1,3.9,1.980110414,3.673674238,0.435330397,Y,22.02431284,486,NA,5.76,6.85,14,"Nil
",NA,03:20.3
4993,IGFS2023,FG66,101010101,124,126,109,1,Groundgear_A,Long,31D9,V,29/11/2023 14:06,30,51.008,-10.232,51.041,-10.234,VIIjDeep,116.4,23.2,4,1.980226404,3.673889433,0.42764073,Y,21.61416649,438,NA,4.34,5.93,16,"Nil
",NA,03:20.3
4994,IGFS2023,COD5A,101010101,123,118,110,1,Groundgear_A,Long,3.10E+01,V,29/11/2023 16:08,30,51.146,-9.966,51.169,-9.928,VIIjDeep,119.4,23.9,4.1,1.988816461,3.689826459,0.440565279,Y,22.20045264,427,NA,3.46,8.75,12,"Nil
",NA,03:20.3
4995,IGFS2023,FG9,101010101,52,46,111,1,Groundgear_A,Short,3.10E+01,V,30/11/2023 7:43,30,51.444,-9.7,51.455,-9.652,VIIjCoast,82.8,22.2,4.3,1.915700697,3.554175689,0.294285747,Y,23.69962274,246,NA,2.49,2.08,27,"Nil
",NA,03:20.3
4996,IGFS2023,FG56,101010101,61,57,112,1,Groundgear_A,Short,3.10E+01,V,30/11/2023 9:32,30,51.41,-9.428,51.42,-9.379,VIIjCoast,86.4,22.9,3.9,1.932784314,3.585870712,0.309819229,Y,24.79781576,286,NA,4.63,2.41,29,"Nil
",Trawl Explorer switched over,03:20.3
4997,IGFS2023,FG199,101010101,109,111,113,1,Groundgear_A,Long,3.10E+01,V,30/11/2023 11:58,30,51.259,-9.238,51.289,-9.223,VIIjMedium,117.6,24.6,3.8,1.885367723,3.497899301,0.411352958,Y,21.84839181,378,NA,8.8,7.59,26,"Nil
",NA,03:20.3
4998,IGFS2023,FG182,101010101,66,57,114,1,Groundgear_A,Short,3.10E+02,V,30/11/2023 15:23,30,51.49,-8.901,51.517,-8.869,VIIgCoast,89,23.4,3.6,2.013924461,3.736409019,0.332540403,Y,25.59701948,298,NA,4.51,3.8,29,"Nil
",NA,03:20.3
4999,IGFS2023,FG34,101010101,112,112,115,1,Groundgear_A,Long,3.10E+01,V,01/12/2023 7:45,30,51.117,-9.227,51.117,-9.28,VIIjMedium,114.9,23.1,3.9,2.00028945,3.711112153,0.426406786,Y,21.32191681,402,NA,5.5,3.15,16,"Nil
",NA,03:20.3
5000,IGFS2023,CC322,101010101,117,116,116,1,Groundgear_A,Long,3.00E+01,V,01/12/2023 10:16,15,50.931,-9.622,50.917,-9.638,VIIjDeep,117.1,24.1,3.9,1.035565491,1.921271783,0.224980926,Y,21.75075152,415,NA,5.33,5.56,10,"Nil
","Hauled after 15 minutes, marking lots of fish. Approx 8 tonnes. 80% BOF, 20% HOM. Slipped catch.",03:20.3
5001,IGFS2023,VMS2,101010101,115,117,117,1,Groundgear_A,Long,3.00E+01,V,01/12/2023 12:11,30,50.842,-9.411,50.826,-9.365,VIIjMedium,118.6,23.3,3.9,1.992815057,3.697245004,0.438493257,Y,22.04387308,415,NA,7.1,3.49,8,"Nil
","Lost Marport plots during the tow, worked off the Scanmar screen. Got it working again after the tow.",03:20.3
5002,IGFS2023,CC321,101010101,111,113,118,1,Groundgear_A,Long,3.00E+01,V,01/12/2023 14:21,30,50.901,-9.109,50.875,-9.076,VIIjMedium,117.8,23.9,3.8,1.999254406,3.709191848,0.4369428,Y,21.88746659,402,NA,4.78,2.08,4,"Nil
",NA,03:20.3
5003,IGFS2023,FG11,101010101,110,109,119,1,Groundgear_A,Long,3.00E+02,V,01/12/2023 16:05,30,50.844,-8.898,50.876,-8.891,VIIgMedium,109.8,22.2,3.8,1.937066489,3.593815379,0.394600929,Y,20.33254632,415,NA,2.71,2.85,4,"Nil
",NA,03:20.3
5004,IGFS2023,MB30,101010101,109,107,120,1,Groundgear_A,Long,3.00E+03,V,02/12/2023 7:51,30,50.604,-7.601,50.636,-7.613,VIIgMedium,116.8,23.3,3.8,1.972529892,3.659610189,0.42744247,Y,21.69219922,402,NA,1.85,2.01,10,"Nil
",NA,03:20.3
5005,IGFS2023,FG53,101010101,107,107,121,1,Groundgear_A,Long,3.00E+03,V,02/12/2023 10:02,30,50.702,-7.887,50.722,-7.845,VIIgMedium,114.8,22.9,3.8,1.998680275,3.708126669,0.425692942,Y,21.30245427,390,NA,1.53,3.03,12,"Nil
",NA,03:20.3
5006,IGFS2023,FG35,101010101,99,100,122,1,Groundgear_A,Long,3.00E+03,V,02/12/2023 11:51,30,50.881,-7.79,50.905,-7.754,VIIgMedium,114,23.1,3.6,1.983646149,3.680234042,0.419546681,Y,21.14684645,378,NA,1.56,2.02,14,"Nil
",NA,03:20.3
5007,IGFS2023,FG36A,101010101,113,111,123,1,Groundgear_A,Long,3.10E+03,V,02/12/2023 13:34,20,51.027,-7.628,51.043,-7.606,VIIgMedium,112.8,23.2,3.7,1.269772962,2.355793992,0.265733562,Y,20.91374039,415,NA,1.65,1.64,16,"Nil
",Hauled after 20 minutes. The groung is very hard and the net geometry was bouncing around quite a bit,03:20.3
5008,IGFS2023,FG23,101010101,97,101,124,1,Groundgear_A,Long,3.10E+03,V,02/12/2023 15:08,30,51.156,-7.447,51.18,-7.412,VIIgMedium,113.3,23.9,3.6,1.95248753,3.622425844,0.410420848,Y,21.01082362,378,NA,1.03,1.4,12,"Nil
",NA,03:20.3
5009,IGFS2023,FG180,101010101,107,106,125,1,Groundgear_A,Long,3.10E+02,V,03/12/2023 7:48,31,51.175,-8.905,51.186,-8.857,VIIgMedium,117.4,23.6,3.9,1.925597355,3.572536837,0.419415825,Y,21.8093277,402,NA,2.23,2.45,8,"Nil
",NA,03:20.3
5010,IGFS2023,CC310,101010101,102,100,126,1,Groundgear_A,Long,3.10E+02,V,03/12/2023 9:43,30,51.184,-8.574,51.205,-8.535,VIIgMedium,113,22.9,3.8,1.935204065,3.590360046,0.405710685,Y,20.95256612,378,NA,3.23,2.33,4,"Nil
",NA,03:20.3
5011,IGFS2023,FG16,101010101,102,101,127,1,Groundgear_A,Long,3.10E+02,V,03/12/2023 11:58,31,51.091,-8.264,51.109,-8.217,VIIgMedium,115.1,22.9,3.7,2.076973378,3.85338289,0.443524371,Y,21.36084964,378,NA,2.47,3.25,2,"Nil
",NA,03:20.3
5012,IGFS2023,FG51,101010101,88,88,128,1,Groundgear_A,Long,3.10E+02,V,03/12/2023 14:29,30,51.347,-8.1,51.353,-8.151,VIIgMedium,112.7,23,3.7,1.948615169,3.615241501,0.407437717,Y,20.89433129,347,NA,2.71,1.87,15,"Nil
",NA,03:20.3
5013,IGFS2023,FG15,101010101,90,90,129,1,Groundgear_A,Long,3.10E+03,V,05/12/2023 7:46,30,51.326,-7.42,51.346,-7.459,VIIgMedium,112.8,23.2,4.2,1.89326105,3.512543692,0.396214928,Y,20.91374039,336,NA,3.57,5.89,10,"Nil
",NA,03:20.3
5014,IGFS2023,FG37,101010101,92,92,130,1,Groundgear_A,Long,3.10E+03,V,05/12/2023 10:05,30,51.341,-7.775,51.367,-7.745,VIIgMedium,111.3,23.2,4.2,1.923471225,3.568592255,0.397184318,Y,20.62286602,336,NA,2.44,3.45,8,"Nil
",NA,03:20.3
5015,IGFS2023,FG176,101010101,84,84,131,1,Groundgear_A,Short,3.10E+03,V,05/12/2023 12:02,30,51.481,-7.554,51.489,-7.502,VIIgMedium,88.8,23.2,3.9,2.005153667,3.720136674,0.330348137,Y,16.32065261,311,NA,2.53,2.86,6,"Nil
",NA,03:20.3
5016,IGFS2023,FG201,101010101,82,80,132,1,Groundgear_A,Short,3.20E+03,V,05/12/2023 13:58,30,51.5,-7.226,51.501,-7.172,VIIgCoast,89.6,23.5,3.7,2.022003026,3.75139708,0.336125178,Y,25.78220501,311,NA,3.35,4.18,4,"Nil
",NA,03:20.3
5017,IGFS2023,FG208,101010101,75,83,133,1,Groundgear_A,Short,3.20E+03,V,05/12/2023 15:35,30,51.601,-7.031,51.625,-6.992,VIIgCoast,89.1,23.2,3.7,2.047360227,3.79844198,0.33844118,Y,25.62786376,298,NA,2.41,2.94,2,"Nil
",NA,03:20.3
5018,IGFS2023,CN204,101010101,78,78,134,1,Groundgear_A,Short,3.20E+03,V,06/12/2023 7:43,30,51.639,-7.399,51.622,-7.437,VIIgCoast,88.1,23.3,4.1,1.746616675,3.240476205,0.285485954,Y,25.31977696,298,NA,7.18,5.68,15,"Nil
",NA,03:20.3
5019,IGFS2023,FG18,101010101,88,84,135,1,Groundgear_A,Long,3.20E+03,V,06/12/2023 10:15,30,51.628,-7.815,51.616,-7.862,VIIgMedium,113,22.9,3.8,1.896289383,3.518162121,0.39755232,Y,20.95256612,324,NA,10.5,4.22,16,"Nil
",NA,03:20.3
5020,IGFS2023,53A,101010101,77,61,136,1,Groundgear_A,Short,3.20E+02,V,06/12/2023 12:57,30,51.609,-8.253,51.642,-8.256,VIIgCoast,91.6,23.8,4.2,1.982151154,3.677460397,0.336855372,Y,26.40160014,298,NA,13.4,15.49,13,"Nil
",NA,03:20.3
5021,IGFS2023,FG177,101010101,35,29,137,1,Groundgear_A,Short,3.30E+03,V,09/12/2023 7:45,30,52.021,-7.5,52.052,-7.485,VIIgCoast,82.4,22.1,4,1.940194941,3.599619557,0.296608651,Y,23.57817848,193,NA,4.3,3.27,15,"Nil
",NA,03:20.3
5022,IGFS2023,FG138,101010101,63,64,138,1,Groundgear_A,Short,3.20E+03,V,09/12/2023 9:39,30,51.923,-7.396,51.898,-7.429,VIIgCoast,85.6,22.4,3.8,1.935488629,3.590887994,0.307380012,Y,24.55294828,259,NA,6.84,3.12,13,"Nil
",NA,03:20.3
5023,IGFS2023,FG46,101010101,77,71,139,1,Groundgear_A,Short,3.20E+03,V,09/12/2023 11:53,30,51.807,-7.083,51.839,-7.062,VIIgCoast,89.4,22.3,3.5,2.071700238,3.843599699,0.343617813,Y,25.72044449,298,NA,7.79,12.29,18,"Nil
",NA,03:20.3
5024,IGFS2023,33A,101010101,59,54,140,1,Groundgear_A,Short,3.20E+04,V,09/12/2023 14:09,30,51.979,-6.74,52.009,-6.759,VIIgCoast,84.1,22.3,4.1,1.931811811,3.58406644,0.301419988,Y,24.09510219,259,NA,4.75,12.62,15,"Nil
",NA,03:20.3
5025,IGFS2023,FG25,101010101,75,77,141,1,Groundgear_A,Short,3.30E+04,V,10/12/2023 7:59,30,52.018,-6.206,52.009,-6.245,VIIgCoast,87.5,23.1,NA,1.54087629,2.858768627,0.250142255,Y,25.1353011,311,NA,9.34,5.4,17,"Nil
",NA,03:20.3
5026,IGFS2023,CN207,101010101,72,71,142,1,Groundgear_A,Short,3.20E+04,V,11/12/2023 7:45,30,51.775,-6.712,51.799,-6.677,VIIgCoast,85.2,22.4,4.1,1.940656018,3.600474986,0.306760469,Y,24.43069393,286,NA,8.49,7.5,6,"Nil
",NA,03:20.3
5027,IGFS2023,110,101010101,77,76,143,1,Groundgear_A,Short,3.20E+04,V,11/12/2023 9:55,30,51.613,-6.52,51.581,-6.499,VIIgCoast,85.2,22.4,3.9,2.073103425,3.846203015,0.327696497,Y,24.43069393,298,NA,4.75,15.13,5,"Nil
",NA,03:20.3
5028,IGFS2023,FG139,101010101,115,112,144,1,Groundgear_A,Long,3.20E+04,V,11/12/2023 11:58,30,51.587,-6.207,51.618,-6.187,VIIgMedium,118.2,23.1,3.3,2.003464849,3.71700343,0.439349805,Y,21.96564831,390,NA,4.03,9.37,5,"Nil
",NA,03:20.3
5029,IGFS2023,40,101010101,115,120,145,1,Groundgear_A,Long,3.20E+05,V,11/12/2023 14:07,30,51.728,-5.908,51.75,-5.866,VIIgMedium,121.6,23.9,3.5,2.04597734,3.795876326,0.461578561,Y,22.6319532,402,NA,6.4,7.87,7,"Nil
",NA,03:20.3
5030,IGFS2023,FG136,101010101,91,87,146,1,Groundgear_A,Long,3.20E+05,V,12/12/2023 7:48,30,51.518,-5.822,51.497,-5.789,VIIgMedium,112.4,23.4,3.6,1.763795877,3.272348566,0.367811979,Y,20.83611905,336,NA,6.82,14.83,9,"Nil
",NA,03:20.3
5031,IGFS2023,MB32,101010101,72,71,147,1,Groundgear_A,Short,3.10E+05,V,12/12/2023 9:48,30,51.481,-5.531,51.462,-5.489,VIIgCoast,81.6,21.4,3.9,1.942279492,3.603486998,0.294044539,Y,23.33562582,286,NA,6.38,14.39,8,"no damage but pots caught at this station
",Pots caurght at this station,03:20.3
5032,IGFS2023,CN203,101010101,66,65,148,1,Groundgear_A,Short,3.10E+05,V,12/12/2023 11:42,30,51.448,-5.266,51.414,-5.265,VIIgCoast,88.5,23.6,3.8,2.039231541,3.783360929,0.334827442,Y,25.44291703,273,NA,9.49,11.98,8,"Nil
",NA,03:20.3
5033,IGFS2023,44,101010101,76,78,149,1,Groundgear_A,Short,3.10E+05,V,12/12/2023 14:18,30,51.271,-5.521,51.243,-5.493,VIIgCoast,81.9,23.1,4.1,1.982206127,3.677562388,0.30119236,Y,23.42653089,298,NA,7.79,15.72,7,"Nil
",NA,03:20.3
5034,IGFS2023,CN308,101010101,116,111,150,1,Groundgear_A,Long,3.10E+04,V,13/12/2023 7:51,30,51.474,-6.122,51.442,-6.139,VIIgMedium,121.9,23.9,3.5,2.021883682,3.751175662,0.457268313,Y,22.69089865,402,NA,8.29,9.55,12,"Nil
",NA,03:20.3
5035,IGFS2023,111,101010101,120,111,151,1,Groundgear_A,Long,3.10E+04,V,13/12/2023 9:59,32,51.384,-6.376,51.408,-6.363,VIIgMedium,118.1,26,3.9,1.519585859,2.819268756,0.33295564,Y,21.94609885,415,NA,8.73,14.56,15,"Nil
",NA,03:20.3
5036,IGFS2023,FG40,101010101,84,87,152,1,Groundgear_A,Long,3.10E+04,V,13/12/2023 12:12,30,51.365,-6.672,51.364,-6.727,VIIgMedium,114.1,23.8,3.7,2.065533371,3.832158389,0.437249272,Y,21.16628846,324,NA,12.38,9.83,9,"Nil
",NA,03:20.3
5037,IGFS2023,FG168,101010101,91,91,153,1,Groundgear_A,Long,3.10E+03,V,13/12/2023 14:51,30,51.298,-7.18,51.292,-7.229,VIIgMedium,113.1,22.3,3.7,1.877015887,3.482404242,0.39385992,Y,20.97198276,324,NA,7.91,4.99,8,"Nil
",NA,03:20.3
5038,IGFS2023,FG39,101010101,111,110,154,1,Groundgear_A,Long,3.10E+04,V,14/12/2023 7:47,30,51.188,-6.637,51.213,-6.605,VIIgMedium,120.6,23.9,3.9,1.923721227,3.569056079,0.430428163,Y,22.43565033,390,NA,3.82,5.22,11,"Nil
",NA,03:20.3
5039,IGFS2023,112,101010101,110,109,155,1,Groundgear_A,Long,3.10E+04,V,14/12/2023 9:56,30,51.238,-6.333,51.205,-6.338,VIIgMedium,118.8,23.7,3.6,1.987785478,3.687913688,0.438124146,Y,22.08300167,378,NA,3.88,4.4,6,"Nil
",NA,03:20.3
5040,IGFS2023,CN304,101010101,101,102,156,1,Groundgear_A,Long,3.10E+04,V,14/12/2023 12:45,30,51.18,-6.134,51.147,-6.146,VIIgMedium,102.9,27.2,3.9,2.029893173,3.766035571,0.38752506,Y,19.00392414,366,NA,4.67,5.4,5,"Nil
",NA,03:20.3
5041,IGFS2023,CN302,101010101,100,99,157,1,Groundgear_A,Long,3.10E+04,V,14/12/2023 15:02,30,51.044,-6.456,51.076,-6.465,VIIgMedium,113.6,22.8,3.5,1.948735491,3.615464733,0.410716794,Y,21.06910388,349,NA,2.9,5.6,9,"Nil
",tore wing on both sides but plenty of fish so still valid,03:20.3
5042,IGFS2023,FG13,101010101,116,120,158,1,Groundgear_A,Long,3.00E+02,V,15/12/2023 7:52,30,50.761,-8.191,50.742,-8.235,VIIgMedium,116.1,22.8,4.4,2.024623607,3.756259012,0.436101671,Y,21.55566956,400,NA,7.74,9.21,7,"Nil
",fishing with new net (E3) for this tow,03:20.3
5043,IGFS2023,62A,101010101,116,114,159,1,Groundgear_A,Long,3.00E+02,V,15/12/2023 9:59,30,50.703,-8.498,50.729,-8.462,VIIgMedium,118.4,23,4.1,2.075664299,3.850954172,0.455952974,Y,22.0047553,402,NA,4.55,12.64,5,"Nil
",NA,03:20.3
5044,IGFS2023,VMS1,101010101,111,112,160,1,Groundgear_A,Long,3.00E+02,V,15/12/2023 11:54,30,50.882,-8.495,50.903,-8.452,VIIgMedium,116.8,22.6,3.9,2.060303152,3.822454828,0.446462724,Y,21.69219922,390,NA,5.12,12.75,6,"Nil
",NA,03:20.3
5045,IGFS2024,FG75,101020101,112,116,1,1,Groundgear_D,Short,35D9,I,02/11/2024 11:54,31,53.295,-10.242,53.317,-10.284,VIIbMedium,92.8,24.6,NA,2.004731468,3.719353372,0.345155993,Y,17.07785499,403,NA,NA,NA,NA,"No damage, test tow. Warp adjusted 403-340",Test tow - en route to VIa,03:20.3
5046,IGFS2024,FG150,101020101,120,123,2,1,Groundgear_D,Long,38D9,V,03/11/2024 7:18,31,54.53,-10.32,54.561,-10.291,VIaMedium,112.8,22.9,4.9,2.117247498,3.928102965,0.443090014,Y,20.91374039,415,NA,3.5,5.7,NA,"Nil
",NA,03:20.3
5047,IGFS2024,FG151,101020101,249,241,3,1,Groundgear_D,Long,38D9,V,03/11/2024 10:24,18,54.945,-10.198,54.96,-10.178,VIaDeep,123.2,24.5,4.1,1.134506785,2.104836336,0.259315837,Y,22.94662331,786,NA,4.75,4.95,10.6,"Nil
","Hauled early, big marks on both sensors",03:20.3
5048,IGFS2024,FG108,101020101,229,230,4,1,Groundgear_D,Long,39D9,V,03/11/2024 14:27,19,55.074,-10.071,55.091,-10.056,VIaDeep,122.6,24.1,4,1.143303453,2.121156684,0.260053809,Y,22.82853686,704,NA,NA,NA,13,"Nil
","Hauled early, marking heavy",03:20.3
5049,IGFS2024,GD8,101020101,118,112,5,1,Groundgear_D,Long,3.90E+01,V,03/11/2024 16:50,30,55.223,-9.602,55.243,-9.561,VIaMedium,111.2,22.8,4.1,1.848541922,3.42957685,0.381368946,Y,20.60349423,415,NA,3.81,5.86,13,"Nil
",NA,03:20.3
5050,IGFS2024,FG110,101020101,260,255,6,1,Groundgear_D,Long,3.90E+01,V,04/11/2024 7:21,23,55.486,-9.543,55.499,-9.51,VIaSlope,123.9,24.3,3.8,1.368418901,2.538810577,0.31455863,Y,23.08452124,773,NA,3.85,4.23,11.4,"Nil
","Hauled early, alot of marks on the TEY",03:20.3
5051,IGFS2024,FG111,101020101,238,280,7,1,Groundgear_D,Long,4.00E+01,V,04/11/2024 9:37,26,55.738,-9.326,55.765,-9.328,VIaSlope,121.8,24.1,4,1.621705135,3.008729379,0.366463238,Y,22.67124735,830,NA,3.45,6.86,9,"Nil
",Tow slopes away from 233 -> 275m depth,03:20.3
5052,IGFS2024,SC544,101020101,160,134,8,1,Groundgear_D,Long,4.00E+02,V,04/11/2024 11:50,32,55.79,-8.991,55.823,-8.992,VIaDeep,112,23.4,4.1,1.980662893,3.674699244,0.411566315,Y,20.75853772,427,NA,2.5,5.48,9.3,"Nil
",NA,03:20.3
5053,IGFS2024,FG112,101020101,254,243,9,1,Groundgear_D,Long,4.10E+01,V,04/11/2024 14:01,33,55.988,-9.225,56.021,-9.21,VIaDeep,123.8,24.9,4.1,2.043659282,3.791575662,0.469397067,Y,23.06481289,732,NA,4.69,6.86,8.8,"Nil
",NA,03:20.3
5054,IGFS2024,MB23,101020101,134,136,10,1,Groundgear_D,Long,4.10E+02,V,04/11/2024 16:15,34,56.008,-8.866,55.994,-8.807,VIaDeep,114.4,23.1,3.9,2.154662307,3.997518195,0.457316081,Y,21.22462985,450,NA,3.68,6.81,10,"Nil
",NA,03:20.3
5055,IGFS2024,94,101020101,234,265,11,1,Groundgear_D,Long,4.10E+01,V,05/11/2024 7:19,33,56.18,-9.188,56.213,-9.176,VIaSlope,124,19.6,4.1,2.020789461,3.749145568,0.46489405,Y,23.10423247,718,NA,4.16,6.21,15.6,"Nil
",NA,03:20.3
5056,IGFS2024,FG118,101020101,130,126,12,1,Groundgear_D,Long,4.10E+02,V,05/11/2024 9:43,31,56.142,-8.817,56.158,-8.766,VIaDeep,114.9,23.2,3.7,1.959823494,3.636036166,0.417780556,Y,21.32191681,437,NA,4.36,3.59,17,Hauled in 1-2m on port side to try and adjust/check symetry vis a vie the symmetry sensor. It did straighten so warp may be slightly offset.,NA,03:20.3
5057,IGFS2024,GD20,101020101,158,165,13,1,Groundgear_D,Long,4.10E+02,I,05/11/2024 12:03,17,56.239,-8.386,56.242,-8.354,VIaDeep,128.3,25.8,NA,1.08450791,2.012074044,0.2581491,Y,23.95460109,499,NA,4.87,5.29,24,"Nil
","Hauled early, wings came in sharply, and returned, gear seemed to be over spreading.",03:20.3
5058,IGFS2024,MB48,101020101,177,174,14,1,Groundgear_D,Long,4.10E+02,V,05/11/2024 13:49,20,56.295,-8.122,56.29,-8.085,VIaDeep,118.1,24.1,4.1,1.270822164,2.357740564,0.278449161,Y,21.94609885,568,NA,3.43,4.13,22,"Nil
",NA,03:20.3
5059,IGFS2024,GD15,101020101,164,163,15,1,Groundgear_D,Long,4.20E+02,V,05/11/2024 16:14,31,56.528,-8.269,56.525,-8.327,VIaDeep,116.7,23.4,4.1,1.932329916,3.585027673,0.418372729,Y,21.67268708,513,NA,4.88,3.19,25,"Nil
",NA,03:20.3
5060,IGFS2024,FG144,101020101,157,151,16,1,Groundgear_D,Long,4.10E+03,V,06/11/2024 7:15,23,56.341,-7.634,56.337,-7.596,VIaDeep,111.9,23.1,3.9,1.289267752,2.391962435,0.267660596,Y,20.73914861,499,NA,5.68,4.35,17,"Nil
","Hauled early, good few marks close to the bottom. Basking shark in the first tow.",03:20.3
5061,IGFS2024,FG93,101020101,153,159,17,1,Groundgear_D,Long,4.10E+03,V,06/11/2024 10:03,34,56.06,-7.645,56.041,-7.692,VIaDeep,110.6,23.2,3.8,1.94729713,3.61279616,0.399575255,Y,20.48731511,485,NA,4.59,2.33,19,"Nil
","Small pelagics and spurdog
",03:20.3
5062,IGFS2024,28A,101020101,144,139,18,1,Groundgear_D,Long,4.00E+03,V,06/11/2024 11:52,32,55.962,-7.653,55.929,-7.652,VIaDeep,112.7,22.7,3.9,1.980705849,3.67477894,0.414147587,Y,20.89433129,485,NA,4.07,4.83,19,"Nil
",NA,03:20.3
5063,IGFS2024,FG95,101020101,148,153,19,1,Groundgear_D,Long,4.00E+03,V,06/11/2024 13:51,31,55.863,-7.905,55.867,-7.965,VIaDeep,111.3,22.7,4.1,2.038989808,3.782912444,0.421038155,Y,20.62286602,485,NA,3.8,1.95,16,"Nil
",NA,03:20.3
5064,IGFS2024,28B,101020101,176,174,20,1,Groundgear_D,Long,4.00E+02,V,06/11/2024 15:55,18,55.938,-8.27,55.956,-8.266,VIaDeep,115.4,23.6,4,1.088595297,2.019657322,0.233068455,Y,21.4192683,540,NA,4.06,5.87,16,"Nil
",Alot of marks on both sensors,03:20.3
5065,IGFS2024,10,101020101,23.5,37.3,21,1,Groundgear_D,Short,3.90E+03,V,07/11/2024 7:13,32,55.206,-7.908,55.233,-7.942,VIaCoast,70.2,19.6,4.6,1.996308626,3.703726579,0.260001606,Y,19.92420183,179,NA,1.46,1.07,32.2,"Nil
",NA,03:20.3
5066,IGFS2024,MB8,101020101,69,66,22,1,Groundgear_D,Short,3.90E+03,V,07/11/2024 9:11,31,55.398,-8.001,55.389,-7.946,VIaCoast,54.4,26,4.1,1.954587577,3.626322036,0.197271919,Y,15.312155,286,NA,3.94,4.51,24,"Nil
",NA,03:20.3
5067,IGFS2024,FG115,101020101,17,20,23,1,Groundgear_D,Short,3.90E+03,I,07/11/2024 12:22,31,55.218,-7.587,55.253,-7.582,VIaCoast,64.9,18.5,5.1,2.107186915,3.909437691,0.253722506,Y,18.36374436,150,NA,0.97,1.98,28,Alot of stone damage through belly to cod-end.,Big stone damage from footrope back to the cod-end. We need to stay on the track!,03:20.3
5068,IGFS2024,FG100,101020101,58,56,24,1,Groundgear_D,Short,4.00E+03,V,07/11/2024 14:48,31,55.502,-7.435,55.502,-7.377,VIaCoast,82.6,20.08,4,1.97552961,3.665175529,0.302743499,Y,23.63888653,259,NA,3.85,3.69,18,No wing sensor data.,String of pots at the start of the tow. All clear.,03:20.3
5069,IGFS2024,32,101020101,58,61,25,1,Groundgear_D,Short,4.00E+03,V,07/11/2024 16:16,41,55.59,-7.303,55.634,-7.332,VIaCoast,80.8,22.2,4.3,2.818161832,5.228500617,0.42246285,Y,23.09351533,246,NA,3.89,4.89,27,"Nil
",Winch haydraulic pumps wouldn't start for haul back. Had  wait a few min to reboot.,03:20.3
5070,IGFS2024,FG45,101020101,167,166,26,1,Groundgear_D,Long,3.90E+04,V,08/11/2024 7:18,32,55.369,-6.305,55.337,-6.331,VIaDeep,112.1,22.4,3.7,2.115993798,3.925776991,0.440079601,Y,20.77792931,527,NA,1.56,3.39,23,"Nil
",NA,03:20.3
5071,IGFS2024,FG98,101020101,139,142,27,1,Groundgear_D,Long,3.90E+04,V,08/11/2024 8:48,23,55.295,-6.488,55.283,-6.524,VIaMedium,109.7,24.7,3.7,1.42769258,2.648780297,0.290571199,Y,20.31321114,450,NA,1.36,2.26,15,"Nil
","Hauled back early at 15min after doors came in briefly. Headline and speed came down, but no damage.",03:20.3
5072,IGFS2024,COD1,101020101,76,75,28,1,Groundgear_D,Long,3.90E+04,I,08/11/2024 10:39,30,55.367,-6.819,55.369,-6.874,VIaCoast,100.9,21.5,3.1,1.883530765,3.494491216,0.352594164,Y,29.32781983,NA,NA,1.64,1.8,20,"Nil
","Error! Long sweeps left on by accident. Geometry particularly bad, the end of the v-rope had bundled up some meshes.",03:20.3
5073,IGFS2024,33,101020101,76,79,29,1,Groundgear_D,Short,4.00E+03,V,08/11/2024 12:35,31,55.506,-7.022,55.522,-7.055,VIaCoast,83.4,22.7,3.2,1.478000781,2.742116476,0.228692514,Y,23.88200147,296,NA,4.7,3.19,18,"Speed adjusted to try and improve geometry. Strong tide, speed sensor reading >5kts. Discovered v-rope had gathered up some meshes.","Very strong tide, ongoing geometry  problems.",03:20.3
5074,IGFS2024,mar-05,101020101,121,128,30,1,Groundgear_D,Long,4.00E+04,I,08/11/2024 14:39,37,55.557,-6.762,55.572,-6.729,VIaMedium,106.8,22.5,4,1.438623005,2.669059379,0.285055542,Y,19.7535288,415,NA,2.52,4.98,22,"Nil
",Came fast and paid out @18min - one ender on one 16mm bridle only. Net in ribbons.,03:20.3
5075,IGFS2024,SC573,101020101,59,55.6,31,1,Groundgear_D,Short,4.00E+04,V,09/11/2024 7:27,31,55.894,-6.681,55.929,-6.67,VIaCoast,79.8,20.11,4.7,2.132906847,3.957155561,0.315781014,Y,22.7914888,259,NA,2.3,5.56,23,No wing data,NA,03:20.3
5076,IGFS2024,FG116,101020101,82,83,32,1,Groundgear_D,Short,4.10E+04,V,09/11/2024 9:38,29,56.051,-6.974,56.052,-7.031,VIaCoast,79.2,21.4,4.4,1.915283737,3.553402109,0.281429447,Y,22.6105941,300,NA,5.31,2.65,23,"Nil
",NA,03:20.3
5077,IGFS2024,31A,101020101,56,54,33,1,Groundgear_D,Short,4.00E+03,V,09/11/2024 11:45,31,55.878,-7.057,55.846,-7.081,VIaCoast,77.6,21.2,4.6,2.084212024,3.866812661,0.300064663,Y,22.1293622,259,NA,3.41,2.95,28,"Nil
",NA,03:20.3
5078,IGFS2024,MM10,101020101,65,60,34,1,Groundgear_D,Short,4.00E+03,V,09/11/2024 15:09,32,55.724,-7.334,55.729,-7.279,VIaCoast,78.1,21.4,4.8,1.886687145,3.500347207,0.273377117,Y,22.27956882,273,NA,3.12,2.1,22,"Nil
",NA,03:20.3
5079,IGFS2024,GD2,101020101,85,83,35,1,Groundgear_D,Long,4.00E+02,V,10/11/2024 9:05,31,55.593,-8.268,55.577,-8.316,VIaMedium,104.3,20.98,4.6,1.893042571,3.512138351,0.36631603,Y,19.27261705,324,NA,7.98,3.04,15,No wing data,NA,03:20.3
5080,IGFS2024,6A,101020101,95,96,36,1,Groundgear_D,Long,4.00E+02,V,10/11/2024 11:13,26,55.662,-8.609,55.668,-8.657,VIaMedium,106.7,27.4,4.4,1.667498481,3.093689204,0.330096638,Y,19.73426472,349,NA,6.09,4.27,18,"Moderate tear along the tyings at the STBD wing tip. Good catch, mix spp and tear at the tip so left as valid.","Hauled early, alot of red marks on the TEY",03:20.3
5081,IGFS2024,MMMA3,101020101,137,147,37,1,Groundgear_D,Long,4.00E+02,V,10/11/2024 13:33,16,55.816,-8.375,55.821,-8.346,VIaDeep,106.3,21.8,4.6,1.024741651,1.901190447,0.202096545,Y,19.65723164,438,NA,5.23,5.8,13,"Nil
","Alot of red marks, hauled early.",03:20.3
5082,IGFS2024,MB25,101020101,98,104,38,1,Groundgear_D,Long,4.00E+02,V,10/11/2024 15:26,32,55.73,-8.08,55.758,-8.049,VIaMedium,104,21.8,4.8,1.98107383,3.675461651,0.382248012,Y,19.21500312,366,NA,5.71,7.51,20,"Nil
",NA,03:20.3
5083,IGFS2024,GD6,101020101,116,120,39,1,Groundgear_D,Long,4.00E+03,V,10/11/2024 17:05,16,55.789,-7.802,55.795,-7.772,VIaMedium,104.4,21.5,4.6,1.076317257,1.996878028,0.208474066,Y,19.29182619,402,NA,6.92,4.98,17,"Nil
",Hauled at dusk 17:20 which was 20min tow,03:20.3
5084,IGFS2024,FG109,101020101,243,249,40,1,Groundgear_D,Long,3.90E+01,V,11/11/2024 7:35,32,55.357,-9.825,55.332,-9.861,VIaSlope,121.9,23.8,4.1,1.940636031,3.600437906,0.438893381,Y,22.69089865,732,NA,7.89,9.59,8,"Nil
",NA,03:20.3
5085,IGFS2024,R217,101020101,112,116,41,1,Groundgear_D,Long,3.90E+01,V,11/11/2024 11:58,34,55.334,-9.336,55.358,-9.295,VIaMedium,108,22.9,4.4,2.009901609,3.728945471,0.402726111,Y,19.98487997,378,NA,7.11,14.77,11,"Nil
",NA,03:20.3
5086,IGFS2024,SC546,101020101,112,108,42,1,Groundgear_D,Long,3.90E+01,V,11/11/2024 14:29,33,55.134,-9.373,55.104,-9.362,VIaMedium,108.4,21.9,4.2,1.839456962,3.412721637,0.369939025,Y,20.06207237,390,NA,4.98,12.03,7.1,"Nil
",NA,03:20.3
5087,IGFS2024,mar-04,101020101,95,90,43,1,Groundgear_D,Long,3.90E+01,V,11/11/2024 16:39,31,55.121,-9.014,55.087,-9.003,VIaMedium,104.6,21.8,4.5,2.074952729,3.849634006,0.402671717,Y,19.33025124,349,NA,5.2,11.38,10,"Nil
",NA,03:20.3
5088,IGFS2024,MB44,101020101,70,67,44,1,Groundgear_D,Short,3.80E+02,V,12/11/2024 7:24,31,54.873,-8.77,54.86,-8.821,VIaCoast,82.2,20.45,NA,1.929653514,3.580062178,0.294281111,Y,23.51749849,286,NA,3.75,5.34,12,Elastic broke on headline so no TE data. Also wings weren't working that seems to have happened last few days on very hard ground for some reason.,NA,03:20.3
5089,IGFS2024,MB45,101020101,81,77,45,1,Groundgear_D,Short,3.80E+02,V,12/11/2024 10:09,31,54.579,-8.769,54.57,-8.714,VIaCoast,77.8,21.1,4.5,1.991726714,3.695225814,0.287488568,Y,22.18942557,286,NA,3.45,3.71,8,"Nil
",Sprat!!,03:20.3
5090,IGFS2024,14,101020101,44,38,46,1,Groundgear_D,Short,3.80E+02,V,12/11/2024 12:04,16,54.567,-8.396,54.575,-8.37,VIaCoast,74.3,20.2,4.8,1.025609994,1.902801473,0.141378149,Y,21.14193916,220,NA,1.17,0.86,3,"Hauled early, eavy red marks on the TEY, sprat in the area!!
",NA,03:20.3
5091,IGFS2024,MB27,101010101,60,56,47,1,Groundgear_A,Long,3.70E+02,V,14/11/2024 7:30,26,54.426,-8.841,54.4,-8.824,VIIbCoast,83.4,22,4.3,1.669525413,3.097449745,0.258327309,Y,23.88200147,259,NA,NA,NA,8,"Nil
",Hauled after 25  mins due to marks,03:20.3
5092,IGFS2024,MM1,101010101,40,39,48,1,Groundgear_A,Short,3.70E+01,V,14/11/2024 10:25,30,54.323,-9.279,54.332,-9.334,VIIbCoast,78.6,21,4.4,2.002863957,3.715888602,0.292068844,Y,22.42993695,206,NA,2.25,5.72,10,"Nil
",NA,03:20.3
5093,IGFS2024,22,101010101,119,130,49,1,Groundgear_A,Long,37D9,V,14/11/2024 14:47,30,54.299,-10.321,54.288,-10.374,VIIbMedium,114.9,22.6,4.1,1.973707974,3.66179587,0.420740346,Y,21.32191681,420,NA,5.65,4.44,3,"Nil
",NA,03:20.3
5094,IGFS2024,FG91,101010101,290,276,50,1,Groundgear_A,Long,37D9,V,15/11/2024 7:59,26,54.237,-10.999,54.208,-10.999,VIIbSlope,131.7,24.8,3.8,1.739873266,3.227965243,0.425123023,Y,24.630967,868,NA,2.21,5.67,18,"Nil
",NA,03:20.3
5095,IGFS2024,21,101010101,177,176,51,1,Groundgear_A,Long,37D9,V,15/11/2024 10:13,31,54.173,-10.678,54.14,-10.699,VIIbDeep,128.9,24.6,3.5,2.11342176,3.921005121,0.50541756,Y,24.0736991,540,NA,1.14,2.13,20,"Nil
",NA,03:20.3
5096,IGFS2024,FG86,101010101,245,231,52,1,Groundgear_A,Long,37D9,V,15/11/2024 12:34,30,54.131,-10.993,54.096,-10.995,VIIbSlope,131.2,24.7,3.5,2.100991929,3.89794421,0.51141028,Y,24.53127428,745,NA,2.43,4.27,19,"Nil
",NA,03:20.3
5097,IGFS2024,FG89,101010101,279,287,53,1,Groundgear_A,Long,37D8,V,15/11/2024 14:57,20,54.02,-11.32,54.021,-11.356,VIIbSlope,130.6,24.6,3.8,1.273221288,2.362191629,0.308502227,Y,24.41174739,814,NA,2.78,1.48,21,"Nil
",Hauled after 20. Lots of marks,03:20.3
5098,IGFS2024,PO113,101010101,369,371,54,1,Groundgear_A,Long,36D8,V,16/11/2024 7:47,16,53.95,-11.882,53.95,-11.912,VIIbSlope,124,23.8,3.7,1.061630515,1.969629898,0.244234107,Y,23.10423247,1046,NA,6.56,9.33,16,Constant marks,NA,03:20.3
5099,IGFS2024,PO12,101010101,291,290,55,1,Groundgear_A,Long,36D8,V,16/11/2024 10:20,30,53.761,-11.678,53.731,-11.71,VIIbSlope,134.7,25.2,3.7,2.12929198,3.950448942,0.532125472,Y,25.2308122,855,NA,3.4,12.05,18,"Nil
",NA,03:20.3
5100,IGFS2024,PO16,101010101,295,296,56,1,Groundgear_A,Long,36D8,V,16/11/2024 12:36,31,53.622,-11.878,53.594,-11.916,VIIbSlope,135.2,25.4,3.6,2.158554212,4.004738797,0.541440685,Y,25.33107256,868,NA,3.54,12.75,20,"Nil
",NA,03:20.3
5101,IGFS2024,PO161,101010101,319,317,57,1,Groundgear_A,Long,35D7,V,16/11/2024 14:40,20,53.499,-12.102,53.479,-12.117,VIIbSlope,133.2,25,4,1.314317786,2.438437451,0.324799869,Y,24.93052471,923,NA,4.9,11.16,15,"Nil
",NA,03:20.3
5102,IGFS2024,PO174,101010101,324,321,58,1,Groundgear_A,Long,35D7,V,16/11/2024 16:37,32,53.316,-12.24,53.286,-12.264,VIIbSlope,135.1,25.4,3.5,1.995575198,3.702365859,0.500189628,Y,25.31101386,937,NA,4.07,13.59,14,"Nil
",NA,03:20.3
5103,IGFS2024,FG175,101010101,209,211,59,1,Groundgear_A,Long,35D8,V,17/11/2024 7:36,30,53.065,-11.949,53.098,-11.95,VIIbSlope,127.6,24.4,3.9,1.979805714,3.673108931,0.4686887,Y,23.81579225,622,NA,6.96,3.6,28,"Nil
",NA,03:20.3
5104,IGFS2024,FG224,101010101,160,157,60,1,Groundgear_A,Long,35D8,I,17/11/2024 9:42,31,53.12,-11.641,53.152,-11.639,VIIbDeep,118.4456113,23.6,3.8,1.920865127,3.563757194,0.422111399,N,999,486,NA,6.6,3.73,28,Several tonnes of BOF. Worked up partially for otoliths but slipped most.,NA,03:20.3
5105,IGFS2024,89,101010101,146,146,61,1,Groundgear_A,Long,35D8,V,17/11/2024 12:38,31,53.18,-11.319,53.199,-11.273,VIIbDeep,120.9,23.3,4,2.011370903,3.731671434,0.451159076,Y,22.49451192,474,NA,2.38,6.35,27,"Nil
",NA,03:20.3
5106,IGFS2024,MB13,101010101,138,138,62,1,Groundgear_A,Long,35D9,V,17/11/2024 14:42,30,53.262,-10.984,53.294,-10.969,VIIbDeep,119.2,23.2,3.9,1.993878461,3.699217924,0.440946777,Y,22.16129143,450,NA,5.73,4.67,24,"Nil
",Net seemed to snag on a ridge after about 15mins,03:20.3
5107,IGFS2024,MB28,101010101,139,139,63,1,Groundgear_A,Long,35D9,V,17/11/2024 16:23,20,53.402,-10.879,53.422,-10.864,VIIbDeep,117.6,22.9,4,1.314700545,2.439147578,0.286843755,Y,21.84839181,450,NA,5.27,5.41,14,"Nil
",NA,03:20.3
5108,IGFS2024,FG225,101010101,189,186,64,1,Groundgear_A,Long,36D8,V,18/11/2024 7:35,30,53.642,-11.262,53.668,-11.227,VIIbSlope,122.1,23.6,3.8,1.997128635,3.705247932,0.452410773,Y,22.73020971,568,NA,2.68,6.52,24.7,"Nil
",NA,03:20.3
5109,IGFS2024,95,101010101,155,157,65,1,Groundgear_A,Long,36D9,V,18/11/2024 9:58,30,53.721,-10.875,53.755,-10.86,VIIbDeep,124.6,23.8,3.7,2.108303793,3.91150982,0.487374124,Y,23.22256077,485,NA,3.75,3.53,30,"Nil
",NA,03:20.3
5110,IGFS2024,FG80,101010101,91,89,66,1,Groundgear_A,Long,36D9,I,18/11/2024 12:39,15,53.698,-10.374,53.71,-10.354,VIIbMedium,114,22.4,3.6,1.012449195,1.878384406,0.214135822,Y,21.14684645,366,NA,3.97,2.3,19,Constant marks. About 7 tonnes of HOM,NA,03:20.3
5111,IGFS2024,FG83,101010101,48,38,67,1,Groundgear_A,Short,36D9,V,18/11/2024 15:11,20,53.839,-10.041,53.842,-10.003,VIIbCoast,81.1,21.5,4.2,1.36021128,2.52358308,0.204662588,Y,23.18425537,233,NA,1.66,2.88,34.7,"Nil
",NA,03:20.3
5112,IGFS2024,FG75,101010101,122,119,68,1,Groundgear_A,Long,35D9,V,19/11/2024 7:39,31,53.313,-10.278,53.292,-10.237,VIIbMedium,117.2,22.9,3.7,1.938406002,3.596300561,0.421486426,Y,21.77027426,415,NA,6.83,9.62,7.8,"Nil
",NA,03:20.3
5113,IGFS2024,58,101010101,91,91,69,1,Groundgear_A,Long,3.50E+01,V,19/11/2024 10:14,30,53.122,-9.935,53.101,-9.889,VIIbCoast,110.1,22.1,4,2.084082939,3.86657317,0.425709706,Y,32.30770541,336,NA,7.09,7.17,15,"Nil
",NA,03:20.3
5114,IGFS2024,MB15,101010101,101,101,70,1,Groundgear_A,Long,3.40E+01,V,19/11/2024 11:54,30,52.972,-9.921,52.95,-9.963,VIIbMedium,115.7,23,4,2.013832823,3.736239004,0.432282853,Y,21.47771034,349,NA,7.58,8.16,5,"Nil
",NA,03:20.3
5115,IGFS2024,FG173,101010101,62,59,71,1,Groundgear_A,Short,3.40E+01,V,19/11/2024 14:21,20,52.979,-9.603,53,-9.589,VIIbCoast,83.2,21.8,3.8,1.357754234,2.519024553,0.209582843,Y,23.82118011,273,NA,4.17,11.66,14,"Nil
",Marks on sounder so hauled after 20 minutes,03:20.3
5116,IGFS2024,66,101010101,59,56,72,1,Groundgear_A,Short,3.40E+01,V,19/11/2024 16:22,20,52.798,-9.611,52.778,-9.62,VIIbCoast,81.9,21.6,4.1,1.243464734,2.306984665,0.188942044,Y,23.42653089,259,NA,4.72,12.5,20,"Nil
",Consistent marks on sounder. Hauled after 20 minutes,03:20.3
5117,IGFS2024,FG105,101010101,174,177,73,1,Groundgear_A,Long,34D8,V,20/11/2024 7:39,31,52.585,-11.739,52.614,-11.764,VIIbDeep,123.1,23.5,3.9,1.96446311,3.644643989,0.448655675,Y,22.9269351,540,NA,5.95,5.69,3.5,"Nil
",NA,03:20.3
5118,IGFS2024,PO39,101010101,255,257,74,1,Groundgear_A,Long,34D7,V,20/11/2024 9:51,31,52.708,-12.058,52.741,-12.076,VIIbSlope,133.9,25,3.7,2.085074995,3.86841372,0.517980597,Y,25.07056723,745,NA,9.36,9.19,20,"Nil
",NA,03:20.3
5119,IGFS2024,FG121,101010101,184,184,75,1,Groundgear_A,Long,34D8,V,20/11/2024 12:03,30,52.803,-11.833,52.836,-11.832,VIIbDeep,126.6,23.9,3.8,1.979721947,3.67295352,0.464995916,Y,23.61775079,554,NA,7.51,4.07,3,"Nil
",NA,03:20.3
5120,IGFS2024,90,101010101,142,141,76,1,Groundgear_A,Long,34D8,V,20/11/2024 14:30,31,52.722,-11.536,52.764,-11.48,VIIbDeep,124.1,23.5,3.6,3.240636087,6.01231185,0.746127901,Y,23.1239466,474,NA,4.52,7.92,15.3,"Nil
",NA,03:20.3
5121,IGFS2024,FG191,101010101,136,137,77,1,Groundgear_A,Long,34D8,V,20/11/2024 16:30,31,52.902,-11.262,52.935,-11.266,VIIbDeep,118.5,23.1,3.8,1.984726899,3.682239145,0.436345339,Y,22.02431284,450,NA,5.55,3.94,4.6,"Nil
",NA,03:20.3
5122,IGFS2024,52,101010101,125,127,78,1,Groundgear_A,Long,35D9,I,21/11/2024 7:40,31,53.174,-10.701,53.151,-10.74,VIIbMedium,114.0268159,20.8,4,1.969833605,3.654607802,0.416723291,N,999,415,NA,6.06,9.48,20.5,No damage but 5 tonnes of gurnard,NA,03:20.3
5123,IGFS2024,MB12,101010101,135,134,79,1,Groundgear_A,Long,35D9,V,21/11/2024 10:03,31,53.092,-10.988,53.077,-10.936,VIIbDeep,120.3,23.2,4,2.082457735,3.863557949,0.464786021,Y,22.37681371,438,NA,6.64,10.08,18,"Nil
",NA,03:20.3
5124,IGFS2024,50,101010101,134,133,80,1,Groundgear_A,Long,34D8,V,21/11/2024 12:07,31,52.9,-11.062,52.867,-11.047,VIIbDeep,117.2,22.9,3.9,2.052872932,3.808669633,0.446376081,Y,21.77027426,438,NA,5.04,4.49,13,"Nil
",NA,03:20.3
5125,IGFS2024,MB14,101010101,126,126,81,1,Groundgear_A,Long,34D9,V,21/11/2024 13:55,20,52.771,-10.879,52.755,-10.904,VIIbMedium,114.8,22.4,4,1.322279064,2.453207911,0.281628268,Y,21.30245427,427,NA,5.04,9.79,16,"Nil
",hauled at 20 mins with rough ground and marks,03:20.3
5126,IGFS2024,FG122,101010101,116,115,82,1,Groundgear_A,Long,34D9,V,21/11/2024 15:55,20,52.678,-10.589,52.68,-10.553,VIIbMedium,114.5,22.6,NA,1.317843163,2.444978038,0.279949985,Y,21.2440821,415,NA,2.99,10.89,19,"Nil
",Trawl explorer playing up. No headline reading,03:20.3
5127,IGFS2024,FG56,101010101,65,63,83,1,Groundgear_A,Short,3.10E+01,V,22/11/2024 7:35,20,51.414,-9.408,51.421,-9.375,VIIjCoast,88.1,22.8,4.2,1.306630906,2.424176079,0.213569913,Y,25.31977696,273,NA,3.13,2.63,28,"Nil
","Marks, hauled at 20 mins",03:20.3
5128,IGFS2024,FG198,101010101,96,97,84,1,Groundgear_A,Long,3.10E+02,V,22/11/2024 10:08,31,51.377,-8.828,51.39,-8.779,VIIgMedium,111.6,22.1,3.8,1.997102229,3.70519894,0.413500202,Y,20.68099618,349,NA,3.23,2.34,12,"Nil
",NA,03:20.3
5129,IGFS2024,FG134,101010101,87,89,85,1,Groundgear_A,Long,3.10E+02,V,22/11/2024 12:39,29,51.436,-8.339,51.423,-8.294,VIIgMedium,109.1,21.8,3.9,1.85830304,3.447686531,0.376142601,Y,20.19725063,324,NA,2.66,3.57,11,"Nil
",Sodena froze mid trawl,03:20.3
5130,IGFS2024,53A,101010101,73,64,86,1,Groundgear_A,Short,3.20E+02,V,22/11/2024 14:42,22,51.609,-8.252,51.632,-8.255,VIIgCoast,89.1,22.7,3.9,1.383830763,2.567404013,0.228755698,Y,25.62786376,311,NA,1.64,2.94,6,Small tear in wing.,Few marks and rougher ground. Hauled after 20 mins,03:20.3
5131,IGFS2024,CN205,101010101,73.8,71.8,87,1,Groundgear_A,Short,3.20E+02,V,25/11/2024 8:27,30,51.681,-8.033,51.706,-7.995,VIIgCoast,87.6,22.6,3.8,2.062404061,3.826352618,0.335188489,Y,25.16602766,286,NA,6.12,6.72,12,"Nil
",NA,03:20.3
5132,IGFS2024,42A,101010101,47.9,48,88,1,Groundgear_A,Short,3.30E+03,V,25/11/2024 11:52,30,52.03,-7.413,52.033,-7.361,VIIgCoast,81.5,21.6,4.1,1.931952192,3.584326888,0.292122641,Y,23.30533796,220,NA,4.16,11.71,6,"Nil
",NA,03:20.3
5133,IGFS2024,NA,101010101,58.5,50.8,89,1,Groundgear_A,Short,3.20E+04,V,25/11/2024 15:03,33,51.978,-6.739,52.01,-6.758,VIIgCoast,82.1,21.6,4.1,2.043990183,3.79218958,0.311338764,Y,23.48716898,259,NA,6.79,11.95,16,"Nil
",NA,03:20.3
5134,IGFS2024,CN203,101010101,66.8,67,90,1,Groundgear_A,Short,3.10E+05,V,26/11/2024 7:33,30,51.426,-5.266,51.457,-5.266,VIIgCoast,84.9,22.1,4,1.858988536,3.448958323,0.292816562,Y,24.33908091,274,NA,4.37,9.58,3,"Nil
",NA,03:20.3
5135,IGFS2024,MB32,101010101,69.7,72.1,91,1,Groundgear_A,Short,3.10E+05,V,26/11/2024 9:22,26,51.464,-5.495,51.483,-5.539,VIIgCoast,88,22.8,4,2.003363769,3.716815898,0.327079799,Y,25.28901153,286,NA,5.18,4.5,4,"Nil
",NA,03:20.3
5136,IGFS2024,40,101010101,116,119,92,1,Groundgear_A,Long,3.20E+05,V,26/11/2024 12:20,31,51.733,-5.898,51.755,-5.856,VIIgMedium,116.1,23.1,3.8,2.045846155,3.795632941,0.440672984,Y,21.55566956,402,NA,5.43,3.51,1,"Nil
",NA,03:20.3
5137,IGFS2024,FG25,101010101,78.4,83.5,93,1,Groundgear_A,Short,3.30E+04,V,26/11/2024 15:37,27,52.01,-6.242,52.021,-6.197,VIIgCoast,84.8,22.3,3.9,1.791126981,3.323055623,0.281795117,Y,24.30855796,298,NA,3.96,6.48,6,"Nil
",NA,03:20.3
5138,IGFS2024,MB30,101010101,110,108,94,1,Groundgear_A,Long,3.00E+03,V,27/11/2024 8:44,32,50.61,-7.604,50.644,-7.615,VIIgMedium,117,23.1,4,2.081325436,3.861457209,0.451790494,Y,21.73123144,391,NA,5.06,6.16,NA,"Nil
",NA,03:20.3
5139,IGFS2024,NA,101010101,111,110,95,1,Groundgear_A,Long,3.00E+03,V,27/11/2024 10:40,31,50.725,-7.839,50.705,-7.882,VIIgMedium,116.4,22.8,3.9,2.029181315,3.76471487,0.438212811,Y,21.61416649,390,NA,5.97,3.97,1,"Nil
",NA,03:20.3
5140,IGFS2024,FG133,101010101,121,123,96,1,Groundgear_A,Long,3.00E+02,V,27/11/2024 12:46,31,50.532,-8.029,50.515,-8.074,VIIgMedium,118.2,23.1,3.5,1.999356197,3.7093807,0.438448799,Y,21.96564831,415,NA,6.28,5.09,NA,"Nil
",NA,03:20.3
5141,IGFS2024,FG13,101010101,116,112,97,1,Groundgear_A,Long,3.00E+02,V,27/11/2024 15:12,33,50.744,-8.232,50.764,-8.185,VIIgMedium,117.6,22.9,3.6,2.152668713,3.993819504,0.469673174,Y,21.84839181,404,NA,6.43,4.27,6,"Nil
",EK (27/11/24): Hauling was slightly delayed due to issue with winch pumps.,03:20.3
5142,IGFS2024,FG39,101010101,106,106,98,1,Groundgear_A,Long,3.10E+04,V,28/11/2024 7:44,30,51.194,-6.629,51.218,-6.599,VIIgMedium,115.9,22.7,3.8,1.82981408,3.394831318,0.39346095,Y,21.51668472,376,NA,5.25,5.7,6,"Nil
",Comparative tow with Tom Crean for UCD Blue Carbon project. ,03:20.3
5143,IGFS2024,FG187,101010101,108,107,99,1,Groundgear_A,Long,3.10E+04,V,28/11/2024 10:19,31,51.315,-6.921,51.346,-6.892,VIIgMedium,118.4,23.1,3.6,2.154669295,3.99753116,0.473307689,Y,22.0047553,390,NA,6.84,7.48,13,"Nil
",NA,03:20.3
5144,IGFS2024,FG168,101010101,89.2,88.5,100,1,Groundgear_A,Long,3.10E+03,V,28/11/2024 12:33,20,51.297,-7.192,51.292,-7.229,VIIgMedium,111,22.1,3.7,1.423016859,2.64010549,0.293051709,Y,20.56475805,336,NA,8.08,7.31,16,"Nil
",Hauled early (20 minutes) due to fish marks on the ground. ,03:20.3
5145,IGFS2024,FG23,101010101,106,105,101,1,Groundgear_A,Long,3.10E+03,V,28/11/2024 14:40,33,51.184,-7.406,51.16,-7.442,VIIgMedium,116,23.4,3.9,1.978080376,3.669907933,0.42570932,Y,21.53617584,366,NA,12.92,10.63,17,"Nil
",EK (28/11/24): Doors came in by 10m after 17 minutes. ,03:20.3
5146,IGFS2024,FG36A,101010101,116,124,102,1,Groundgear_A,Long,3.10E+03,V,29/11/2024 7:46,32,51.046,-7.602,51.019,-7.623,VIIgMedium,117.9,23.6,3.7,1.803228642,3.345507685,0.394435356,Y,21.90700799,390,NA,9.87,7.39,16,"Nil
",Wing and door spread instable for the first ten minutes of tow. ,03:20.3
5147,IGFS2024,FG52,101010101,96,97,103,1,Groundgear_A,Long,3.10E+02,V,29/11/2024 10:48,30,51.226,-8.103,51.247,-8.061,VIIgMedium,113,22.4,3.8,2.021251597,3.750002962,0.423750335,Y,20.95256612,349,NA,9.49,14.15,12,"Nil
",NA,03:20.3
5148,IGFS2024,FG37A,101010101,93,92,104,1,Groundgear_A,Long,3.10E+03,V,29/11/2024 12:57,31,51.372,-7.846,51.401,-7.816,VIIgMedium,111.5,22.4,3.7,2.07154926,3.843319592,0.428530134,Y,20.66161699,336,NA,8.67,12.03,9,"Nil
",NA,03:20.3
5149,IGFS2024,FG15,101010101,90,90,105,1,Groundgear_A,Long,3.10E+03,V,29/11/2024 15:32,32,51.353,-7.47,51.332,-7.431,VIIgMedium,111.4,22.7,3.7,1.931649078,3.583764524,0.399231368,Y,20.64224027,336,NA,9.68,19.58,12,"Nil
",NA,03:20.3
5150,IGFS2024,CC306,101010101,122,123,106,1,Groundgear_A,Long,3.00E+02,V,30/11/2024 7:46,31,50.625,-8.91,50.6,-8.874,VIIgMedium,118.2,23.1,3.9,2.033032806,3.771860494,0.44583391,Y,21.96564831,415,NA,5.8,12.62,11,"Nil
",NA,03:20.3
5151,IGFS2024,FG132,101010101,124,128,107,1,Groundgear_A,Long,3.00E+01,V,30/11/2024 9:52,31,50.52,-9.092,50.519,-9.145,VIIjMedium,119.3,23.6,3.8,2.026865106,3.760417637,0.448617824,Y,22.18087067,415,NA,10,5.99,13,"Nil
",NA,03:20.3
5152,IGFS2024,FG162,101010101,132,128,108,1,Groundgear_A,Long,2.90E+01,V,30/11/2024 12:24,27,50.366,-9.355,50.346,-9.39,VIIjMedium,119.6,23.6,3.8,1.80007616,3.339658924,0.399423207,Y,22.23962478,4.38,NA,9.4,9.92,16,"Nil
",Hauled five minutes early due to historic foul haul on track.,03:20.3
5153,IGFS2024,NA,101010101,116,124,109,1,Groundgear_A,Long,3.00E+01,V,30/11/2024 14:56,32,50.503,-9.677,50.528,-9.632,VIIjMedium,119.1,23.5,3.8,2.281736685,4.233277709,0.504183375,Y,22.14171491,402,NA,10.68,14.68,11,"Nil
",NA,03:20.3
5154,IGFS2024,84,101010101,123,123,110,1,Groundgear_A,Long,3.00E+01,V,01/12/2024 7:46,31,50.753,-9.888,50.747,-9.94,VIIjDeep,117.1,23.4,3.8,2.01050464,3.730064267,0.436790526,Y,21.75075152,415,NA,10.07,5.68,8,"Nil
",Station 84 was planned but CC436 was shot on.,03:20.3
5155,IGFS2024,FG131,101010101,128,129,111,1,Groundgear_A,Long,30D9,V,01/12/2024 9:52,32,50.903,-10.03,50.929,-9.994,VIIjDeep,119,23.3,3.6,2.071853333,3.843883734,0.457422164,Y,22.12214112,427,NA,5.73,7.44,7,"Nil
",NA,03:20.3
5156,IGFS2024,CC322,101010101,120,121,112,1,Groundgear_A,Long,3.00E+01,V,01/12/2024 12:15,32,50.92,-9.633,50.949,-9.601,VIIjMedium,117,24.1,3.4,2.119875676,3.93297899,0.460158542,Y,21.73123144,390,NA,7.57,11.18,7,"Nil
",Large catch of Boarfish (2.9t) and Horse Mackerel (2.0t).,03:20.3
5157,IGFS2024,FG169,101010101,121,123,113,1,Groundgear_A,Long,3.00E+01,V,01/12/2024 15:19,22,50.895,-9.299,50.918,-9.299,VIIjMedium,118.8,23.8,3.7,1.379122705,2.558669211,0.303969902,Y,22.08300167,415,NA,4.5,13.95,12,"Nil
",Hauled after 20 minutes due to fish marks.,03:20.3
5158,IGFS2024,FG11,101010101,120,113,114,1,Groundgear_A,Long,3.00E+02,V,02/12/2024 7:44,31,50.844,-8.898,50.877,-8.892,VIIgMedium,118.6,24.4,4,1.991783642,3.695331431,0.438266308,Y,22.04387308,402,NA,5.33,15.59,13,"Nil
",NA,03:20.3
5159,IGFS2024,VMS1,101010101,113,113,115,1,Groundgear_A,Long,3.00E+02,V,02/12/2024 10:09,31,50.881,-8.499,50.902,-8.456,VIIgMedium,116.8,22.9,3.7,2.060330658,3.822505859,0.446468684,Y,21.69219922,390,NA,5.32,9.67,10,"Nil
",NA,03:20.3
5160,IGFS2024,FG140,101010101,101.9,99.5,116,1,Groundgear_A,Long,3.10E+02,V,02/12/2024 12:32,32,51.019,-8.127,51.033,-8.076,VIIgMedium,115,23.3,3.9,2.103371914,3.902359766,0.448771373,Y,21.34138194,366,NA,5,4.32,8,"Nil
",NA,03:20.3
5161,IGFS2024,FG35,101010101,105,107,117,1,Groundgear_A,Long,3.00E+03,I,02/12/2024 14:56,20,50.875,-7.799,50.892,-7.773,VIIgMedium,117.8,23.7,3.5,1.418338103,2.631425051,0.309981871,Y,21.88746659,378,NA,4.35,5.51,6,Gillnet in cod-end.,Hauled after 20 minutes due to marks on the bottom. ,03:20.3
5162,IGFS2024,FG35,101010101,107,107,118,1,Groundgear_A,Long,3.00E+03,V,02/12/2024 16:16,24,50.908,-7.747,50.89,-7.775,VIIgMedium,115,22.9,4,1.513990596,2.808887934,0.323022112,Y,21.34138194,378,NA,6.84,4.2,4,"Nil
",Shooting FG35 again as previous attempt was foul haul. ,03:20.3
5163,IGFS2024,NA,101010101,90,90,119,1,Groundgear_A,Long,3.10E+04,V,03/12/2024 7:45,31,51.183,-6.132,51.151,-6.145,VIIgMedium,101.6,25.8,3.7,1.980467062,3.674335922,0.37331253,Y,18.7548117,378,NA,3.75,3.41,NA,"Nil
",Comparative tow with TCD. Wings and doors moving in and out due to soft ground.,03:20.3
5164,IGFS2024,112,101010101,110,108,120,1,Groundgear_A,Long,3.10E+04,V,03/12/2024 10:02,31,51.205,-6.339,51.241,-6.333,VIIgMedium,116.7,23.2,3.6,2.170534856,4.026966339,0.469946972,Y,21.67268708,378,NA,3.02,4.93,4,"Nil
",NA,03:20.3
5165,IGFS2024,111,101010101,117,110,121,1,Groundgear_A,Long,3.10E+04,V,03/12/2024 11:46,32,51.387,-6.374,51.421,-6.357,VIIgMedium,116.7,23.2,3.9,2.136253739,3.963365007,0.462524696,Y,21.67268708,402,NA,2.81,2.95,3,"Nil
",Wind and door spear coming in and out during tow. ,03:20.3
5166,IGFS2024,FG139,101010101,114,111,122,1,Groundgear_A,Long,3.20E+04,V,03/12/2024 14:17,22,51.585,-6.208,51.607,-6.196,VIIgMedium,115.1,22.6,3.7,1.393369374,2.585100879,0.297545111,Y,21.36084964,390,NA,2.17,3.69,4,"Nil
",Hauled after 20 minutes due to fish marks on sounder. ,03:20.3
5167,IGFS2024,FG38,101010101,76.6,72.6,123,1,Groundgear_A,Long,3.20E+04,V,04/12/2024 7:44,17,51.71,-6.472,51.727,-6.486,VIIgCoast,85,22.2,3.8,1.145127857,2.124541478,0.180586026,Y,24.36961121,298,NA,2.57,5.51,8,"Nil
",Hauled after 15 minutes due to fish marks on the sounder. ,03:20.3
5168,IGFS2024,69,101010101,68.8,71.5,124,1,Groundgear_A,Short,3.20E+04,V,04/12/2024 8:51,30,51.811,-6.48,51.84,-6.511,VIIgCoast,81.3,22,4.1,2.086097836,3.870311384,0.314656315,Y,23.24478293,273,NA,3.25,3.32,11,"Nil
",MI6407 restarted at 9:04 and NMEA logger stopped working until 9:22. ,03:20.3
5169,IGFS2024,CN207,101010101,71.5,71.7,125,1,Groundgear_A,Short,3.20E+04,V,04/12/2024 10:32,33,51.797,-6.68,51.774,-6.717,VIIgCoast,85.9,22.4,3.9,1.948443247,3.614922537,0.310521846,Y,24.64471728,286,NA,5.28,2.75,17,"Nil
",NA,03:20.3
5170,IGFS2024,CC310,101010101,103,107,126,1,Groundgear_A,Long,3.10E+02,V,08/12/2024 7:47,30,51.206,-8.536,51.185,-8.574,VIIgMedium,114.6,22.8,3.8,1.906728647,3.537529958,0.405400933,Y,21.26353692,378,NA,8.13,4.18,12,"Nil
",NA,03:20.3
5171,IGFS2024,NA,101010101,NA,NA,127,1,Groundgear_A,Long,3.10E+02,V,08/12/2024 9:48,20,51.098,-8.763,51.099,-8.819,NA,119.7,23.2,3.5,2.115207407,3.924318009,0.469740866,Y,22.25921496,390,NA,8.8,4.53,NA,"Nil
",NA,03:20.3
5172,IGFS2024,NA,101010101,116,116,128,1,Groundgear_A,Long,3.10E+01,V,08/12/2024 12:20,30,51.116,-9.233,51.117,-9.285,VIIjMedium,116.5,22.9,4,1.963485173,3.642829634,0.424389652,Y,21.63367072,402,NA,6.4,3.12,9,"Nil
",NA,03:20.3
5173,IGFS2024,MB20,101010101,118,118,129,1,Groundgear_A,Long,3.10E+01,V,08/12/2024 14:45,30,51.1,-9.593,51.134,-9.596,VIIjMedium,117.9,23.2,3.9,2.04191856,3.788346123,0.446646008,Y,21.90700799,427,NA,4.6,8.57,14,"Nil
",NA,03:20.3
5174,IGFS2024,DS2,101010101,145,147,130,1,Groundgear_A,Long,29D9,V,09/12/2024 7:45,20,50.466,-10.015,50.447,-10.032,VIIjMedium,113.9,22.3,3.7,1.311932092,2.434011303,0.277233887,Y,21.12740699,473,NA,6.69,8.98,7,"Nil
","20 min tow, marking fish",03:20.3
5175,IGFS2024,FG30,101010101,165,159,131,1,Groundgear_A,Long,29D9,V,09/12/2024 10:47,30,50.373,-10.578,50.346,-10.551,VIIjDeep,120.6,23.5,3.7,1.921720699,3.565344526,0.42998055,Y,22.43565033,513,NA,6.5,8.8,11,"Nil
",NA,03:20.3
5176,IGFS2024,FG212,101010101,155,155,132,1,Groundgear_A,Long,29D9,V,09/12/2024 12:49,20,50.159,-10.593,50.138,-10.603,VIIjDeep,118.9,23.1,3.7,1.316656156,2.4427758,0.290446043,Y,22.10257004,486,NA,6.87,7.05,9,"Nil
",NA,03:20.3
5177,IGFS2024,CC502,101010101,165,175,133,1,Groundgear_A,Long,29D9,V,09/12/2024 14:40,30,50.061,-10.878,50.081,-10.917,VIIjDeep,121.4,24.1,3.7,1.924179259,3.56990586,0.433386571,Y,22.59267027,515,NA,7.68,7.41,7,"Nil
",NA,03:20.3
5178,IGFS2024,FG64,101010101,507,510,134,1,Groundgear_A,Long,29D8,V,10/12/2024 7:55,30,50.248,-11.109,50.278,-11.091,VIIjSlope,144.3,26.6,3.3,1.927105797,3.575335431,0.515920903,Y,27.17086316,1408,NA,8.45,7.55,10,"Nil
",warp 1456 @start of tow. pulled back to 1400,03:20.3
5179,IGFS2024,FG61,101010101,248,241,135,1,Groundgear_A,Long,29D9,V,10/12/2024 10:17,30,50.349,-10.889,50.377,-10.864,VIIjSlope,131.4,25,3.6,1.933285795,3.586801104,0.471305665,Y,24.57114185,745,NA,7.77,7.89,12,"Nil
",NA,03:20.3
5180,IGFS2024,FG62,101010101,255,316,136,1,Groundgear_A,Long,30D9,V,10/12/2024 12:19,30,50.532,-10.913,50.562,-10.938,VIIjSlope,133.7,25.2,3.7,2.036586949,3.778454451,0.50517936,Y,25.03053878,855,NA,6.51,7.47,8,"Nil
",increased wrap from 745 to 855 to account for the change in depth,03:20.3
5181,IGFS2024,FG63,101010101,170,166,137,1,Groundgear_A,Long,30D9,V,10/12/2024 14:48,31,50.574,-10.66,50.579,-10.612,VIIjDeep,119.4,23.2,3.5,1.856996177,3.445261924,0.411364274,Y,22.20045264,525,NA,8.75,5.35,12,"Nil
",NA,03:20.3
5182,IGFS2024,CC506,101010101,172,171,138,1,Groundgear_A,Long,30D9,V,11/12/2024 7:49,30,50.904,-10.841,50.872,-10.83,VIIjDeep,121.2,23.6,3.8,1.963606276,3.643054316,0.441538183,Y,22.55339855,538,NA,4.17,7.62,8,"Nil
",NA,03:20.3
5183,IGFS2024,FG65,101010101,157,152,139,1,Groundgear_A,Long,30D9,V,11/12/2024 10:15,29,50.864,-10.459,50.871,-10.409,VIIjDeep,119.5,23.7,3.8,1.943085521,3.604982414,0.430795398,Y,22.22003734,485,NA,5.07,6.16,7,"Nil
",NA,03:20.3
5184,IGFS2024,76,101010101,148,145,140,1,Groundgear_A,Long,31D9,V,11/12/2024 12:06,30,51.027,-10.381,51.052,-10.345,VIIjDeep,119,23.6,3.8,2.024710372,3.756419984,0.447013978,Y,22.12214112,485,NA,4.27,6.61,11,"Nil
",NA,03:20.3
5185,IGFS2024,FG129,101010101,161,160,141,1,Groundgear_A,Long,31D9,V,11/12/2024 13:43,30,51.091,-10.501,51.122,-10.53,VIIjDeep,121.1,23.6,3.8,2.157292178,4.002397361,0.48469032,Y,22.53376688,499,NA,3.88,6.05,6,"Nil
",NA,03:20.3
5186,IGFS2024,FG203,101010101,169,167,142,1,Groundgear_A,Long,31D9,V,11/12/2024 15:42,30,51.226,-10.743,51.258,-10.723,VIIjDeep,122.6,23.8,3.6,2.061268743,3.824246276,0.468852593,Y,22.82853686,527,NA,1.58,3.6,6,"Nil
",NA,03:20.3
5187,IGFS2024,FG209,101010101,188,191,143,1,Groundgear_A,Long,31D8,V,12/12/2024 7:46,30,51.242,-11.091,51.22,-11.131,VIIjDeep,125.7,24.1,3.6,2.002053489,3.714384952,0.466898188,Y,23.43976911,567,NA,3.72,5.66,6,"Nil
",NA,03:20.3
5188,IGFS2024,FG126,101010101,327,302,144,1,Groundgear_A,Long,31D8,V,12/12/2024 10:21,20,51.369,-11.464,51.39,-11.461,VIIjSlope,139.5,25.9,3.4,1.264323747,2.345684132,0.327222936,Y,26.19679722,937,NA,3.42,5.33,7,"Nil
",hauled early bumpy ground,03:20.3
5189,IGFS2024,FG28,101010101,238,238,145,1,Groundgear_A,Long,32D8,V,12/12/2024 12:22,30,51.593,-11.382,51.626,-11.393,VIIjSlope,131.6,25,3.9,2.021152727,3.74981953,0.49347625,Y,24.61102211,704,NA,3.85,4.12,4,"Nil
",NA,03:20.3
5190,IGFS2024,FG72,101010101,414,436,146,1,Groundgear_A,Long,32D8,V,12/12/2024 14:56,17,51.73,-11.671,51.713,-11.659,VIIjSlope,147,25.5,3.2,1.113167699,2.065246195,0.303591191,Y,27.72251102,1196,NA,4.38,8.07,7,Door spread settings had been changed which lead to high door spread for given depth and warp. door spread was >145 but median was recored as 135.6,NA,03:20.3
5191,IGFS2024,FG72,101010101,423,436,147,1,Groundgear_A,Long,32D8,V,12/12/2024 16:25,20,51.73,-11.672,51.71,-11.657,VIIjSlope,138.7,25.6,3.4,1.323154886,2.454832812,0.340485311,Y,26.03525147,1210,NA,4.85,5.83,7,"Nil
",re shot after reverted back to original door settings,03:20.3
5192,IGFS2024,FG1,101010101,156,156,148,1,Groundgear_A,Long,33D8,V,13/12/2024 7:55,30,52.206,-11.364,52.175,-11.345,VIIjDeep,118.8,23.3,4,1.986756898,3.686005376,0.437897439,Y,22.08300167,480,NA,5.23,9.86,4,"Nil
","shoot @7.38, Net changed for this tow ",03:20.3
5193,IGFS2024,39,101010101,154,151,149,1,Groundgear_A,Long,33D8,V,13/12/2024 9:43,30,52.06,-11.202,52.044,-11.152,VIIjDeep,123.4,23.8,4.3,2.082926432,3.864427518,0.476870356,Y,22.98600834,486,NA,6.97,8.98,3,"Nil
",NA,03:20.3
5194,IGFS2024,FG67,101010101,161,161,150,1,Groundgear_A,Long,32D8,V,13/12/2024 11:47,30,51.871,-11.055,51.847,-11.019,VIIjDeep,120.7,23.5,3.8,1.964358716,3.644450308,0.439885152,Y,22.45526808,513,NA,6.74,10.42,2,"Nil
",NA,03:20.3
5195,IGFS2024,FG68,101010101,123,130,151,1,Groundgear_A,Long,32D9,V,13/12/2024 13:42,30,51.852,-10.764,51.819,-10.763,VIIjDeep,113.6,22.6,4.1,1.979405543,3.672366498,0.417180834,Y,21.06910388,415,NA,6.68,10.34,3,"Nil
",NA,03:20.3
5196,IGFS2024,42,101010101,160,157,152,1,Groundgear_A,Long,32D9,V,13/12/2024 15:34,30,51.658,-10.832,51.629,-10.802,VIIjDeep,121.9,23.8,3.7,2.068188148,3.837083762,0.467740511,Y,22.69089865,499,NA,7.05,11.71,2,"Nil
",NA,03:20.3
5197,IGFS2024,43,101010101,89,93,153,1,Groundgear_A,Long,32D9,V,14/12/2024 8:02,30,51.685,-10.449,51.668,-10.496,VIIjMedium,108,22,4.1,2.027319504,3.761260676,0.406216153,Y,19.98487997,325,NA,5.35,7.16,8,"Nil
",NA,03:20.3
5198,IGFS2024,41,101010101,164,150,154,1,Groundgear_A,Long,31D9,V,14/12/2024 10:27,30,51.431,-10.622,51.424,-10.57,VIIjDeep,119.2,23.4,3.8,1.994049225,3.69953474,0.440984541,Y,22.16129143,486,NA,4.64,7.38,7,"Nil
",NA,03:20.3
5199,IGFS2024,FG128,101010101,139,136,155,1,Groundgear_A,Long,31D9,V,14/12/2024 12:12,30,51.325,-10.384,51.307,-10.34,VIIjDeep,116.8,23.1,4,1.974603371,3.663457089,0.427891788,Y,21.69219922,464,NA,6.02,7.99,7,"Nil
",NA,03:20.3
5200,IGFS2024,FG33,101010101,75,72,156,1,Groundgear_A,Short,32D9,V,14/12/2024 14:32,30,51.486,-10.084,51.508,-10.042,VIIjCoast,85.5,22.6,4.1,2.052322947,3.807649252,0.325554011,Y,24.52237355,298,NA,2.81,9.95,8,"Nil
",NA,03:20.3
5201,IGFS2024,FG204,101010101,60,55,157,1,Groundgear_A,Short,3.20E+01,V,14/12/2024 16:10,20,51.599,-9.833,51.612,-9.803,VIIjCoast,80.4,21.8,3.9,1.364826844,2.532146279,0.203584561,Y,22.97262379,246,NA,1.23,3.23,6,"Nil
",NA,03:20.3
5202,IGFS2024,FG9,101010101,47,52,158,1,Groundgear_A,Long,3.10E+01,V,15/12/2024 8:07,30,51.461,-9.625,51.449,-9.675,VIIjCoast,81.1,21.8,4.2,2.006728182,3.723057852,0.301939992,Y,23.18425537,233,NA,3.1,1.6,10,"Nil
",NA,03:20.3
5203,IGFS2024,FG10,101010101,104,109,159,1,Groundgear_A,Long,3.10E+01,V,15/12/2024 10:11,30,51.258,-9.791,51.234,-9.826,VIIjMedium,113.1,22.7,3.9,1.950997494,3.619661399,0.409383704,Y,20.97198276,378,NA,4.21,6,9,"Nil
",NA,03:20.3
5204,IGFS2024,FG199,101010101,108,119,160,1,Groundgear_A,Long,3.10E+01,V,15/12/2024 13:21,30,51.262,-9.235,51.293,-9.219,VIIjMedium,119.4,24.1,3.7,1.953910611,3.62506607,0.432832889,Y,22.20045264,402,NA,3.12,7.39,11,"Nil
",NA,03:20.3
5205,IGFS2024,FG182,101010101,72,62,161,1,Groundgear_A,Short,3.10E+02,V,15/12/2024 15:48,30,51.495,-8.894,51.522,-8.865,VIIgCoast,91.4,23.9,3.8,1.949183209,3.616295379,0.330529398,Y,26.33951232,298,NA,2.95,2.65,10,"Nil
",NA,03:20.3
5206,IGFS2024,FG178,101010101,80,80,162,1,Groundgear_A,Short,3.20E+03,V,16/12/2024 8:03,30,51.59,-7.456,51.585,-7.509,VIIgCoast,87.9,23,4,2.002482361,3.715180632,0.326564378,Y,25.25825389,311,NA,4.22,2.4,11,"Nil
",NA,03:20.3
5207,IGFS2024,FG18,101010101,83,84,163,1,Groundgear_A,Long,3.20E+03,V,16/12/2024 10:05,30,51.63,-7.807,51.617,-7.856,VIIgMedium,108.4,22.2,3.8,1.988249419,3.688774432,0.399863148,Y,20.06207237,324,NA,3.3,1.87,11,"Nil
","few stones in bag, hard ground",03:20.3
